code_station,libelle_station,libelle_cours_eau,libelle_commune,code_departement,latitude,longitude,module_m3s,q25_m3s,qmna5_m3s,nb_annees
U343432001,Le Solnan à Verjon [Village],Le Solnan,VERJON,01,46.344858,5.349974,0.727,0.138,0.059,38
U343434001,Le Solnan à Domsure,Le Solnan,DOMSURE,01,46.4374,5.27682,2.3672,0.33,0.133,29
U344502001,Le Sevron à Bény,Le Sevron,BENY,01,46.315599,5.28076,0.8967,0.105,0.029,42
U400000101,La Reyssouze [Source] à Journans,La Reyssouze,JOURNANS,01,46.143007,5.330754,0.0427,0.01,0.005,10
U401401001,La Reyssouze à Montagnat,La Reyssouze,MONTAGNAT,01,46.171512,5.289965,0.5154,0.113,0.042,56
U401402001,La Reyssouze à Bourg-en-Bresse [Majornas],La Reyssouze,BOURG-EN-BRESSE,01,46.227059,5.222299,1.2457,0.384,0.185,42
U401402101,La Reyssouze à Bourg-en-Bresse [Baudières],La Reyssouze,BOURG-EN-BRESSE,01,46.202958,5.233608,0.4231,0.274,,2
U402000101,Le Jugnon à Viriat [Bretonière],Le Jugnon,VIRIAT,01,46.248465,5.230266,0.2815,0.113,,3
U403000201,La Reyssouze à Montrevel-en-Bresse [TEST INTEGRATION AQUASYS],,MONTREVEL-EN-BRESSE,01,46.336996,5.129952,,,,
U403000301,La Reyssouze à Cras-sur-Reyssouze [Digue des Puthods],La Reyssouze,CRAS-SUR-REYSSOUZE,01,46.302154,5.168896,,,,
U405401001,La Reyssouze à Saint-Julien-sur-Reyssouze,La Reyssouze,SAINT-JULIEN-SUR-REYSSOUZE,01,46.400607,5.108671,,,,
U405401201,La Reyssouze à Pont-de-Vaux [Blancherie],La Reyssouze,PONT-DE-VAUX,01,46.431019,4.936431,,,,
U420401001,La Veyle à Lent,La Veyle,LENT,01,46.119578,5.19875,0.3854,0.131,0.072,52
U421601001,Le Vieux Jonc à Buellas [Corgenon],Le Vieux Jonc,BUELLAS,01,46.192825,5.141201,0.9003,0.147,0.054,53
U423402001,La Veyle à Biziat [gourt des parties] - Aval,La Veyle,BIZIAT,01,46.237236,4.950841,4.4217,1.643,0.92,20
U423501001,Le Renon à Neuville-les-Dames,Le Renon,NEUVILLE-LES-DAMES,01,46.157087,4.996908,0.7579,0.13,0.027,56
U440501001,La Chalaronne à Villars-les-Dombes,La Chalaronne,VILLARS-LES-DOMBES,01,45.998314,5.028447,0.4346,0.029,0.003,50
U440502001,La Chalaronne à Châtillon-sur-Chalaronne,La Chalaronne,CHATILLON-SUR-CHALARONNE,01,46.117265,4.957534,0.9484,0.14,0.043,41
U470001001,La Saône à Trévoux,La Saône,TREVOUX,01,45.939989,4.77317,,,,
V041501001,L'Allondon à Saint-Genis-Pouilly,L'Allondon,SAINT-GENIS-POUILLY,01,46.239256,6.014198,0.8291,0.148,0.035,33
V041504001,L'Allondon à Échenevex [Naz-Dessous],L'Allondon,ECHENEVEX,01,46.298583,6.028608,0.471,0.064,0.004,32
V100001001,Le Rhône à Pougny - CNR,Le Rhône,POUGNY,01,46.143957,5.963664,334.3736,204.0,150.302,98
V100001002,Le Rhône à Pougny - DREAL Rhône Alpes,Le Rhône,POUGNY,01,46.137641,5.964334,368.07,248.328,206.723,7
V101501001,La Valserine à Lélex [Niaizet],La Valserine,LELEX,01,46.282475,5.921921,2.2371,0.58,0.184,59
V101503001,La Valserine à Chézery-Forens [Chézery],La Valserine,CHEZERY-FORENS,01,46.221759,5.865713,4.6059,1.57,0.857,63
V101503003,La Valserine à Chézery-Forens [Chézery] - Station vitesse,La Valserine,CHEZERY-FORENS,01,46.219896,5.864814,,,,
V101581001,La Semine à Châtillon-en-Michaille [Coz],La Semine,CHATILLON-EN-MICHAILLE,01,46.149839,5.800455,9.252,2.1,1.145,56
V101582001,La Semine à Saint-Germain-de-Joux [Les Marionnettes],La Semine,SAINT-GERMAIN-DE-JOUX,01,46.182484,5.738728,3.0789,0.507,0.211,25
V101582501,La Valserine à Lancrans [Le Viret],La Valserine,LANCRANS,01,46.125025,5.821516,15.3044,4.052,1.98,24
V101582601,La Valserine à Lancrans - Station partenaire CNR,La Valserine,LANCRANS,01,46.132652,5.817333,23.7427,6.757,,
V102002001,Le Rhône à Surjoux,Le Rhône,SURJOUX,01,46.021,5.810167,368.7264,239.671,169.504,26
V102002002,Le Rhône à Surjoux - Bognes CNR,Le Rhône,SURJOUX,01,46.039358,5.807816,357.8739,218.0,158.592,103
V113000101,Le Rhône à Corbonod - CNR,Le Rhône,CORBONOD,01,45.967932,5.832381,,,,
V113000102,Le Rhône à Corbonod - DREAL,Le Rhône,CORBONOD,01,45.967932,5.832381,350.7353,249.778,,
V126402401,Le Rhône à Anglefort [Entrant Chautagne],Le Rhône,ANGLEFORT,01,45.934449,5.82548,399.7107,278.74,,3
V141401001,Le Séran à Belmont-Luthézieu [Bavosière],Le Séran,BELMONT-LUTHEZIEU,01,45.881627,5.672565,1.3138,0.076,0.0,59
V142501001,Le Groin à Artemare [Cerveyrieu],Le Groin,ARTEMARE,01,45.874843,5.685831,3.2626,0.161,0.024,57
V143000301,Le Séran à Ceyzérieu,Le Séran,CEYZERIEU,01,45.833132,5.747024,,,,
V143000401,Le ruisseau de Farillieu à Magnieu,Ruisseau de Farillieu,MAGNIEU,01,45.782397,5.742431,,,,
V143000501,Le Séran à Talissieu,Le Séran,TALISSIEU,01,45.855468,5.720895,,,,
V144002001,La dérivation de Belley à Brens - CNR,Dérivation de Belley,BRENS,01,45.71059,5.699357,421.5579,262.98,187.161,39
V144002002,La dérivation de Belley à Brens - DREAL,Dérivation de Belley,BRENS,01,45.710534,5.699445,913.973,722.305,,
V144621301,[L'Ousson] à Belley,,BELLEY,01,45.760067,5.704679,,,,
V145431002,Le Furans à Pugieu [Pont du Martinet],Le Furans,PUGIEU,01,45.820879,5.642407,1.622,0.354,0.19,41
V145431201,L'Arène à Chazey-Bons,L'Arène,CHAZEY-BONS,01,45.820621,5.654503,,,,
V145431301,Le Furans à Rossillon,Le Furans,ROSSILLON,01,45.842033,5.571947,,,,
V145431401,Le Furans à Rossillon,Le Furans,ROSSILLON,01,45.835762,5.583909,,,,
V145431501,[Source des Hotteaux] à Rossillon,,ROSSILLON,01,45.838228,5.583421,,,,
V145431601,[Source des Hotteaux] à Rossillon,,ROSSILLON,01,45.838069,5.583778,,,,
V145431701,[Source des Hotteaux] à Rossillon,,ROSSILLON,01,45.838434,5.583748,,,,
V145431801,Le ruisseau Pointay à Rossillon,Ruisseau Pointay,ROSSILLON,01,45.83707,5.585746,,,,
V146431001,Le Furans à Arbignieu [Pont de Peyzieu],Le Furans,ARBOYS EN BUGEY,01,45.716621,5.665901,3.7484,1.147,0.661,45
V146431101,Le Furans à Chazey-Bons,Le Furans,CHAZEY-BONS,01,45.786319,5.675904,,,,
V161000401,Le Gland à Prémeyzel,Le Gland,PREMEYZEL,01,45.6697,5.62756,,,,
V163002001,Le Rhône à Lagnieu - Station partenaire CNR,Le Rhône,LAGNIEU,01,45.88138,5.340435,460.834,292.455,198.257,36
V163002002,Le Rhône à Lagnieu - DREAL Rhone-Alpes,Le Rhône,LAGNIEU,01,45.880888,5.340233,475.6237,299.015,271.252,5
V244403201,[La Source Bleue] à Dortan,,DORTAN,01,46.310056,5.662501,1.2265,0.488,0.381,21
V251501002,L'Oignin à Maillat [Pontet],L'Oignin,MAILLAT,01,46.134208,5.53903,2.8542,0.554,0.192,36
V271201001,L'Ain à Pont-d'Ain,L'Ain,PONT-D'AIN,01,46.047408,5.336198,102.3301,32.746,14.888,66
V281403001,Le Suran à Pont-d'Ain,Le Suran,PONT-D'AIN,01,46.064674,5.331275,6.2472,0.692,0.092,44
V281404001,Le Suran à Germagnat [Lasserra],Le Suran,GERMAGNAT,01,46.304603,5.443956,3.8096,0.498,0.178,18
V281404003,Le Suran à Germagnat [Lasserra] - Germagnat Intermédiaire,Le Suran,GERMAGNAT,01,46.304539,5.445307,4.0031,0.614,,3
V292401001,L'Albarine à Saint-Rambert-en-Bugey,L'Albarine,SAINT-RAMBERT-EN-BUGEY,01,45.94802,5.43934,6.182,1.331,0.335,55
V293401001,L'Albarine à Saint-Denis-en-Bugey [Pont Saint Denis],L'Albarine,SAINT-DENIS-EN-BUGEY,01,45.954757,5.33171,6.5256,0.0,0.0,66
V294201001,L'Ain à Chazey-sur-Ain,L'Ain,CHAZEY-SUR-AIN,01,45.906423,5.233492,119.3021,39.985,17.466,66
V294521001,La Toison à Rignieux-le-Franc,La Toison,RIGNIEUX-LE-FRANC,01,45.939355,5.196009,0.3574,0.116,0.055,19
V300561001,La Sereine à Montluel,La Sereine,MONTLUEL,01,45.853262,5.057738,0.5138,0.278,0.213,43
F619000101,Le Surmelin à Saint-Eugène,Le Surmelin,SAINT-EUGENE,02,49.025074,3.531462,2.5741,1.07,0.673,57
F620000201,La Marne à Château-Thierry,La Marne,CHATEAU-THIERRY,02,49.044438,3.403097,,,,
F620000301,La Marne à Azy-sur-Marne - Barrage (amont) [VNF],La Marne,AZY-SUR-MARNE,02,49.001675,3.376504,,,,
F620000302,La Marne à Azy-sur-Marne - Barrage (aval) [VNF],La Marne,AZY-SUR-MARNE,02,49.001161,3.375785,,,,
H001000301,Le Petit Gland à Any-Martin-Rieux - Hauteur du petit Gland,Le Petit Gland,ANY-MARTIN-RIEUX,02,4.193566,49.876328,,,,
H002001101,L'Oise à Étréaupont - Hauteur de l'Oise a Etréaupont,L'Oise,ETREAUPONT,02,3.913736,49.904859,,,,
H003000201,Le Ton à Étréaupont - hauteur du Ton à Etréaupont,Le Ton,ETREAUPONT,02,3.913992,49.901773,,,,
H004000101,L'Oise à Guise - hauteur de l'Oise a Guise,L'Oise,GUISE,02,3.630458,49.897672,,,,
H004000201,L'Oise à Proisy - barrage de Proisy,L'Oise,PROISY,02,3.742611,49.902063,,,,
H005000101,Le Noirrieu à la Neuville-lès-Dorengt,Le Noirrieu,NEUVILLE-LES-DORENGT,02,49.977976,3.673103,0.3269,0.055,0.029,11
H010002201,La Serre à Chaourse - hauteur de la Serre,La Serre,CHAOURSE,02,3.996231,49.703997,,,,
H010002301,La Serre à Montigny-sous-Marle - Barrage de Montigny sous Marle,La Serre,MONTIGNY-SOUS-MARLE,02,3.790256,49.742381,,,,
H011001201,Le Vilpion à Thiernu,Le Vilpion,THIERNU,02,49.760555,3.791216,1.6048,0.875,,3
H012000201,La Brune à Hary - Hauteur de la Brune,Rivière Brune,HARY,02,3.934664,49.786831,,,,
H013000101,Le Vilpion à Marle - Hauteur du Vilpion,Le Vilpion,MARLE,02,3.76479,49.742318,,,,
H143000201,Le ruisseau de Fayau à Aizelles - Hauteur du Fayau dans le camping du moulin,Ruisseau de Fayau,AIZELLES,02,3.808871,49.490133,,,,
H162000201,L'Aisne à Fontenoy - Barrage (amont),L'Aisne,FONTENOY,02,49.399401,3.206099,57.047,14.355,9.392,6
H162000202,L'Aisne à Fontenoy - Barrage (aval),L'Aisne,FONTENOY,02,49.399463,3.20548,,,,
H162000301,L'Aisne à Cuffies [Vauxrot] - Barrage (amont),L'Aisne,CUFFIES,02,49.395718,3.329179,62.7374,21.997,8.45,6
H162000302,L'Aisne à Cuffies [Vauxrot] - Barrage (aval),L'Aisne,CUFFIES,02,49.395796,3.32856,,,,
H166000201,L'Aisne à Vic-sur-Aisne - Barrage (amont),L'Aisne,VIC-SUR-AISNE,02,49.402004,3.111388,64.7459,22.842,11.27,6
H166000202,L'Aisne à Vic-sur-Aisne - Barrage (aval),L'Aisne,VIC-SUR-AISNE,02,49.401885,3.111266,,,,
H552201001,L'Ourcq à Chouy,L'Ourcq,CHOUY,02,49.194287,3.249307,2.0007,1.055,0.736,35
H631302001,La Suippe à Orainville,La Suippe,ORAINVILLE,02,49.383821,4.023254,4.196,1.849,0.561,57
H632101101,L'Aisne [partielle] à Berry-au-Bac,L'Aisne,BERRY-AU-BAC,02,49.401051,3.900403,34.6854,3.555,0.957,41
H632101203,La rigole d'alimentation de Berry-au-Bac à Berry-au-Bac - Débitmètre,Rigole d'Alimentation de Berry-au-Bac,BERRY-AU-BAC,02,49.398406,3.89866,11.8479,0.899,0.213,12
H632101204,La rigole d'alimentation de Berry-au-Bac à Berry-au-Bac - secours CT,Rigole d'Alimentation de Berry-au-Bac,BERRY-AU-BAC,02,49.398406,3.89866,22.438,21.512,,
H643201001,La Vesle à Braine,La Vesle,BRAINE,02,49.337095,3.527082,7.5172,3.932,2.137,41
H650102001,L'Aisne à Soissons - Le mail (station US),L'Aisne,SOISSONS,02,49.387004,3.329728,60.3295,23.382,11.55,24
H650102002,L'Aisne à Soissons - La passerelle des Anglais (mire historique),L'Aisne,SOISSONS,02,49.381624,3.331268,,155.733,,
H651301001,La Crise à Soissons,La Crise,SOISSONS,02,49.363888,3.323401,0.6781,0.466,0.271,34
H652353201,Le ru de Retz à Ambleny [Pont Cheminet],Ru de Retz,AMBLENY,02,49.380066,3.188693,0.4393,0.335,0.242,28
H702101001,L'Oise à Hirson - mire historique,L'Oise,HIRSON,02,49.924162,4.078276,4.9611,1.01,0.364,56
H702101002,L'Oise à Hirson - déversoir,L'Oise,HIRSON,02,49.924268,4.078368,,,,
H703301001,Le Ton à Origny-en-Thiérache,Le Ton,ORIGNY-EN-THIERACHE,02,49.895811,4.014789,3.6937,1.549,0.938,58
H704102501,L'Oise à Flavigny-le-Grand-et-Beaurain,L'Oise,FLAVIGNY-LE-GRAND-ET-BEAURAIN,02,49.894436,3.665189,11.3275,3.19,2.156,18
H705311001,Le Morteau au Nouvion-en-Thiérache [Moulin Lointain],Le Morteau,NOUVION-EN-THIERACHE,02,50.009395,3.751619,0.2851,0.072,0.039,35
H705343001,L'Iron à Iron,l'Iron,IRON,02,49.957416,3.65912,0.5013,0.117,0.083,11
H706101001,L'Oise à Origny-Sainte-Benoite,L'Oise,ORIGNY-SAINTE-BENOITE,02,49.839593,3.4818,12.3766,3.88,1.778,41
H706101002,L'Oise à Origny-Sainte-Benoite - + rigole,L'Oise,ORIGNY-SAINTE-BENOITE,02,49.839593,3.4818,14.8375,4.432,1.848,18
H710202001,La Serre à Montcornet,La Serre,MONTCORNET,02,49.698327,4.014893,1.4043,0.353,0.142,26
H714201001,La Serre à Mortiers,La Serre,MORTIERS,02,49.684547,3.666939,7.7012,3.967,2.215,53
H715301202,La Souche à Froidmont-Cohartille [RN2] - débitmétrique - Fermée,La Souche,FROIDMONT-COHARTILLE,02,49.68991,3.710233,2.7661,1.212,,1
H715301204,La Souche à Froidmont-Cohartille [RN2],La Souche,FROIDMONT-COHARTILLE,02,49.689948,3.710258,2.5406,1.351,,2
H716201001,La Serre à Pont-à-Bucy,La Serre,PONT-A-BUCY,02,49.69226,3.483905,13.1672,7.183,4.373,72
H720101001,L'Oise à Condren,L'Oise,CONDREN,02,49.625003,3.280963,33.2249,14.948,9.964,42
H730202001,L'Ailette à Chavignon,L'Ailette,CHAVIGNON,02,49.481367,3.543677,0.3727,0.101,0.046,51
K141401001,La Vouzance à Saint-Léger-sur-Vouzance,la Vouzance,SAINT-LEGER-SUR-VOUZANCE,03,46.415465,3.940307,0.8217,0.119,0.025,25
K150000301,La Besbre à la Chabanne [Le Chambon],la Besbre,CHABANNE,03,46.036416,3.734401,,,,
K151000101,La Besbre à Châtel-Montagne [EDF],la Besbre,CHATEL-MONTAGNE,03,46.086431,3.687845,2.5882,0.819,0.211,71
K152401001,Le Barbenan au Breuil,le Barbenan,BREUIL,03,46.193994,3.687728,1.8469,0.504,0.099,56
K153301001,La Besbre à Saint-Prix,la Besbre,SAINT-PRIX,03,46.226785,3.645737,6.0363,1.556,0.398,55
K154000301,La Têche à Varennes-sur-Tèche,la Têche,VARENNES-SUR-TECHE,03,46.328878,3.614341,0.3814,0.071,0.004,5
K156302001,La Besbre à Saint-Pourçain-sur-Besbre,la Besbre,SAINT-POURCAIN-SUR-BESBRE,03,46.476805,3.654197,7.782,2.148,0.552,24
K303081001,L'Allier à Saint-Yorre,l'Allier,SAINT-YORRE,03,46.062038,3.459087,92.2374,33.243,17.258,58
K305310001,Le Sichon à Ferrières-sur-Sichon,le Sichon,FERRIERES-SUR-SICHON,03,46.023904,3.646212,0.562,0.176,0.053,31
K308000101,Le Sichon à Cusset [Allée Mesdames],le Sichon,CUSSET,03,46.134678,3.443402,3.0243,1.286,,1
K312000101,Le Mourgon à Saint-Germain-des-Fossés - Passerelle,le Mourgon,SAINT-GERMAIN-DES-FOSSES,03,46.204966,3.432972,,,,
K313000301,Le Valençon à Varennes-sur-Allier [Le Moulin Vaque],le Valençon,VARENNES-SUR-ALLIER,03,46.310718,3.421438,,,,
K315301001,L'Andelot à Loriges,,LORIGES,03,46.271255,3.338925,0.92,0.339,0.151,55
K332201001,La Sioule à Ébreuil,la Sioule,EBREUIL,03,46.116305,3.094394,19.3547,5.12,3.026,47
K333000101,La Bouble à Louroux-de-Bouble,la Bouble,LOUROUX-DE-BOUBLE,03,46.232672,2.962941,1.0535,0.197,0.028,5
K333000103,La Bouble à Louroux-de-Bouble - A supprimer,la Bouble,LOUROUX-DE-BOUBLE,03,46.232672,2.962941,,,,
K337301001,La Bouble à Chareil-Cintrat,la Bouble,CHAREIL-CINTRAT,03,46.263186,3.226816,3.6908,0.51,0.087,46
K338201001,La Sioule à Saint-Pourçain-sur-Sioule,la Sioule,SAINT-POURCAIN-SUR-SIOULE,03,46.309256,3.296513,24.206,6.324,3.157,55
K340081001,L'Allier à Châtel-de-Neuvre,l'Allier,CHATEL-DE-NEUVRE,03,46.402194,3.316919,112.5505,41.973,24.003,37
K345081001,L'Allier à Moulins,l'Allier,MOULINS,03,46.561117,3.325951,130.2678,47.669,24.819,54
K346401001,La Queune à Neuvy,la Queune,NEUVY,03,46.578792,3.289676,0.5941,0.083,0.027,26
K360301002,La Bieudre à Pouzy-Mésangy - RD 234 - Nouvelle échelle,la Bieudre,POUZY-MESANGY,03,46.711376,3.00949,0.5984,0.035,0.008,9
K520090010,Le Cher à Teillet-Argenty - Barrage de Rochebut,le Cher,TEILLET-ARGENTY,03,46.2426,2.535712,2.2985,0.0,0.0,9
K520090201,Le Cher à Teillet-Argenty [EDF - QNR],le Cher,TEILLET-ARGENTY,03,46.241488,2.534815,14.7448,2.02,0.352,72
K522090003,Le Cher à Montluçon,le Cher,MONTLUCON,03,46.344995,2.602483,13.7288,1.368,0.955,18
K523401001,La Magieure à Vaux,la Magieure,VAUX,03,46.417444,2.576397,0.8984,0.046,0.005,26
K533311001,Le Bandais à Vieure,le Bandais,VIEURE,03,46.508051,2.901755,0.7581,0.029,0.008,28
K534321001,L'Oeil à Malicorne - Beaufrancon,l'il,MALICORNE,03,46.31308,2.754888,1.0022,0.161,0.061,52
K536322001,L'Oeil à Cosne-d'Allier,l'il,COSNE-D'ALLIER,03,46.474315,2.827672,2.0908,0.262,0.053,17
K538302001,L'Aumance à Hérisson,l'Aumance,HERISSON,03,46.507807,2.713049,5.4163,0.677,0.116,28
X041541001,Le Riou Mounal à Saint-Paul-sur-Ubaye [Col de Vars],Riou Mounal,SAINT-PAUL-SUR-UBAYE,04,44.531734,6.700853,0.1306,0.035,0.009,33
X043401001,L'Ubaye à Barcelonnette [Abattoir],L'Ubaye,BARCELONNETTE,04,44.384303,6.65169,10.4927,3.5,1.926,113
X045401001,L'Ubaye au Lauzet-Ubaye [Roche-Rousse],L'Ubaye,LAUZET-UBAYE,04,44.449458,6.399014,20.2218,7.57,4.481,65
X045401002,L'Ubaye au Lauzet-Ubaye [Roche-Rousse] - EDF,L'Ubaye,LAUZET-UBAYE,04,44.449458,6.399014,19.3753,9.166,,
X045631001,L'Ubaye au Lauzet-Ubaye [tunnel],L'Ubaye,LAUZET-UBAYE,04,44.437225,6.423163,0.0442,0.037,0.033,23
X071000401,Le torrent Sasse à Valernes [Pont de Valernes] - Pont de Valernes,Torrent Sasse,VALERNES,04,44.25753,5.96566,1.1607,0.487,,
X071000501,Le torrent Sasse à Clamensane - Stèle,Torrent Sasse,CLAMENSANE,04,44.318408,6.102131,,,,
X071000601,Le torrent Sasse à Clamensane [Amont Reynier] - Pont de Reynier,Torrent Sasse,CLAMENSANE,04,44.319311,6.107594,,,,
X072000201,Le torrent Sasse à Valernes [La Barque],Torrent Sasse,VALERNES,04,44.249742,5.923874,1.2925,0.381,,
X110000301,Le Jabron à Sisteron,Le Jabron,SISTERON,04,44.161752,5.945096,1.3773,0.186,,2
X110000501,Le Jabron à Saint-Vincent-sur-Jabron [EDF Piedguichard],Le Jabron,SAINT-VINCENT-SUR-JABRON,04,44.164689,5.777428,,,,
X111501001,La Durance à Salignac [Usine EDF],La Durance,SALIGNAC,04,44.13726,5.977233,19.9438,8.442,3.407,13
X112000301,Le Vanson à Volonne,Le Vanson,VOLONNE,04,44.138483,6.002986,0.2935,0.117,,
X112000501,Le Vanson à Sourribes [Pont de Sourribes] - Pont de Sourribes,Le Vanson,SOURRIBES,04,44.14721,6.015494,0.4675,0.131,,
X113000101,La Durance à Oraison [Escale - EDF QNR],La Durance,ORAISON,04,44.086466,6.012549,114.0165,50.0,31.572,51
X122501001,Le Bès à la Javie [Esclangon-Péroure],Le Bès,JAVIE,04,44.217343,6.275708,2.8281,0.982,0.539,56
X123000101,La Bléone à Digne-les-Bains,La Bléone,DIGNE-LES-BAINS,04,44.089464,6.229409,4.9919,1.626,,2
X123000102,La Bléone à Digne-les-Bains,La Bléone,DIGNE-LES-BAINS,04,44.089347,6.229116,,,,
X123000201,La Bléone à Digne-les-Bains [Amont ville] - Pont des Arches,La Bléone,DIGNE-LES-BAINS,04,44.110377,6.233072,,,,
X123000301,Le Mardaric à Digne-les-Bains,Le Mardaric,DIGNE-LES-BAINS,04,44.096843,6.243617,,,,
X123000401,Le torrent des Eaux Chaudes à Digne-les-Bains,Torrent des Eaux Chaudes,DIGNE-LES-BAINS,04,44.090385,6.234249,,,,
X125000201,La Bléone à Malijai,La Bléone,MALIJAI,04,44.043675,6.030404,12.1033,2.471,,3
X133501001,Le Lauzon à Villeneuve,Le Lauzon,VILLENEUVE,04,43.911696,5.886186,0.9204,0.177,0.078,51
X142000101,L'Asse à Beynes [EDF - Clue de Chabrières],L'Asse,BEYNES,04,44.013884,6.25297,4.5194,1.016,0.351,69
X144000401,L'Asse à Oraison [Pont d'Oraison] - Pont d'Oraison,L'Asse,ORAISON,04,43.879108,5.909513,1.2111,0.315,,
X152000101,Le Largue à Villeneuve - Notre-Dame de la roche,Le Largue,VILLENEUVE,04,43.897033,5.837511,0.1481,0.053,,1
X152000102,Le Largue à Saint-Maime - Station SPCGD (Pont RD 13),Le Largue,SAINT-MAIME,04,43.898554,5.804098,2.2517,0.125,,1
X200064003,Le Verdon à Colmars [EDF],Le Verdon,COLMARS,04,44.182666,6.626704,,,,
X203201001,Le Verdon à la Mure-Argens [EDF - camping],Le Verdon,MURE-ARGENS,04,44.006038,6.5592,,,,
X203521001,L'Ivoire à Allons,L'Ivoire,ALLONS,04,44.008479,6.562549,0.6436,0.135,0.059,20
X211401001,L'Issole à Saint-André-les-Alpes [Mourefrey] - DREAL,L'Issole,SAINT-ANDRE-LES-ALPES,04,43.994716,6.502636,2.3929,0.846,0.399,57
X211401002,L'Issole à Saint-André-les-Alpes [Mourefrey] - EDF,L'Issole,SAINT-ANDRE-LES-ALPES,04,43.994734,6.502612,,,,
X220202201,Le Verdon à Demandolx [Castillon EDF - QNR],Le Verdon,DEMANDOLX,04,43.87864,6.537495,12.8204,3.995,1.892,76
X231501001,Le Bau à Rougon [Pont de la D 952],Le Bau,ROUGON,04,43.79214,6.378015,0.3574,0.087,0.017,23
X341401001,Le Coulon à Oppedette,Le Coulon,OPPEDETTE,04,43.918774,5.584492,0.1819,0.0,,
Y600203501,Le Var à Saint-Benoît [Amont confluence Coulomp],Le Var,SAINT-BENOIT,04,43.971251,6.759616,,,,
Y603561001,La Vaïre à Annot [Pont des Scaffarels],La Vaïre,ANNOT,04,43.955528,6.686496,,,,
Y604201001,Le Var à Entrevaux [Pont-levis],Le Var,ENTREVAUX,04,43.94935,6.810134,15.9465,7.46,4.641,50
W200202101,Le Drac à Orcières [Les Tourengs],Le Drac,ORCIERES,05,44.681184,6.286414,2.9048,0.634,0.265,17
W201502001,Le torrent Drac de Champoléon à Champoléon [Pont de Corbière],Torrent Drac de Champoléon,CHAMPOLEON,05,44.68904,6.263859,3.4784,0.905,0.439,19
W201631001,Le torrent de Mal Cros à Champoléon,Torrent de Mal Cros,CHAMPOLEON,05,44.732732,6.199119,0.035,0.004,0.001,31
W202201001,Le Drac à Saint-Jean-Saint-Nicolas [Les Ricous],Le Drac,SAINT-JEAN-SAINT-NICOLAS,05,44.679759,6.256836,5.7366,0.594,0.185,24
W202202101,Le Drac à Saint-Jean-Saint-Nicolas [Pont du Fossé],Le Drac,SAINT-JEAN-SAINT-NICOLAS,05,44.666509,6.22821,0.859,0.69,,
W202203001,Le Drac [le Drac] à Chabottes [Pont de Chabottes],Le Drac,CHABOTTES,05,44.649681,6.173312,6.6347,1.461,0.617,15
W202581301,Le torrent d'Ancelle à Forest-Saint-Julien - Pont de frappe,Torrent d'Ancelle,FOREST-SAINT-JULIEN,05,44.638542,6.143118,0.9414,0.226,0.056,7
W203000301,Le ruisseau des Granges à Saint-Julien-en-Champsaur - Buissard,Ruisseau des Granges,SAINT-JULIEN-EN-CHAMPSAUR,05,44.65164,6.136869,0.1425,0.03,0.011,6
W221503001,La Souloise à Saint-Étienne-en-Dévoluy [2],La Souloise,DEVOLUY,05,44.692965,5.938667,0.3344,0.067,0.024,43
W221641001,La Ribière à Agnières-en-Dévoluy [La Combe],La Ribière,AGNIERES-EN-DEVOLUY,05,44.695445,5.880886,0.2307,0.051,0.03,43
X001001002,La Durance à Val-des-Prés [Les Alberts],La Durance,VAL-DES-PRES,05,44.924488,6.679419,4.9299,2.057,1.463,49
X001501002,La Guisane au Monêtier-les-Bains [Le Casset] - Pisciculture,La Guisane,MONETIER-LES-BAINS,05,44.983669,6.486531,2.918,1.161,0.732,8
X001561301,La Durance à Briançon [aval - EDF],La Durance,BRIANCON,05,44.886522,6.624926,13.7208,7.12,5.066,69
X013001001,La Durance à l'Argentière-la-Bessée,La Durance,ARGENTIERE-LA-BESSEE,05,44.776534,6.559183,26.219,11.183,7.294,56
X023000202,Le Guil à Château-Ville-Vieille [Pont de la Chapelue - EDF],Le Guil,CHATEAU-VILLE-VIEILLE,05,44.719457,6.761618,,,,
X031001001,La Durance à Embrun [La Clapière],La Durance,EMBRUN,05,44.555356,6.49801,51.4331,23.036,15.236,65
X031001002,La Durance à Embrun [La Clapière] - EDF,La Durance,EMBRUN,05,44.555356,6.49801,49.6284,25.885,,
X050551301,La Durance à Espinasses [Serre-Ponçon EDF QNR],La Durance,ESPINASSES,05,44.470913,6.272764,77.6455,34.3,21.638,76
X051591001,La Durance à Valserres [Pont de l'Archidiacre],La Durance,VALSERRES,05,44.475687,6.1117,7.4316,5.366,3.665,13
X061000201,La Durance à Monêtier-Allemont,La Durance,MONETIER-ALLEMONT,05,44.380465,5.945208,28.4554,5.82,,3
X102691001,Le torrent de Glaisette à Veynes [Route de Glaise],Torrent de Glaisette,VEYNES,05,44.543873,5.823364,0.0081,0.003,0.001,22
X103402302,Le Buëch à Serres [Village] - Centre-ville SPC,Le Buëch,SERRES,05,44.428789,5.717737,14.7142,3.573,1.318,8
X103402304,Le Buëch à Serres [Village] - Centre-Ville EDF,Le Buëch,SERRES,05,44.428835,5.717312,18.3105,5.605,,
X105000302,La Méouge à Châteauneuf-de-Chabre [Pommet - EDF],La Méouge,CHATEAUNEUF-DE-CHABRE,05,44.276386,5.795952,,,,
Y550541201,Riou de l'Argentière à Mandelieu-la-Napoule,Riou de l'Argentière,MANDELIEU-LA-NAPOULE,06,43.525093,6.920233,,,,
Y551601201,La Siagne à Escragnolles,La Siagne,ESCRAGNOLLES,06,43.723983,6.809293,,,,
Y551601202,La Siagne à Escragnolles,La Siagne,ESCRAGNOLLES,06,43.723983,6.809293,,,,
Y551601203,La Siagne à Escragnolles,La Siagne,ESCRAGNOLLES,06,43.71691,6.805577,,,,
Y553403001,"La Siagne à Pégomas - Parc ""Berges de Cabrol""",La Siagne,PEGOMAS,06,43.589432,6.927525,8.5046,1.55,0.813,54
Y553403002,La Siagne à Pégomas - Pont RD109,La Siagne,PEGOMAS,06,43.589233,6.927695,10.9741,1.447,,
Y553541001,La Mourachonne à Pégomas,La Mourachonne,PEGOMAS,06,43.593911,6.930315,0.4151,0.171,0.091,34
Y553571201,La Siagne à Mandelieu-la-Napoule [Basse Siagne],La Siagne,MANDELIEU-LA-NAPOULE,06,43.551057,6.943243,,,,
Y553571301,La Siagne à Pégomas [SMIAGE],La Siagne,PEGOMAS,06,43.589332,6.927839,,,,
Y553571401,La Grande Frayère à Cannes [Palais des victoires],La Grande Frayère,CANNES,06,43.551908,6.961941,,,,
Y553571501,La Mourachonne à Pégomas [SMIAGE],La Mourachonne,PEGOMAS,06,43.593868,6.930279,,,,
Y553571601,La Mourachonne à Mouans-Sartoux,La Mourachonne,MOUANS-SARTOUX,06,43.608351,6.939813,,,,
Y553571701,La Mourachonne à Grasse [Grand Vallon],La Mourachonne,GRASSE,06,43.653254,6.9475,,,,
Y553571801,La Grande Frayère à Cannes [Restos du Coeur],La Grande Frayère,CANNES,06,43.56,6.968208,,,,
Y553571901,La Grande Frayère à Cannes [Aéroport CM],La Grande Frayère,CANNES,06,43.548583,6.962073,,,,
Y553572001,[Vallon de Bigaud] à Mougins [Scène 55],,MOUGINS,06,43.584498,6.997912,,,,
Y553572101,[Vallon du Coudouron] à Mougins [Pont Romain],,MOUGINS,06,43.595544,6.965171,,,,
Y553572201,[Vallon de Picourenc] à Peymeinade,,PEYMEINADE,06,43.632991,6.889247,,,,
Y553572301,Le Vallon Saint Antoine à Auribeau-sur-Siagne [Valcluse],Vallon Saint Antoine,AURIBEAU-SUR-SIAGNE,06,43.614987,6.921287,,,,
Y553572401,[Béal] à Cannes [Béal Aval],,CANNES,06,43.560932,6.957349,,,,
Y553572501,Le Riou [Frayère d'Auribeau] à Auribeau-sur-Siagne [Pierranchon],Le Riou,AURIBEAU-SUR-SIAGNE,06,43.603043,6.914507,,,,
Y553572502,Le Riou [Frayère d'Auribeau] à Auribeau-sur-Siagne [Pierranchon] - DREAL PACA,Le Riou,AURIBEAU-SUR-SIAGNE,06,43.603043,6.914507,,,,
Y553572601,[Vallon des Ribes] à Grasse,,GRASSE,06,43.652148,6.906192,,,,
Y553572701,[Béal] à la Roquette-sur-Siagne [Cravesan],,ROQUETTE-SUR-SIAGNE,06,43.579006,6.948408,,,,
Y560521003,La Brague à Biot - Pont Vieux,La Brague,BIOT,06,43.623251,7.098651,0.3318,0.027,,3
Y560581201,La Brague à Valbonne [Pont Veirière],La Brague,VALBONNE,06,43.634676,7.049188,,,,
Y560581401,La Valmasque à Antibes [Chemin de la Valmasque],La Valmasque,ANTIBES,06,43.6176,7.103334,,,,
Y560581501,Le Vallon des Horts à Biot - Digue des Horts,Vallon des Horts,BIOT,06,43.620722,7.110109,,,,
Y561501001,Le Loup à Tourrettes-sur-Loup [Les Vallettes],Le Loup,TOURRETTES-SUR-LOUP,06,43.697711,7.006489,3.8193,0.827,0.363,49
Y561503001,Le Loup à Villeneuve-Loubet [Moulin du Loup],Le Loup,VILLENEUVE-LOUBET,06,43.648218,7.137355,4.4254,0.768,0.278,44
Y561621502,Le Loup à Villeneuve-Loubet [Ferrayonnes],Le Loup,VILLENEUVE-LOUBET,06,43.656396,7.129728,,,,
Y561621601,Le Loup à Roquefort-les-Pins [Pont RD 6],Le Loup,ROQUEFORT-LES-PINS,06,43.685974,7.072033,,,,
Y561621602,Le Loup à Roquefort-les-Pins [Pont RD 6],Le Loup,ROQUEFORT-LES-PINS,06,43.685974,7.072033,,,,
Y561621603,Le Loup à Roquefort-les-Pins [Pont RD 6],Le Loup,ROQUEFORT-LES-PINS,06,43.685974,7.072033,,,,
Y561621701,Le Loup à Gourdon [Pont du Loup],Le Loup,GOURDON,06,43.719808,6.992113,,,,
Y561621801,Le Loup à Villeneuve-Loubet [Pont des Bugadières],Le Loup,VILLENEUVE-LOUBET,06,43.657148,7.121202,,,,
Y561621901,Le Loup [Loup à Bramafan] à Courmes,Le Loup,COURMES,06,43.752617,6.992626,,,,
Y561622001,Le Loup à Courmes [Bramafan],Le Loup,COURMES,06,43.752605,6.992754,,,,
Y561622101,Le Loup à Cipières [Pont de Cipières],Le Loup,CIPIERES,06,43.789245,6.948937,,,,
Y561622201,Le Vallon de Mardaric à Villeneuve-Loubet,Vallon de Mardaric,VILLENEUVE-LOUBET,06,43.656613,7.093377,,,,
Y562511201,La Cagne à Cagnes-sur-Mer [Pont des Salles],La Cagne,CAGNES-SUR-MER,06,43.699997,7.142166,,,,
Y562511301,La Cagne à Saint-Jeannet,La Cagne,SAINT-JEANNET,06,43.756336,7.121731,,,,
Y562511401,La Cagne à Cagnes-sur-Mer - Cagnes Bellaud,La Cagne,CAGNES-SUR-MER,06,43.668887,7.150236,,,,
Y600203001,Le Var à Villeneuve-d'Entraunes [Pont d'Enaux],Le Var,VILLENEUVE-D'ENTRAUNES,06,44.122107,6.790539,2.8235,1.137,0.703,22
Y600203301,Le ruisseau de Sanguinière [Le ruisseau de Sanguinières] à Entraunes [Aval confluence vallon de Garets],Ruisseau de Sanguinière,ENTRAUNES,06,44.245105,6.757975,,,,
Y600203401,Le Var à Entraunes [Amont prise hydroélectrique Saint Roch],Le Var,ENTRAUNES,06,44.22238,6.749019,,,,
Y600203601,Le Var à Guillaumes [Pont de Sauze],Le Var,GUILLAUMES,06,44.093787,6.85216,,,,
Y610000201,Le Var à Puget-Théniers [Var Puget],Le Var,PUGET-THENIERS,06,43.954755,6.895767,,,,
Y612501201,Le Var à Malaussène [Pont Auguste Dubois],Le Var,MALAUSSENE,06,43.933281,7.119243,14.4484,6.874,4.708,7
Y622401001,La Tinée à Saint-Sauveur-sur-Tinée [Route Chapelle Sainte-Blaise],La Tinée,SAINT-SAUVEUR-SUR-TINEE,06,44.084478,7.105458,5.6228,2.013,1.39,16
Y622402001,"La Tinée à Massoins [Le Bancairon, usine]",La Tinée,MASSOINS,06,44.127249,7.096148,12.728,6.6,4.671,50
Y623402301,La Tinée à Tournefort [Vieux Pont],La Tinée,TOURNEFORT,06,43.947973,7.159497,3.8905,1.94,1.717,7
Y623402401,La Tinée à la Tour [Pont de la Lune EDF - QNR],La Tinée,TOUR,06,43.938124,7.165107,16.3045,8.73,6.248,39
Y624000101,Le Var à Malaussène [La Mescla EDF - QNR],Le Var,MALAUSSENE,06,43.908015,7.194969,37.6219,17.4,12.274,70
Y624000201,Le Var à Malaussène [La Mescla EDF],Le Var,MALAUSSENE,06,43.908015,7.194969,30.5042,21.069,,
Y633404001,La Vésubie à Utelle [Pont du Cros],La Vésubie,UTELLE,06,43.87871,7.231298,5.9421,1.805,0.864,15
Y640000201,L'Esteron à Saint-Auban [Aval village Soleilhas],L'Esteron,SAINT-AUBAN,06,43.839753,6.683809,,,,
Y640000301,L'Esteron à Saint-Auban [Aval confluence Faye] - Aval confluence Faye,L'Esteron,SAINT-AUBAN,06,43.849208,6.731247,,,,
Y640000401,L'Esteron à Gars,L'Esteron,GARS,06,43.86347,6.807343,,,,
Y641000201,L'Esteron à Aiglun,L'Esteron,AIGLUN,06,43.853643,6.913766,,,,
Y642401001,L'Esteron à Sigale [Pont du Coude],L'Esteron,SIGALE,06,43.864915,6.956427,3.9911,1.039,0.599,19
Y643401001,L'Esteron au Broc [La Clave],L'Esteron,BROC,06,43.846297,7.15674,7.2966,2.05,1.295,46
Y643583201,Le Var à Bonson [Digue Bonson],Le Var,BONSON,06,43.847005,7.194385,,,,
Y644201002,Le Var à Nice [Pont Napoléon III] - Aval,Le Var,NICE,06,43.664069,7.200027,40.178,18.171,11.014,6
Y644202001,Le Var à Carros [Pont de la Manda],,CARROS,06,43.764226,7.203792,,,,
Y651701001,Le ruisseau de Caïnéa [source] à Lucéram,Ruisseau de Caïnéa,LUCERAM,06,43.881522,7.354481,0.0309,0.006,0.001,29
Y651701301,Paillon de l'Escarène à l'Escarène [L'Escarène],Paillon de l'Escarène,ESCARENE,06,43.834222,7.357724,,,,
Y651701401,Le Paillon de Contes à Contes,Le Paillon de Contes,CONTES,06,43.809489,7.314135,,,,
Y652000501,Le Paillon à la Trinité,Le Paillon,TRINITE,06,43.734547,7.301492,,,,
Y660000201,La Roya à Tende [Pont de Scara],La Roya,TENDE,06,44.098778,7.588637,,,,
Y660000301,La Roya à Tende [Pont du Bourg Neuf],La Roya,TENDE,06,44.08353,7.594076,,,,
Y661401002,La Roya à Tende [Saint-Dalmas-de-Tende] - Amont - EDF,La Roya,TENDE,06,44.054762,7.589228,1.5738,0.4,,
Y661401004,La Roya à Tende [Saint-Dalmas-de-Tende] - PONT Ste ANNE,La Roya,TENDE,06,44.051777,7.589489,2.6917,0.298,,
Y661405101,La Roya à Fontan [Village],La Roya,FONTAN,06,44.002656,7.554355,,,,
Y661405201,Le torrent de Bieugne à Tende,Torrent de Bieugne,TENDE,06,44.050408,7.587992,,,,
Y662000301,La Roya à Breil-sur-Roya [EDF],La Roya,BREIL-SUR-ROYA,06,43.911657,7.516675,11.5611,6.25,4.675,56
Y662000401,La Roya à Saorge [Pont Mondi],La Roya,SAORGE,06,43.975406,7.540589,,,,
Y663501001,La Bévéra à Sospel [Pont D 2204],La Bévéra,SOSPEL,06,43.877699,7.451195,0.9993,0.192,0.084,19
K001002010,La Loire à Cros-de-Géorand [DREAL CVL] - Barrage de la Palisse,la Loire,CROS-DE-GEORAND,07,44.785861,4.089976,0.3595,0.0,0.0,9
K001872010,Le Gage à Cros-de-Géorand [DREAL CVL] - Barrage du Peyron,le Gage,CROS-DE-GEORAND,07,44.799858,4.096824,0.2403,0.0,0.0,7
K001872301,La Loire à Usclades-et-Rieutord - Rieutord - DREAL CVL,la Loire,USCLADES-ET-RIEUTORD,07,44.76681,4.155659,3.8133,0.5,,1
K001872303,La Loire à Usclades-et-Rieutord - EDF,la Loire,USCLADES-ET-RIEUTORD,07,44.76681,4.155659,2.3582,0.523,,4
K002000101,La Loire à Issarlès [Pont de la Borie EDF - QNR],la Loire,ISSARLES,07,44.819623,4.048584,7.8616,2.11,0.946,43
K003002010,La Loire à Issarlès - Pont de La Borie (Amont) - DREAL CVL,la Loire,ISSARLES,07,44.819734,4.048012,1.3825,0.655,0.358,14
K003002011,La Loire à Issarlès - Pont de la Borie (Aval) - DREAL CVL,la Loire,ISSARLES,07,44.81982,4.047532,3.0474,1.078,,1
K201082001,L'Allier à Laveyrune - Rogleton,l'Allier,LAVEYRUNE,07,44.613343,3.897474,1.666,0.219,0.051,38
K202000101,Le Masméjan à Saint-Étienne-de-Lugdarès [Huédour],le Masméjan,SAINT-ETIENNE-DE-LUGDARES,07,44.648469,3.927521,1.1199,0.104,,4
V350401201,La Cance à Annonay [Galléliaure],La Cance,ANNONAY,07,45.235072,4.635337,1.0905,0.185,0.07,5
V351701001,Le Ternay à Savas [Ternay],Le Ternay,SAVAS,07,45.309777,4.636551,0.3054,0.067,0.018,31
V351701301,La Deume à Saint-Marcel-lès-Annonay,La Deume,SAINT-MARCEL-LES-ANNONAY,07,45.289779,4.601079,1.2517,0.364,0.141,5
V352401001,La Cance à Sarras,La Cance,SARRAS,07,45.206032,4.786558,4.0845,0.979,0.29,37
V353000101,L'Ay à Ardoix [Pont de Rau],L'Ay,ARDOIX,07,45.191519,4.769829,0.943,0.078,0.003,11
V353000301,L'Ay à Satillieu - La Bergère,L'Ay,SATILLIEU,07,45.152222,4.620636,,,,
V353000302,L'Ay à Satillieu - La Bergère,L'Ay,SATILLIEU,07,45.152213,4.620643,0.532,0.237,,
V362000101,Le ruisseau d'Ozon à Cheminas - Le Pavé,Ruisseau d'Ozon,CHEMINAS,07,45.144879,4.746735,0.0561,0.019,,
V370000201,Le Doux [SMBVD] à Désaignes,Le Doux,DESAIGNES,07,44.98881,4.529799,0.3698,0.161,,
V370000301,L'Aygueneyre à Rochepaule [SMBVD],L'Aygueneyre,ROCHEPAULE,07,45.059202,4.494576,,,,
V370000401,Le Douzet à Labatie-d'Andaure [SMBVD],Le Douzet,LABATIE-D'ANDAURE,07,45.017506,4.488093,,,,
V371402001,Le Doux à Lamastre,Le Doux,LAMASTRE,07,44.987842,4.577808,3.3298,0.553,0.08,15
V371402401,Le ruisseau de Sialle à Désaignes [SMBVD],Ruisseau de Sialle,DESAIGNES,07,44.993116,4.518868,,,,
V371402501,La Sumène à Lamastre [SMBVD],La Sumène,LAMASTRE,07,44.983397,4.570913,,,,
V371402601,Le Condoie à Lamastre [SMBVD],Le Condoie,LAMASTRE,07,44.983356,4.580684,,,,
V371402701,Le Grozon à Lamastre [SMBVD],Le Grozon,LAMASTRE,07,44.984946,4.585554,,,,
V372401001,Le Doux à Colombier-le-Vieux,Le Doux,COLOMBIER-LE-VIEUX,07,45.058471,4.732468,4.892,0.809,0.1,42
V372401101,L'Eal à Empurany [SMBVD],L'Eal,EMPURANY,07,45.015021,4.617831,,,,
V372401201,Le ruisseau de Choisine à Colombier-le-Vieux [SMBVD],Ruisseau de Choisine,COLOMBIER-LE-VIEUX,07,45.051846,4.707064,,,,
V373000201,La Daronne à Colombier-le-Vieux [SMBVD],La Daronne,COLOMBIER-LE-VIEUX,07,45.072863,4.731294,0.1217,0.08,,
V373000301,Le ruisseau de Jointine à Étables [SMBVD],Ruisseau de Jointine,ETABLES,07,45.076394,4.733584,,,,
V373000401,La Vivance à Saint-Félicien [SMBVD],La Vivance,SAINT-FELICIEN,07,45.088804,4.633146,,,,
V374401001,Le Doux à Tournon-sur-Rhône,Le Doux,TOURNON-SUR-RHONE,07,45.066966,4.780872,7.8173,0.908,0.083,22
V374401301,Le Duzon à Saint-Barthélemy-le-Plain [SMBVD],Le Duzon,SAINT-BARTHELEMY-LE-PLAIN,07,45.03732,4.765499,0.1255,0.047,,
V374401401,Le ruisseau d'Ormèze à Colombier-le-Jeune [SMBVD],Ruisseau d'Ormèze,COLOMBIER-LE-JEUNE,07,45.024324,4.746913,,,,
V402501001,L'Embroye à Toulaud,L'Embroye,TOULAUD,07,44.884504,4.784318,0.1176,0.005,0.0,36
V402501201,L'Embroye à Charmes-sur-Rhône,L'Embroye,CHARMES-SUR-RHONE,07,44.873054,4.826242,0.2424,0.039,,2
V412401101,L'Eyrieux à Saint-Martin-de-Valamas - La Condamine,L'Eyrieux,SAINT-MARTIN-DE-VALAMAS,07,44.937812,4.393007,6.3616,0.769,,2
V414521001,La Glueyre à Gluiras [Tisonèche],La Glueyre,GLUIRAS,07,44.829601,4.518381,2.1451,0.356,0.064,72
V414521101,L'Eyrieux à Beauvène [Pont de Chervil],L'Eyrieux,BEAUVENE,07,44.882539,4.525183,8.7528,1.43,0.445,58
V415401001,L'Eyrieux aux Ollières-sur-Eyrieux,L'Eyrieux,OLLIERES-SUR-EYRIEUX,07,44.811281,4.615585,14.3117,4.548,2.567,11
V417402001,Le Rhône à la Voulte-sur-Rhône,Le Rhône,VOULTE-SUR-RHONE,07,44.795321,4.779404,,,,
V417402101,L'Eyrieux à Saint-Fortunat-sur-Eyrieux [Pontpierre],L'Eyrieux,SAINT-FORTUNAT-SUR-EYRIEUX,07,44.815739,4.706893,15.4359,2.236,0.499,12
V430000101,L'Ouvèze au Pouzin,L'Ouvèze,POUZIN,07,44.759303,4.734175,1.8963,0.2,0.067,12
V453001001,Le Rhône à Viviers - CNR,Le Rhône,VIVIERS,07,44.481313,4.700907,1468.0875,859.0,557.88,103
V453001002,Le Rhône à Viviers,Le Rhône,VIVIERS,07,44.481744,4.701587,1370.4144,767.163,541.968,9
V457001001,Le Rhône à Bourg-Saint-Andéol,Le Rhône,BOURG-SAINT-ANDEOL,07,44.368249,4.647142,230.6193,75.467,68.016,21
V500403001,L'Ardèche à Meyras,L'Ardèche,MEYRAS,07,44.670133,4.270036,3.6878,0.623,0.181,37
V501401001,L'Ardèche à Vogüé,L'Ardèche,VOGUE,07,44.542565,4.40978,25.8088,5.287,2.181,55
V501403001,L'Ardèche à Ucel,L'Ardèche,UCEL,07,44.626798,4.395445,266.4447,251.711,,
V501404001,L'Ardèche à Pont-de-Labeaume,L'Ardèche,PONT-DE-LABEAUME,07,44.666255,4.290804,17.1044,3.251,1.348,45
V501521001,La Volane à Vals-les-Bains,La Volane,VALS-LES-BAINS,07,44.659692,4.367168,5.3748,1.35,0.542,9
V503502001,La Baume à Rosières,La Baume,ROSIERES,07,44.481613,4.251389,8.1589,1.628,0.292,13
V503502201,La Baume à Saint-Alban-Auriolles [Peyroche],La Baume,SAINT-ALBAN-AURIOLLES,07,44.448884,4.328539,7.176,1.034,0.299,12
V504503001,Le Chassezac à Gravières - Les Salelles,Le Chassezac,GRAVIERES,07,44.426595,4.090753,5.879,0.572,0.36,22
V504881301,Le Chassezac à Berrias-et-Casteljau [Chaulet] - Chaulet,Le Chassezac,BERRIAS-ET-CASTELJAU,07,44.406428,4.216056,18.2216,2.216,1.815,11
V504881501,La Borne à Saint-Laurent-les-Bains [EDF - Pont de Nicoulaud],La Borne,SAINT-LAURENT-LES-BAINS,07,44.573993,3.948843,2.6159,0.407,0.132,55
V505401001,L'Ardèche à Vallon-Pont-d'Arc,L'Ardèche,VALLON-PONT-D'ARC,07,44.398637,4.384968,216.4023,129.207,,
V506401001,L'Ardèche à Saint-Martin-d'Ardèche [Sauze],L'Ardèche,SAINT-MARTIN-D'ARDECHE,07,44.314004,4.551118,63.6315,12.17,5.015,67
V542521401,La Ganière à Banne,La Ganière,BANNE,07,44.336333,4.096934,0.0568,0.004,,
B463101001,La Chiers à Carignan,La Chiers,CARIGNAN,08,49.629368,5.15886,25.9225,11.122,7.605,57
B466010101,La Chiers à Brévilly,La Chiers,BREVILLY,08,49.668722,5.084206,28.3532,11.239,8.131,17
B502001001,La Meuse à Sedan,La Meuse,SEDAN,08,49.701334,4.936061,83.5868,27.76,17.986,29
B517201001,La Bar à Cheveuges,La Bar,CHEVEUGES,08,49.660373,4.882921,5.153,1.222,0.664,55
B532201001,La Vence à la Francheville,La Vence,FRANCHEVILLE,08,49.727796,4.714066,2.2,0.79,0.499,55
B540001001,La Meuse à Charleville-Mézières,La Meuse,CHARLEVILLE-MEZIERES,08,49.759666,4.715856,,,,
B557201001,La Sormonne à Belval,La Sormonne,BELVAL,08,49.779936,4.637737,5.5585,1.609,0.828,38
B560010101,La Meuse à Aiglemont,La Meuse,AIGLEMONT,08,49.774218,4.752271,299.328,183.811,,
B611101001,La Semoy à Haulmé,La Semoy,HAULME,08,49.862933,4.786288,28.9824,6.883,2.669,46
B700001002,La Meuse à Monthermé - Limnimètre,La Meuse,MONTHERME,08,49.880314,4.730565,529.0171,525.103,,
B720000001,La Meuse à Chooz - Trou du Diable,La Meuse,CHOOZ,08,50.089049,4.78258,142.3415,43.252,25.218,21
B720000002,La Meuse à Chooz - Ile Graviat,La Meuse,CHOOZ,08,50.092335,4.806643,146.2008,46.0,23.697,72
B720000003,La Meuse à Chooz - Chooz Petit,La Meuse,CHOOZ,08,50.101867,4.809673,,,,
B732201001,La Houille à Landrichamps,La Houille,LANDRICHAMPS,08,50.084369,4.82652,3.0213,0.626,0.243,45
H108000101,L'Aisne à Condé-lès-Autry,L'Aisne,CONDE-LES-AUTRY,08,49.24327,4.839602,8.6188,2.478,,3
H124000301,Le ruisseau de Saint-Lambert à Suzanne,Ruisseau de Saint-Lambert,SUZANNE,08,4.637332,49.517149,,,,
H125000201,La Foivre à Écordal,La Foivre,ECORDAL,08,4.577688,49.528047,,,,
H125000202,La Foivre à Écordal - Hauteur du Foivre,La Foivre,ECORDAL,08,4.57766,49.528067,,,,
H127000101,Le ruisseau de Saulces à Auboncourt-Vauzelles,Ruisseau de Saulces,AUBONCOURT-VAUZELLES,08,4.496321,49.551286,,,,
H131000201,La Vaux à Hauteville,La Vaux,HAUTEVILLE,08,49.583713,4.307437,,,,
H615302002,L'Agron à Verpel,L'Agron,VERPEL,08,49.386372,4.931003,1.7562,0.406,0.178,30
H616201001,L'Aire à Chevières,L'Aire,CHEVIERES,08,49.334069,4.903247,13.4732,2.572,0.842,65
H620101001,L'Aisne à Mouron,L'Aisne,MOURON,08,49.308086,4.782842,23.8581,6.4,1.942,54
H620102001,L'Aisne à Vouziers,L'Aisne,VOUZIERS,08,49.403858,4.703742,,,,
H621101001,L'Aisne à Rilly-sur-Aisne,L'Aisne,RILLY-SUR-AISNE,08,49.491581,4.645237,,,,
H622101001,L'Aisne à Givry,L'Aisne,GIVRY,08,49.491463,4.538602,31.4458,7.05,3.0,55
H622102001,L'Aisne à Biermes,L'Aisne,BIERMES,08,49.493056,4.397409,,,,
H623302001,La Vaux à Écly,La Vaux,ECLY,08,49.538692,4.295297,4.1136,0.822,0.445,41
H623311001,La Draize à Justine-Herbigny,La Draize,JUSTINE-HERBIGNY,08,49.601117,4.324087,0.4367,0.076,0.043,26
H630101001,L'Aisne à Asfeld,L'Aisne,ASFELD,08,49.48189,4.122671,122.2525,87.069,,
H630383001,La Retourne à Mont-Saint-Remy,La Retourne,MONT-SAINT-REMY,08,49.390155,4.481204,0.1556,0.053,0.018,7
H630384001,La Retourne à Saint-Remy-le-Petit,La Retourne,SAINT-REMY-LE-PETIT,08,49.415491,4.237774,1.2268,0.616,0.323,21
O036251001,Le Salat à Soueix-Rogalle [Kercabanac],Le Salat,SOUEIX-ROGALLE,09,42.908638,1.213212,16.0698,6.78,4.25,94
O036252001,Le Salat à Soueix-Rogalle [Brousset],Le Salat,SOUEIX-ROGALLE,09,42.888195,1.212276,14.5226,6.479,4.604,33
O038401001,L'Arac à Soulan [Freychet],L'Arac,SOULAN,09,42.902449,1.237465,5.9415,2.387,1.482,60
O038403001,L'Arac à Massat,L'Arac,MASSAT,09,42.892364,1.349059,,,,
O038403101,[Source La Courate] à Ercé,,ERCE,09,42.871414,1.274572,0.0003,0.0,0.0,10
O044401001,Le Lez aux Bordes-sur-Lez,Le lez,BORDES-UCHENTEIN,09,42.90243,1.028828,7.131,3.5,2.291,49
O044401101,[Source Fontaine Blanche] aux Bordes-sur-Lez,,BORDES-UCHENTEIN,09,42.8748,1.03127,0.0239,0.017,0.014,10
O048401001,Le Lez à Engomer [Balaguères],Le lez,ENGOMER,09,42.949466,1.055137,10.8841,4.867,2.902,55
O048511001,Le Lachein à Balaguères [Baget - Las Hountas],Ruisseau de Lachein,BALAGUERES,09,42.955349,1.030874,0.457,0.12,0.061,55
O050252002,Le Salat à Saint-Lizier [Saint Girons],Le Salat,SAINT-LIZIER,09,42.991501,1.140881,35.5773,15.004,8.689,51
O052501001,Le Gouarège à Cazavet [Aliou],Ruisseau de la Gouarège,CAZAVET,09,42.990322,1.048938,0.4494,0.062,0.029,54
O062401001,Le Volp à Sainte-Croix-Volvestre,Le Volp,SAINTE-CROIX-VOLVESTRE,09,43.144783,1.141456,0.9692,0.177,0.091,57
O071402001,L'Arize à la Bastide-de-Sérou,L'Arize,BASTIDE-DE-SEROU,09,43.010132,1.427473,,,,
O071402101,Le ruisseau de Bésole à Esplas-de-Sérou [Source de Bésole],Ruisseau de Bésole,ESPLAS-DE-SEROU,09,42.965161,1.355597,0.0124,0.008,0.004,8
O074404001,L'Arize au Mas-d'Azil - HE,L'Arize,MAS-D'AZIL,09,43.082951,1.361074,4.2115,1.097,0.521,51
O074404002,L'Arize au Mas-d'Azil - Collège,L'Arize,MAS-D'AZIL,09,43.080265,1.366059,3.7359,1.009,0.621,16
O100000101,[Source Les Goutils] à l'Hospitalet-près-l'Andorre,,HOSPITALET-PRES-L'ANDORRE,09,42.600214,1.809644,0.0774,0.063,0.054,9
O102251002,L'Ariège à Ax-les-Thermes,L'Ariège,AX-LES-THERMES,09,42.722695,1.834629,,,,
O106000101,Le ruisseau de Frontonne [Source de Fountroune] à Axiat,ruisseau de fontronne,AXIAT,09,42.80685,1.779899,0.0341,0.009,0.007,10
O107000101,Le ruisseau de Quioulès à Château-Verdun [EDF - Riète 2],Ruisseau de Quioulès,CHATEAU-VERDUN,09,42.705473,1.664317,2.0147,0.614,0.336,64
O111000101,Le ruisseau de l'Artigue à Auzat [EDF - Cibelle],Ruisseau de l'Artigue,AUZAT,09,42.709315,1.418293,1.2708,0.365,0.195,64
O113000201,Le ruisseau de Saleix [Source de Las Mollos] à Auzat,Ruisseau de Saleix,AUZAT,09,42.769258,1.46931,0.0198,0.015,0.011,11
O114462001,Le Vicdessos à Vicdessos,Ruisseau de Vicdessos,VICDESSOS,09,42.768105,1.500344,2.8426,1.26,0.851,20
O122501201,Le Saurat à Arignac [Source de Fount Sainto],Le Saurat,ARIGNAC,09,42.878638,1.587289,0.008,0.006,,3
O123251001,L'Ariège à Bompas,L'Ariège,BOMPAS,09,42.863739,1.605502,,,,
O125251001,L'Ariège à Foix,L'Ariège,FOIX,09,42.966263,1.608853,38.646,18.665,12.562,120
O137251002,L'Ariège à Saverdun,L'Ariège,SAVERDUN,09,43.231948,1.577842,60.8032,29.535,12.135,6
O143291001,Le Grand Hers à Bélesta,Le Grand Hers,BELESTA,09,42.905024,1.936621,3.6258,1.153,0.684,17
O143293001,Le Grand Hers à Bélesta [Source de Fontestorbes],Le Grand Hers,BELESTA,09,42.891664,1.927154,2.031,0.92,0.568,57
O144291002,Le Grand Hers au Peyrat,Le Grand Hers,PEYRAT,09,42.954244,1.935437,4.0126,1.35,0.823,62
O148432002,Le Touyre à Montferrier - 2,Le Touyre,MONTFERRIER,09,42.88789,1.776104,1.2669,0.434,0.239,56
O148432101,[Source de Fount Bergens 1] à Montferrier,,MONTFERRIER,09,42.874024,1.766798,0.0971,0.028,0.007,9
O149431003,Le Touyre à Lavelanet,Le Touyre,LAVELANET,09,42.940862,1.850824,1.8309,0.585,0.236,56
O149433001,Le Touyre à Léran,Le Touyre,LERAN,09,42.989109,1.911854,1.9692,0.577,0.21,47
O153291001,Le Grand Hers à Roumengoux,Le Grand Hers,ROUMENGOUX,09,43.082528,1.934243,6.7669,2.987,1.739,32
O153292001,Le Grand Hers à Mirepoix,Le Grand Hers,MIREPOIX,09,43.093438,1.875693,6.488,2.681,1.504,6
O156000101,Le Douctouyre à Ilhat [Source de Prat d'Amont],Le Douctouyre,ILHAT,09,42.949473,1.769161,0.016,0.007,0.005,10
O158461001,Le Douctouyre à Dun [Engraviès],Le Douctouyre,DUN,09,43.04356,1.772643,1.6354,0.187,0.069,55
O165293003,Le Grand Hers à Mazères,Le Grand Hers,MAZERES,09,43.253505,1.68069,14.2272,5.567,2.9,26
O180405201,[Source Les Truffières] à Cazaux,,CAZAUX,09,43.063038,1.521669,0.0006,0.0,,3
O181401001,La Lèze à Pailhès,La Lèze,PAILHES,09,43.102376,1.443074,,,,
O182401001,La Lèze au Fossat,La Lèze,FOSSAT,09,43.174989,1.408875,0.6781,0.135,0.073,24
O184402001,La Lèze à Lézat-sur-Lèze,La Lèze,LEZAT-SUR-LEZE,09,43.280809,1.352878,1.4264,0.186,0.054,57
Y102501101,Le ruisseau de Saint-Jean [Source Fontanals des Crespis] au Pla,Ruisseau de Saint-Jean,PLA,09,42.691186,2.068654,0.004,0.003,0.003,11
F128000101,La Voire à Bétignicourt,,BETIGNICOURT,10,48.445995,4.456138,22.8894,0.891,,3
F210000101,La Seine à Nogent-sur-Seine - Barrage - (Amont),La Seine,NOGENT-SUR-SEINE,10,48.500761,3.505557,,,,
F210000102,La Seine à Nogent-sur-Seine - Barrage (Aval),La Seine,NOGENT-SUR-SEINE,10,48.500537,3.504897,,,,
F211000101,La Seine au Mériot - Barrage de Beaulieu (amont),La Seine,MERIOT,10,48.482547,3.45498,,,,
F211000102,La Seine au Mériot - Barrage de Beaulieu (aval),La Seine,MERIOT,10,48.48279,3.454833,,,,
F211000301,Le canal de dérivation de Beaulieu à Villiers-sur-Seine à Nogent-sur-Seine - Ecluse de Beaulieu (Amont),Canal de Derivation de Beaulieu a Villiers-sur-Seine,NOGENT-SUR-SEINE,10,48.495159,3.466894,,,,
F211000302,Le canal de dérivation de Beaulieu à Villiers-sur-Seine à Nogent-sur-Seine - Ecluse de Beaulieu (Aval),Canal de Derivation de Beaulieu a Villiers-sur-Seine,NOGENT-SUR-SEINE,10,48.495261,3.466702,,,,
H010002001,La Seine à Plaines-Saint-Lange,La Seine,PLAINES-SAINT-LANGE,10,47.995813,4.480817,11.1617,3.778,1.981,58
H020302002,La Laignes aux Riceys,La Laignes,RICEYS,10,47.96178,4.361,3.2314,0.777,0.367,41
H040001001,La Seine à Bar-sur-Seine,La Seine,BAR-SUR-SEINE,10,48.117792,4.375513,24.6159,6.6,2.437,75
H040002001,La Seine à Courtenot,La Seine,COURTENOT,10,48.145121,4.330248,16.0229,5.014,2.933,56
H050301001,L'Hozain à Buchères [Courgerennes],L'Hozain,BUCHERES,10,48.24603,4.109565,1.4636,0.214,0.04,55
H070201001,La Barse à Montiéramey,La Barse,MONTIERAMEY,10,48.237105,4.292762,1.8038,0.469,0.247,38
H080001101,La Barse [Vieille Seine (partielle)] à Troyes [Foicy] - Après la création du lac Seine,La Barse,TROYES,10,48.302074,4.102559,17.2483,2.998,1.731,40
H080001201,La Seine [partielle] à Troyes [Tauxelles],La Seine,TROYES,10,48.309383,4.076922,15.7151,9.385,5.506,43
H081001002,La Seine à Méry-sur-Seine,La Seine,MERY-SUR-SEINE,10,48.50731,3.889608,33.5874,15.312,9.637,56
H105102001,L'Aube [partielle] à Longchamp-sur-Aujon [Outre Aube],L'Aube,LONGCHAMP-SUR-AUJON,10,48.145132,4.795468,7.6399,1.442,0.422,56
H120101001,L'Aube à Bar-sur-Aube,L'Aube,BAR-SUR-AUBE,10,48.219117,4.735132,16.0954,3.863,1.288,38
H123101001,L'Aube à Blaincourt-sur-Aube,L'Aube,BLAINCOURT-SUR-AUBE,10,48.394757,4.457205,18.9331,5.657,2.345,71
H133301001,La Laines à Soulaines-Dhuys,La Laines,SOULAINES-DHUYS,10,48.378773,4.735361,0.9646,0.34,0.146,49
H150101001,L'Aube à Arcis-sur-Aube,L'Aube,ARCIS-SUR-AUBE,10,48.537882,4.140193,33.534,13.358,5.045,63
H150351001,L'Huitrelle à Lhuître,L'Huitrelle,LHUITRE,10,48.567949,4.252801,1.0602,0.421,0.229,27
H150391001,L'Herbissonne à Allibaudières,L'Herbissonne,ALLIBAUDIERES,10,48.580464,4.103726,0.3254,0.027,0.0,53
H151321001,La Barbuise à Pouan-les-Vallées,La Barbuise,POUAN-LES-VALLEES,10,48.537093,4.06312,0.7797,0.279,0.003,55
H170001001,La Seine à Pont-sur-Seine,La Seine,PONT-SUR-SEINE,10,48.52369,3.594541,76.2539,36.193,25.138,44
H171301001,L'Ardusson à Saint-Aubin,L'Ardusson,SAINT-AUBIN,10,48.477301,3.558471,0.6737,0.235,0.033,54
H247301001,L'Armance à Chessy-les-Prés,L'Armance,CHESSY-LES-PRES,10,48.008398,3.894883,3.824,0.8,0.303,56
O146401001,Le Blau à Chalabre,Le Blau,CHALABRE,11,42.977773,2.015837,0.8747,0.06,0.015,63
O163401001,La Vixiège à Belpech,La Vixiège,BELPECH,11,43.201828,1.750133,1.2165,0.058,0.019,49
Y065502001,Le Verdouble à Padern,Le Verdouble,PADERN,11,42.864597,2.675919,0.8705,0.355,0.346,14
Y065761002,Le Mas de Ségure [Le Petit Verdouble] à Tuchan,Rivière du Mas de Ségure,TUCHAN,11,42.886788,2.724626,0.1961,0.0,,3
Y081400101,La Berre à Durban-Corbières,La Berre,DURBAN-CORBIERES,11,42.995023,2.814655,1.7758,0.117,0.0,12
Y081400301,Le Barrou à Durban-Corbières,Le Barrou,DURBAN-CORBIERES,11,42.999001,2.824724,,,,
Y082401001,La Berre à Villesèque-des-Corbières [Ripaud],La Berre,VILLESEQUE-DES-CORBIERES,11,43.038665,2.83455,0.8138,0.042,0.02,48
Y082403001,La Berre à Portel-des-Corbières,La Berre,PORTEL-DES-CORBIERES,11,43.050673,2.923782,0.7531,0.005,0.001,11
Y082541101,La Berre à Sigean [Ouvrage de régulation de l'Espinat],La Berre,SIGEAN,11,43.037344,2.956119,,,,
Y084000101,Le ruisseau du Veyret à Narbonne [Ouvrage de régulation Cap de Pla],Ruisseau du Veyret,NARBONNE,11,43.180186,2.96674,,,,
Y084000401,Le ruisseau du Veyret [Couloir endigué] à Narbonne,Ruisseau du Veyret,NARBONNE,11,43.17561,2.993326,,,,
Y101202001,L'Aude à Escouloubre [aval],L'Aude,ESCOULOUBRE,11,42.737524,2.088894,,,,
Y102501001,La Bruyante à Escouloubre [Usson-les-Bains],La Bruyante,ESCOULOUBRE,11,42.734186,2.085543,,,,
Y110501001,Le Rebenty à Saint-Martin-Lys,Le Rebenty,SAINT-MARTIN-LYS,11,42.81533,2.227006,1.5762,0.386,0.203,54
Y111201001,L'Aude à Belvianes-et-Cavirac,L'Aude,BELVIANES-ET-CAVIRAC,11,42.856492,2.195546,12.7491,6.3,3.661,91
Y111201002,L'Aude à Quillan - Pont RD 118,L'Aude,QUILLAN,11,42.877681,2.185091,9.9765,3.118,2.082,19
Y111201201,L'Aude [Source de Font Maure - affluent de l'Aude] à Belvianes-et-Cavirac - Source de Font Maure,L'Aude,BELVIANES-ET-CAVIRAC,11,2.203121,42.843047,,,,
Y113501001,La Sals à Cassaignes,La Sals,CASSAIGNES,11,42.94134,2.307574,1.0618,0.19,0.108,36
Y114115001,Le ruisseau de Lavalette à Alet-les-Bains,Ruisseau de Lavalette,ALET-LES-BAINS,11,42.99015,2.261906,0.3846,0.054,0.026,21
Y114115101,L'Aude à Alet-les-Bains - Le Moulin Neuf,L'Aude,ALET-LES-BAINS,11,42.985207,2.262521,13.1677,5.735,3.769,13
Y115201001,L'Aude à Limoux [Pont de Fer],L'Aude,LIMOUX,11,43.056549,2.216892,18.7928,7.288,5.431,5
Y115201301,La Corneilla à Bouriège [D52],La Corneilla,BOURIEGE,11,42.986927,2.166781,,,,
Y115201401,Le Cougaing à Castelreng,Le Cougaing,CASTELRENG,11,43.028566,2.137717,,,,
Y120501001,Le Sou à Saint-Martin-de-Villereglan,Le Sou,SAINT-MARTIN-DE-VILLEREGLAN,11,43.094791,2.209121,0.5247,0.032,0.002,48
Y122501001,Le Lauquet à Greffeil,Le Lauquet,GREFFEIL,11,43.061975,2.395982,0.4081,0.03,0.014,51
Y122502002,Le Lauquet à Verzeille [Le Pech] - Pont de Pomas,Le Lauquet,VERZEILLE,11,43.121529,2.313631,0.6047,0.034,0.014,5
Y122502201,Le Lauquet à Saint-Hilaire [Route de Ladern],Le Lauquet,SAINT-HILAIRE,11,2.332306,43.092944,,,,
Y123201001,L'Aude à Carcassonne - Pont-Vieux,L'Aude,CARCASSONNE,11,43.210305,2.358165,14.6838,4.885,3.233,17
Y123201002,L'Aude à Carcassonne - Pont-Neuf,L'Aude,CARCASSONNE,11,43.214641,2.36129,18.58,6.9,3.974,50
Y123201101,Le ruisseau de Palajanel à Cazilhac [Ouv-Cazilhac1],Ruisseau de Palajanel,CAZILHAC,11,43.181389,2.374035,,,,
Y123201201,Le ruisseau de Palajanel [Ouv-Cazilhac2] à Palaja,Ruisseau de Palajanel,PALAJA,11,43.18428,2.374083,,,,
Y131401001,Le Fresquel à Villepinte,Le Fresquel,VILLEPINTE,11,43.280336,2.083668,1.0807,0.18,0.047,50
Y133000101,Le Fresquel à Alzonne,Le Fresquel,ALZONNE,11,43.250007,2.176515,,,,
Y134501001,Le Lampy à Raissac-sur-Lampy,Le Lampy,RAISSAC-SUR-LAMPY,11,43.286105,2.153436,0.5218,0.093,0.043,34
Y134501201,Le ruisseau de Tenten à Saint-Martin-le-Vieil [Pont de la D 4],Ruisseau de Tenten,SAINT-MARTIN-LE-VIEIL,11,43.278374,2.143921,0.2645,0.017,0.003,10
Y134501301,La Vernassonne à Alzonne,La Vernassonne,ALZONNE,11,43.277618,2.181707,,,,
Y135521001,La Rougeanne à Moussoulens,La Rougeanne,MOUSSOULENS,11,43.275592,2.224593,1.766,0.324,0.087,44
Y135541101,Le Fresquel à Sainte-Eulalie,Le Fresquel,SAINTE-EULALIE,11,43.248397,2.211534,,,,
Y136401001,Le Fresquel à Carcassonne [Pont Rouge],Le Fresquel,CARCASSONNE,11,43.238312,2.372655,5.1098,0.872,0.244,40
Y136402001,Le Fresquel à Pezens,Le Fresquel,PEZENS,11,43.255405,2.263215,5.3659,1.149,0.044,20
Y136402101,Le Fresquel à Ventenac-Cabardès [Clapet de Pezens],Le Fresquel,VENTENAC-CABARDES,11,43.257603,2.263915,,,,
Y140501101,Le ruisseau de Trapel à Villegailhenc,Ruisseau de Trapel,VILLEGAILHENC,11,43.268144,2.355739,,,,
Y141501002,L'Orbiel à Lastours - Mairie,L'Orbiel,LASTOURS,11,43.333715,2.379208,1.474,0.338,0.138,13
Y141502001,L'Orbiel à Bouilhonnac [Villedubert],L'Orbiel,BOUILHONNAC,11,43.232913,2.430769,2.664,0.372,0.114,46
Y141622002,La Clamoux à Villeneuve-Minervois,La Clamoux,VILLENEUVE-MINERVOIS,11,43.322074,2.456171,,,,
Y141622101,[Plan d'eau] à Villeneuve-Minervois [Ouvrage de régulation],,VILLENEUVE-MINERVOIS,11,43.315781,2.467799,,,,
Y142201001,L'Aude à Puichéric,L'Aude,PUICHERIC,11,43.221939,2.626721,28.207,16.576,13.977,24
Y142201002,L'Aude à Puichéric - aval,L'Aude,PUICHERIC,11,43.226368,2.657567,19.0075,4.785,,3
Y142203001,L'Aude à Trèbes [rue Voltaire],L'Aude,TREBES,11,43.209514,2.440727,23.6267,9.069,5.744,20
Y142203101,Le ruisseau de la Prade [Plan d'eau Ruchol] à Laure-Minervois [Déversoir],Ruisseau de la Prade,LAURE-MINERVOIS,11,43.277091,2.51994,,,,
Y142203201,Le ruisseau de Mayral à Rustiques [Ouvrage de régulation],Ruisseau de Mayral,RUSTIQUES,11,43.222295,2.47438,,,,
Y142203301,Le ruisseau de Canet à Badens [Ouvrage de régulation],Ruisseau de Canet,BADENS,11,43.221933,2.502514,,,,
Y142203401,Le ruisseau des Arques à Laure-Minervois - Bassin des Arques,Ruisseau des Arques,LAURE-MINERVOIS,11,2.509788,43.275297,,,,
Y143541001,L'Argent-Double à la Redorte [Les Salices],L'Argent-Double,REDORTE,11,43.263965,2.629169,0.8859,0.065,0.018,53
Y143542101,L'Argent-Double à Trausse,L'Argent-Double,TRAUSSE,11,43.30385,2.551752,,,,
Y144501001,L'Ognon à Pépieux,L'Ognon,PEPIEUX,11,43.29708,2.69279,0.185,0.011,0.003,38
Y145201001,L'Aude à Ventenac-en-Minervois,L'Aude,VENTENAC-EN-MINERVOIS,11,43.240145,2.855418,39.7092,31.32,25.422,18
Y145202001,L'Aude à Saint-Marcel-sur-Aude,L'Aude,SAINT-MARCEL-SUR-AUDE,11,43.234379,2.926258,35.3925,14.452,4.467,20
Y145202301,Le ruisseau du Répudre à Mailhac,Ruisseau du Répudre,MAILHAC,11,43.303132,2.827847,,,,
Y152401001,L'Orbieu à Saint-Martin-des-Puits,L'Orbieu,SAINT-MARTIN-DES-PUITS,11,43.038308,2.567064,1.4369,0.208,0.099,34
Y152402001,L'Orbieu à Lagrasse [Pont RD 3],L'Orbieu,LAGRASSE,11,43.092965,2.619256,1.4973,0.278,0.213,19
Y152402201,L'Orbieu [KARST Orbieu] à Montjoi [Grotte St Pierre],L'Orbieu,MONTJOI,11,42.999834,2.499004,,,,
Y152402301,L'Orbieu [KARST Orbieu] à Montjoi [Source de Montjoi],L'Orbieu,MONTJOI,11,42.990007,2.4722,,,,
Y152402401,L'Orbieu [KARST Orbieu] à Termes [Grotte de Nitable],L'Orbieu,TERMES,11,42.986327,2.565309,,,,
Y152402501,L'Orbieu [KARST Orbieu] à Vignevieille [Grotte de Vignevieille],L'Orbieu,VIGNEVIEILLE,11,43.00433,2.530752,,,,
Y152402601,L'Orbieu à Vignevieille,L'Orbieu,VIGNEVIEILLE,11,43.01487,2.538523,,,,
Y152402701,L'Orbieu [Ruisseau du Sou] à Termes,L'Orbieu,TERMES,11,43.008988,2.549465,,,,
Y153521001,Le Sou à Lagrasse [Alsou],Le Sou,LAGRASSE,11,43.091864,2.591331,0.4426,0.03,,2
Y154000201,Le ruisseau de la Font Intruse à Fabrezan [Ouvrage de régulation],Ruisseau de la Font Intruse,FABREZAN,11,43.138103,2.684693,,,,
Y155000201,La Nielle à Saint-Laurent-de-la-Cabrerisse,La Nielle,SAINT-LAURENT-DE-LA-CABRERISSE,11,43.08469,2.69823,,,,
Y156401001,L'Orbieu à Luc-sur-Orbieu,L'Orbieu,LUC-SUR-ORBIEU,11,43.181553,2.78146,3.728,0.218,0.061,48
Y157000201,L'Aussou à Saint-André-de-Roquelongue,L'Aussou,SAINT-ANDRE-DE-ROQUELONGUE,11,43.127082,2.825225,,,,
Y158402001,L'Orbieu à Villedaigne - RD 6113,L'Orbieu,VILLEDAIGNE,11,43.213774,2.864671,3.6382,0.235,0.045,17
Y160504001,La Cesse à Bize-Minervois,La Cesse,BIZE-MINERVOIS,11,43.317355,2.870354,2.9574,0.578,0.304,22
Y160505001,La Cesse à Mirepeisset,La Cesse,MIREPEISSET,11,43.284139,2.900596,2.5577,0.462,0.278,42
Y160541201,Le ruisseau d'Aymes à Bize-Minervois,Ruisseau d'Aymes,BIZE-MINERVOIS,11,43.340212,2.877185,,,,
Y161202001,L'Aude à Moussan [Moussoulens - écluse],L'Aude,MOUSSAN,11,43.24484,2.960502,31.9193,6.022,1.767,32
Y161203001,L'Aude à Cuxac-d'Aude,L'Aude,CUXAC-D'AUDE,11,43.240701,2.999274,,,,
Y161204001,L'Aude à Coursan [Arminis],L'Aude,COURSAN,11,43.240395,3.042953,28.7741,5.865,1.83,24
Y161205001,L'Aude à Coursan [Village],L'Aude,COURSAN,11,43.235414,3.057356,,,,
Y161205201,L'Aude à Coursan [Déversoir Prat du Raïs],L'Aude,COURSAN,11,43.241585,3.035694,,,,
Y161205301,Le canal du Midi [Canal de Jonction] à Sallèles-d'Aude [Déversoir],Canal du Midi,SALLELES-D'AUDE,11,43.254965,2.951535,,,,
Y161205401,Le ruisseau de Dons à Vinassan [Ouvrage de régulation],Ruisseau de Dons,VINASSAN,11,43.198333,3.078109,,,,
Y161205501,L'Aude à Coursan [Déversoir Grand Vigne],L'Aude,COURSAN,11,43.235263,3.054181,,,,
Y161205601,L'Aude à Cuxac-d'Aude [Déversoirs 1952],L'Aude,CUXAC-D'AUDE,11,43.236633,3.01683,,,,
Y161205701,L'Aude à Cuxac-d'Aude [Déversoir Horto de Blazy],L'Aude,CUXAC-D'AUDE,11,43.238689,3.009331,,,,
Y161205901,L'Aude à Sallèles-d'Aude [Digues de Sallèles d'Aude],L'Aude,SALLELES-D'AUDE,11,43.253827,2.945892,,,,
Y161206101,[Chenal de Coursan] à Coursan,,COURSAN,11,43.240273,3.05753,,,,
O314101001,Le Tarn à Mostuéjouls [La Muse],Le Tarn,MOSTUEJOULS,12,44.209538,3.222334,30.525,9.4,5.412,112
O314101101,Le Tarn à Mostuéjouls [Source de Mas de Lafon] - Station de Mas de Lafon,Le Tarn,MOSTUEJOULS,12,44.22005,3.222788,0.0413,0.034,0.029,20
O323000201,La Barbade à Aguessac [Source de Barbade] - Station de Barbade,La Barbade,AGUESSAC,12,44.161122,3.088923,0.0838,0.027,0.017,25
O323000301,La Barbade à Aguessac [Source Bousterjack-Fontliane] - Station Bousterjack-Fontliane,La Barbade,AGUESSAC,12,44.156015,3.069724,,,,
O323000401,Le Lumansonesque à Verrières [Source de Saint Pierre] - Station de Saint-Pierre,Le Lumansonesque,VERRIERES,12,44.225234,3.015572,0.2437,0.006,0.004,11
O333402002,La Dourbie à Nant,La Dourbie,NANT,12,44.023011,3.304502,6.0025,2.561,1.206,12
O333402101,Le Durzon à Nant [Source du Durzon],Le Durzon,NANT,12,43.996873,3.285374,1.5551,0.95,0.756,26
O336402101,La Dourbie à Nant [EDF - Pont de Gardies],La Dourbie,NANT,12,44.072952,3.288465,7.1529,1.938,1.175,62
O339403004,La Dourbie à Millau [Massebiau 1] - Massebiau 3,La Dourbie,MILLAU,12,44.101651,3.129373,11.5757,4.138,2.659,40
O339403101,La Dourbie à la Roque-Sainte-Marguerite [Source de l'Espérelle],La Dourbie,ROQUE-SAINTE-MARGUERITE,12,44.121311,3.20947,1.0023,0.243,0.161,26
O340101002,Le Tarn à Millau - HE,Le Tarn,MILLAU,12,44.092287,3.075565,46.1232,16.0,8.944,51
O340101003,Le Tarn à Millau - Aval HG,Le Tarn,MILLAU,12,44.090312,3.067508,42.7881,13.966,8.681,13
O340101101,Le ruisseau de Saint-Martin à Creissels [Source du Boundoulaou] - Station du Boundoulaou,Ruisseau de Saint-Martin,CREISSELS,12,44.070791,3.05067,0.2316,0.09,0.062,26
O340101201,[La source de Homède] à Creissels - Ruisseau des cascades de Creissels,,CREISSELS,12,44.082008,3.062504,0.2904,0.095,0.054,31
O341000101,Le ruisseau du Brias à Tournemire [Source du Brias] - Station Balastière,Ruisseau du Brias,TOURNEMIRE,12,43.97152,3.027141,0.067,0.008,0.005,25
O341000201,Le Cernon à Sainte-Eulalie-de-Cernon [Source du Cernon] - Station du Cernon,Le Cernon,SAINTE-EULALIE-DE-CERNON,12,43.977776,3.142215,0.1856,0.085,0.057,26
O341000301,Le Cernon à Lapanouse-de-Cernon [Source de la Mouline] - Station de la Mouline,Le Cernon,LAPANOUSE-DE-CERNON,12,43.993755,3.086592,0.4962,0.334,0.249,25
O341000401,Le Cernon à Sainte-Eulalie-de-Cernon [Source de Rauze] - Station de Rauze,Le Cernon,SAINTE-EULALIE-DE-CERNON,12,43.98182,3.125025,,0.052,,
O342403002,Le Cernon à Saint-Georges-de-Luzençon,Le Cernon,SAINT-GEORGES-DE-LUZENCON,12,44.063826,2.984036,1.933,0.837,0.567,14
O343000101,Le Tarn à Comprégnac [Source des Douzes] - Station des Douzes,Le Tarn,COMPREGNAC,12,44.093131,2.980855,0.0592,0.019,0.013,11
O345431001,La Muze à Montjaux [Saint-Hippolyte],La Muze,MONTJAUX,12,44.081683,2.921727,1.2856,0.221,0.049,56
O346000101,Le ruisseau Lévéjac à Saint-Rome-de-Tarn [Source du Taurin] - Station du Taurin,Ruisseau Lévéjac,SAINT-ROME-DE-TARN,12,44.034132,2.917301,0.0818,0.022,0.013,12
O347000101,Le Tarn à Saint-Victor-et-Melvieu [Pinet],Le Tarn,SAINT-VICTOR-ET-MELVIEU,12,44.070217,2.809999,56.1833,17.3,9.567,63
O350000201,Le Dourdou à Brusque [Source de Céras] - Station de Céras,Le Dourdou de Camarès,BRUSQUE,12,43.754131,2.956475,0.0851,0.029,0.014,21
O353401001,Le Dourdou [de Camarès] à Camarès,Le Dourdou de Camarès,CAMARES,12,43.820827,2.880423,5.4815,2.176,0.753,17
O355401101,Le Dourdou [de Camarès] à Vabres-l'Abbaye [Le Moulin],Le Dourdou de Camarès,VABRES-L'ABBAYE,12,43.945608,2.836279,,,,
O356571101,Le Berlières à Fondamente [Source de Berlière] - Station de Berlière,Le Berlières,FONDAMENTE,12,43.869286,3.179313,0.0524,0.034,0.028,12
O356571201,La Fousette à Saint-Beaulize [Source de Fousette] - Station de Fousette,La Fousette,SAINT-BEAULIZE,12,43.905297,3.115323,0.1636,0.074,0.044,22
O356571301,La Lèbre à Cornus [Source de Gloriette] - Station de gloriette,La Lèbre,CORNUS,12,43.9057,3.177797,0.0921,0.041,0.032,26
O356571401,La Sorgues à Cornus [Source de Sorgues] - Station de Sorgues,La Sorgue,CORNUS,12,43.87644,3.190321,0.9962,0.609,0.516,23
O357461001,La Sorgues à Saint-Félix-de-Sorgues,La Sorgue,SAINT-FELIX-DE-SORGUES,12,43.878954,2.989499,3.649,1.323,0.878,18
O357461101,Le ruisseau d'Annou à Saint-Jean-et-Saint-Paul [Source Aiguebelle-Roubiérou] - Source Aiguebelle-Roubiérou,Ruisseau d'Annou,SAINT-JEAN-ET-SAINT-PAUL,12,43.927587,3.062596,0.1249,0.046,0.029,26
O357461201,Le ruisseau d'Annou à Marnhagues-et-Latour [Source de la Chartreuse] - Station de la Chartreuse de nonenque,Ruisseau d'Annou,MARNHAGUES-ET-LATOUR,12,43.911029,3.04113,0.0516,0.017,0.005,13
O357461301,Le ruisseau de Versols à Saint-Jean-et-Saint-Paul [Moulin de Gauty] - Station du Moulin de Gauty,ruisseau le verzolet,SAINT-JEAN-ET-SAINT-PAUL,12,43.929818,2.989776,,,,
O358461003,La Sorgues à Saint-Affrique,La Sorgue,SAINT-AFFRIQUE,12,43.958233,2.884433,4.2926,0.812,,4
O358461004,La Sorgues à Saint-Affrique - Viaduc,La Sorgue,SAINT-AFFRIQUE,12,43.956183,2.886754,6.5628,2.006,1.38,6
O358462201,Le ruisseau de Vailhauzy à Saint-Jean-d'Alcapiès [Source de l'Adoux] - Source de l'Adoux,Ruisseau de Vailhauzy,SAINT-JEAN-D'ALCAPIES,12,43.951223,2.962541,0.0652,0.028,0.01,13
O358462301,Le ruisseau de Vailhauzy à Saint-Affrique [Source de Dragonnière],Ruisseau de Vailhauzy,SAINT-AFFRIQUE,12,43.953714,2.939754,0.0838,0.015,0.008,20
O359402002,Le Dourdou [de Camarès] à Vabres-l'Abbaye - Le Poujol,Le Dourdou de Camarès,VABRES-L'ABBAYE,12,43.956344,2.829956,10.4685,2.74,1.589,37
O359402101,Le Len à Saint-Affrique [Source de Taillade] - Station de Len-Taillade,Le Len,SAINT-AFFRIQUE,12,43.99619,2.838502,0.0603,0.033,0.023,10
O360102001,Le Tarn à Brousse-le-Château,Le Tarn,BROUSSE-LE-CHATEAU,12,43.998112,2.621861,68.454,19.008,13.101,16
O375401001,Le Rance à Saint-Sernin-sur-Rance,Le Rance,SAINT-SERNIN-SUR-RANCE,12,43.886734,2.602191,3.5993,0.291,0.053,37
O500000201,Le Verlenque à Sévérac-le-Château [Source de Bastide] - Station de Bastide,Le Verlenque,SEVERAC D'AVEYRON,12,44.30228,3.071609,0.0275,0.016,0.013,22
O500000301,L'Aveyron à Sévérac-le-Château [Source de Cayrac] - Station de Cayrac,L'Aveyron,SEVERAC D'AVEYRON,12,44.308571,3.086359,0.0741,0.052,0.04,16
O500000401,Le Verlenque à Sévérac-le-Château [Source de Verlenque] - Station de Verlenque,Le Verlenque,SEVERAC D'AVEYRON,12,44.292638,3.073702,0.0179,0.01,0.009,20
O501000101,Le ruisseau de Buzareingues à Buzeins [Source Buzareingues] - Station de Buzareingues,Ruisseau de Buzareingues,BUZEINS,12,44.365566,3.007441,0.0229,0.01,0.006,16
O501000201,Le ruisseau de Tantayrou à Lapanouse [Source du Ségala] - Station de Ségala,Ruisseau de Tantayrou,LAPANOUSE,12,44.361342,3.022272,0.1726,0.046,0.017,21
O501000301,Le ruisseau de Tantayrou à Lapanouse [Source de Tantayrou] - Station de Tantayrou,Ruisseau de Tantayrou,LAPANOUSE,12,44.358084,3.018155,0.047,0.039,0.031,22
O503000101,Le Cuge à Vimenet [Source d'Esparses] - Station d'Esparses,Ruisseau de Cuge,VIMENET,12,44.395076,2.942135,0.0524,0.017,0.009,17
O503000201,Le Cuge à Vimenet [Source de Mayrinhac] - Station de Mayrinhac,Ruisseau de Cuge,VIMENET,12,44.39093,2.94947,0.1308,0.064,0.03,21
O504251002,L'Aveyron à Palmas - Pont-de-Manson,L'Aveyron,PALMAS D'AVEYRON,12,44.398829,2.846201,3.1293,0.628,0.292,55
O504551101,Le ruisseau de Brèves à Saint-Saturnin-de-Lenne [Source de Lestang] - Station de Lestang,Ruisseau de Brèves,SAINT-SATURNIN-DE-LENNE,12,44.412599,3.017193,0.218,0.077,0.026,26
O504551201,Le Serre à Campagnac - Station de Serre,Ruisseau de Serre,CAMPAGNAC,12,44.400981,3.08596,0.0244,0.004,0.002,21
O504551301,[La source de Duc] à Campagnac,,CAMPAGNAC,12,44.402546,3.07495,0.0407,0.005,0.002,20
O505501001,Le Serre à Coussergues [Resuenhe],Ruisseau de Serre,COUSSERGUES,12,44.415704,2.872496,1.0139,0.208,0.09,57
O509252002,L'Aveyron à Onet-le-Château,L'Aveyron,ONET-LE-CHATEAU,12,44.362513,2.621574,6.331,1.214,0.514,57
O516000101,L'Aveyron à Prévinquières,L'Aveyron,PREVINQUIERES,12,44.376562,2.232207,10.579,1.705,0.735,10
O519251003,L'Aveyron à Villefranche-de-Rouergue - Recoules,L'Aveyron,VILLEFRANCHE-DE-ROUERGUE,12,44.351717,2.065177,12.4277,2.447,1.069,57
O519254001,L'Aveyron à Villefranche-de-Rouergue [HE] - HE,L'Aveyron,VILLEFRANCHE-DE-ROUERGUE,12,44.350166,2.041225,17.0694,3.437,1.091,15
O522401001,L'Alzou à Villefranche-de-Rouergue [Barrage Cabal],L'Alzou,VILLEFRANCHE-DE-ROUERGUE,12,44.356798,2.049437,2.4852,0.239,0.034,83
O526000101,La Serène de Sanvensa à Lunac - station B - BORDERIES,La Serène de Sanvensa,LUNAC,12,44.253483,2.079147,0.3202,0.077,,4
O526000201,Le ruisseau de Marmont à Saint-Salvadou - station A - TALESPIES,Ruisseau de Marmont,SAINT-SALVADOU,12,44.285908,2.075939,0.1249,0.028,,4
O527000201,La Petite Serène à la Fouillade - PONT-NOIR,La Petite Serène,FOUILLADE,12,44.242214,2.084664,0.2901,0.048,0.007,5
O528431002,La Serène de Sanvensa à Saint-André-de-Najac [Canabral],La Serène de Sanvensa,SAINT-ANDRE-DE-NAJAC,12,44.209018,2.043585,1.1972,0.257,0.065,57
O528431101,Le ruisseau de Cassurex à la Fouillade - station D - TOULZANES,Ruisseau de Cassurex,FOUILLADE,12,44.204979,2.02461,0.0962,0.022,,2
O530000101,Le ruisseau des Pradines à Saint-Léons [Tourbière des Rauzes],Ruisseau des Pradines,SAINT-LEONS,12,44.248011,2.932635,,,,
O531291101,Le Viaur à Arques [Moulin Fabre],Le Viaur,ARQUES,12,44.305821,2.785724,,,,
O533000201,Le Vioulou à Curan [Moulin d'Aubignac],Le Vioulou,CURAN,12,44.195724,2.890473,,,,
O534000101,Le Vioulou à Salles-Curan [EDF - Trébons-Bas],Le Vioulou,SALLES-CURAN,12,44.21036,2.81309,1.0329,0.123,0.01,75
O536000101,Le Viaur à Flavin [Roualdesq],Le Viaur,FLAVIN,12,44.266145,2.651567,,,,
O538000101,Le ruisseau de la Nauze à Sainte-Juliette-sur-Viaur [Moncèze],Ruisseau de la Nauze,SAINTE-JULIETTE-SUR-VIAUR,12,44.235997,2.484415,,,,
O541401001,Le Céor à Cassagnes-Bégonhès,Le Céor,CASSAGNES-BEGONHES,12,44.1697,2.529643,,,,
O542402003,Le Céor à Saint-Just-sur-Viaur - Castelpers,Le Céor,SAINT-JUST-SUR-VIAUR,12,44.129477,2.392159,1.861,0.362,0.121,13
O543000101,Le Giffou à Réquista [Mln de Caillol],Le Giffou,REQUISTA,12,44.050696,2.563461,,,,
O546431001,Le Giffou à Saint-Just-sur-Viaur [La Fabrèguerie],Le Giffou,SAINT-JUST-SUR-VIAUR,12,44.108812,2.434795,2.2095,0.458,0.166,53
O548293002,Le Viaur à Saint-Just-sur-Viaur [Le Cambon],Le Viaur,SAINT-JUST-SUR-VIAUR,12,44.123749,2.365048,7.0901,1.676,0.83,34
O548293101,Le Viaur à Saint-Just-sur-Viaur [EDF - Roc Miquel],Le Viaur,SAINT-JUST-SUR-VIAUR,12,44.12683,2.357816,8.0827,1.81,0.83,62
O550000101,Le Lézert à Sauveterre-de-Rouergue [La Gazonne],Le Lézert,SAUVETERRE-DE-ROUERGUE,12,44.222209,2.328629,,,,
O554000101,Le ruisseau le Jaoul à la Salvetat-Peyralès [AEP],Ruisseau le Jaoul,SALVETAT-PEYRALES,12,44.276192,2.180745,,,,
O554000201,Le ruisseau le Jaoul à la Salvetat-Peyralès [Montou],Ruisseau le Jaoul,SALVETAT-PEYRALES,12,44.210527,2.162611,,,,
O711502001,Le Lot à Saint-Laurent-d'Olt,Le Lot,SAINT-LAURENT-D'OLT,12,44.448478,3.112849,25.9958,6.832,,
O714522003,La Boralde de Saint-Chély d'Aubrac à Castelnau-de-Mandailles - EDF,Boralde de Saint-Chély d'Aubrac,CASTELNAU-DE-MANDAILLES,12,44.530628,2.847042,1.9117,0.371,,1
O716151001,Le Lot à Espalion,Le Lot,ESPALION,12,44.523304,2.771259,75.9674,31.325,,
O719151001,Le Lot à Entraygues-sur-Truyère [amont],Le Lot,ENTRAYGUES-SUR-TRUYERE,12,44.631624,2.576498,31.8366,7.699,3.743,49
O722000101,Le ruisseau de Glassac à Pierrefiche [Source de Glassac] - Station de Glassac,Ruisseau de Glassac,PIERREFICHE,12,44.446604,2.944231,0.0589,0.039,0.021,18
O723403101,Le Lot à Lassouts [Castelnau - EDF],Le Lot,LASSOUTS,12,44.505988,2.874034,23.4029,5.8,2.326,76
O723403201,Le Lot à Lassouts [QNR Castelnau - EDF],Le Lot,LASSOUTS,12,44.505988,2.874034,22.9139,5.21,2.112,43
O754000201,Le Bès à Saint-Juéry [EDF],Le Bès,SAINT-JUERY,12,44.825775,3.087533,7.5975,1.542,0.656,68
O769251101,La Truyère à Sainte-Geneviève-sur-Argence [Sarrans EDF - QNR],La Truyère,ARGENCES EN AUBRAC,12,44.828874,2.740184,38.3429,8.8,2.32,90
O770154001,Le Lot à Entraygues-sur-Truyère - HE,Le Lot,ENTRAYGUES-SUR-TRUYERE,12,44.638889,2.560303,93.5079,23.402,15.887,31
O770154002,Le Lot à Entraygues-sur-Truyère - Roquepailhols,Le Lot,ENTRAYGUES-SUR-TRUYERE,12,44.639044,2.558625,80.1166,20.929,14.512,22
O773000101,La Bromme à Brommat [EDF],La Bromme,BROMMAT,12,44.825933,2.6844,3.3832,0.654,0.173,76
O785401001,Le Dourdou [de Conques] à Saint-Cyprien-sur-Dourdou,Le Dourdou de Conques,SAINT-CYPRIEN-SUR-DOURDOU,12,44.549047,2.408936,8.1453,3.602,2.163,9
O787401001,Le Dourdou [de Conques] à Conques,Le Dourdou de Conques,CONQUES-EN-ROUERGUE,12,44.587132,2.401217,6.9957,0.791,0.291,51
O794402002,Le Riou Mort à Viviez [2],Riou Mort,VIVIEZ,12,44.565782,2.211398,1.6936,0.308,0.12,46
O802000101,Le ruisseau des Douzes à Muret-le-Château - Muret,Ruisseau des Douzes,MURET-LE-CHATEAU,12,44.493337,2.57439,0.5227,0.097,0.041,24
O816000301,La Diège à Salles-Courbatiès - Diege,La Diège,SALLES-COURBATIES,12,44.468316,2.070041,0.0728,0.034,,2
O819000101,Le ruisseau de Lantouy à Salvagnac-Cajarc - Lantouy,Ruisseau de Lantouy,SALVAGNAC-CAJARC,12,44.460781,1.852154,0.2997,0.111,,1
V720001001,Le Rhône à Tarascon - CNR,Le Rhône,TARASCON,13,43.786929,4.651959,1677.1348,978.0,648.1,103
V720001002,Le Rhône à Tarascon - DREAL,Le Rhône,TARASCON,13,43.786929,4.651959,1668.1011,956.611,588.807,22
V720001003,Le Rhône à Tarascon - Pont de Beaucaire,Le Rhône,TARASCON,13,43.804581,4.64914,1957.2285,1174.22,787.079,56
V721651001,La Bagnolette à Tarascon [Saint-Gabriel],La Bagnolette,TARASCON,13,43.767165,4.691219,3.0156,2.079,1.468,46
V730000302,Le Rhône à Arles - CNR,Le Rhône,ARLES,13,43.678743,4.621171,1448.5477,830.255,565.085,27
X300101001,La Durance à Saint-Paul-lès-Durance [Cadarache],La Durance,SAINT-PAUL-LES-DURANCE,13,43.717957,5.743195,47.7297,10.0,,4
X300101301,La Durance à Saint-Paul-lès-Durance [Jouques-Cadarache - EDF],La Durance,SAINT-PAUL-LES-DURANCE,13,43.718554,5.745308,163.1551,87.6,52.613,73
X302001001,La Durance à Meyrargues [Pont Pertuis],La Durance,MEYRARGUES,13,43.66595,5.494158,31.6882,8.403,7.114,31
X321020102,Le ruisseau de Silvacane à la Roque-d'Anthéron [Silvacane] - DREAL,Ruisseau de Silvacane,ROQUE-D'ANTHERON,13,43.715102,5.331244,0.0099,0.002,0.0,12
X331002001,La Durance à Mallemort,La Durance,MALLEMORT,13,43.737373,5.173714,,,,
Y401202101,L'Arc [Bras principal] à Rousset,L'Arc,ROUSSET,13,5.593353,43.476227,,,,
Y402201001,L'Arc à Meyreuil [Pont de Bayeux],L'Arc,MEYREUIL,13,43.500989,5.514785,1.2278,0.281,0.157,52
Y402201401,Vallat le Grand [Affluent Rive Gauche Arc] à Aix-en-Provence - Station hydrométrique du Grand Vallat,Vallat le Grand,AIX-EN-PROVENCE,13,5.355288,43.491359,,,,
Y411502001,La Luynes à Aix-en-Provence [Pioline],La Luynes,AIX-EN-PROVENCE,13,43.505433,5.400093,0.3097,0.166,0.1,28
Y412202002,L'Arc à Berre-l'Étang - Saint-Estève,L'Arc,BERRE-L'ETANG,13,43.500074,5.15238,3.1121,0.849,0.305,34
Y412204001,L'Arc à Aix-en-Provence [Roquefavour-Bruet],L'Arc,AIX-EN-PROVENCE,13,43.516378,5.313526,2.7356,1.191,0.803,28
Y412541101,L'Arc à Berre-l'Étang - Station Berre MENELIK,L'Arc,BERRE-L'ETANG,13,5.170225,43.506836,,,,
Y420000501,La Touloubre à Aix-en-Provence [Puyricard - La Glacière],La Touloubre,AIX-EN-PROVENCE,13,43.577795,5.420041,,,,
Y420000601,Le ruisseau de Budéou à Lambesc [Armieux],Ruisseau de Budéou,LAMBESC,13,43.618164,5.263409,,,,
Y420000701,La Touloubre à Lambesc [Armieux],La Touloubre,LAMBESC,13,43.617108,5.260818,,,,
Y420000801,La Touloubre à Aix-en-Provence [Puyricard] - DREAL PACA,La Touloubre,AIX-EN-PROVENCE,13,43.57773,5.420617,,,,
Y421401001,La Touloubre à la Barben [La Savonnière] - Station MAMP,La Touloubre,BARBEN,13,43.628902,5.175491,0.566,0.172,0.071,51
Y421401004,La Touloubre à la Barben [La Savonnière] - Station DREAL PACA,La Touloubre,BARBEN,13,43.628894,5.175488,0.3508,0.16,,1
Y421404001,La Touloubre à Cornillon-Confoux [La Glacière],La Touloubre,CORNILLON-CONFOUX,13,43.56284,5.065317,2.5219,1.638,0.877,28
Y421404201,La Touloubre à Salon-de-Provence [RN113],La Touloubre,SALON-DE-PROVENCE,13,43.610843,5.097268,,,,
Y422561001,La Cadière à Marignane [stade Saint-Pierre],La Cadière,MARIGNANE,13,43.409596,5.206021,0.7738,0.459,0.333,42
Y441403001,L'Huveaune à Roquevaire,L'Huveaune,ROQUEVAIRE,13,43.351437,5.604937,0.7545,0.171,0.097,28
Y442404001,L'Huveaune à Aubagne [Le Charrel],L'Huveaune,AUBAGNE,13,43.289521,5.556947,0.9417,0.229,0.106,26
Y442501001,Le torrent du Fauge à Gémenos,Torrent du Fauge,GEMENOS,13,43.291315,5.663014,0.1241,0.064,0.019,22
Y442501301,L'Huveaune à Marseille - Collège,L'Huveaune,MARSEILLE,13,43.275222,5.409313,0.8292,0.193,,3
Y442501401,Le Jarret à Marseille [Rabateau] - Le Jarret,Le Jarret,MARSEILLE,13,43.276869,5.398172,0.8054,0.435,,2
Y442501402,Le Jarret à Marseille [Rabateau] - Radar de vitesse,Le Jarret,MARSEILLE,13,43.276869,5.398172,,,,
H704011001,La Seine à Honfleur - Station partenaire HAROPA,La Seine,HONFLEUR,14,49.427785,0.232791,,,,
I033000101,La Touques à Pierrefitte-en-Auge,La Touques,PIERREFITTE-EN-AUGE,14,49.252565,0.210611,7.4771,5.509,4.651,6
I103101001,La Touques à Saint-Martin-de-la-Lieue,La Touques,SAINT-MARTIN-DE-LA-LIEUE,14,49.110715,0.217193,2.5788,1.651,1.258,45
I110301001,L'Orbiquet à Beuvillers,L'Orbiquet,BEUVILLERS,14,49.128783,0.256457,2.7381,2.022,1.622,39
I114101001,La Touques à Pont-l'Évêque [Rue de la Licorne],La Touques,PONT-L'EVEQUE,14,49.286796,0.185619,,,,
I120301002,La Calonne aux Authieux-sur-Calonne,La Calonne,AUTHIEUX-SUR-CALONNE,14,49.297403,0.285827,1.6969,1.252,1.045,6
I120302001,La Calonne à Bonneville-la-Louvet,La Calonne,BONNEVILLE-LA-LOUVET,14,49.275278,0.339614,,,,
I120303001,La Calonne à Pont-l'Évêque [Rue de la Calonne],La Calonne,PONT-L'EVEQUE,14,49.290887,0.190154,,,,
I123000101,La Dives à Bretteville-sur-Dives,La Dives,BRETTEVILLE-SUR-DIVES,14,49.038452,-0.023539,3.5939,1.626,1.116,5
I135000101,La Vie à Grandchamp-le-Château,La Vie,GRANDCHAMP-LE-CHATEAU,14,49.078723,0.074785,2.2658,0.921,,3
I157000101,La Dives à Cabourg,La Dives,CABOURG,14,49.285823,-0.112219,,,,
I202101001,La Dives à Beaumais,La Dives,BEAUMAIS,14,48.896908,-0.076505,1.6064,0.647,0.38,56
I205103002,La Dives au Mesnil-Mauger,La Dives,MESNIL-MAUGER,14,49.069019,-0.044192,3.6618,1.581,0.994,32
I220382002,Le Laizon à Croissanville,Le Laizon,CROISSANVILLE,14,49.121496,-0.100453,0.7713,0.478,0.329,13
I221361001,Le bras de l'Ancre à Cricqueville-en-Auge,Bras de l'Ancre,CRICQUEVILLE-EN-AUGE,14,49.239394,-0.062596,0.4678,0.215,0.168,54
I264000101,L'Odon à Gavrus [Pont Neuf],L'Odon,GAVRUS,14,49.123557,-0.510922,1.9421,0.229,0.063,6
I336101001,L'Orne au Mesnil-Villement,L'Orne,MESNIL-VILLEMENT,14,48.849863,-0.390836,18.6956,3.889,3.147,5
I344231001,La Druance à Périgny,La Druance,PERIGNY,14,48.9101,-0.607022,1.2751,0.122,0.034,29
I346202001,Le Noireau à Condé-sur-Noireau [Rue du Moulin Biot],Le Noireau,CONDE-EN-NORMANDIE,14,48.849607,-0.544626,4.9423,0.722,0.23,15
I352102001,L'Orne à Thury-Harcourt,L'Orne,HOM,14,48.989497,-0.482778,21.6214,3.971,1.86,38
I353101001,L'Orne à Grimbosq [barrage du Val de Viard],L'Orne,GRIMBOSQ,14,49.065475,-0.448954,21.0444,3.973,1.861,20
I361206001,La Laize à Fresney-le-Puceux [La Planche à la Housse],La Laize,FRESNEY-LE-PUCEUX,14,49.057852,-0.353942,1.0608,0.441,0.318,20
I362101001,L'Orne à May-sur-Orne,L'Orne,MAY-SUR-ORNE,14,49.109626,-0.386368,28.6108,7.424,3.049,23
I362102001,L'Orne à Louvigny,L'Orne,LOUVIGNY,14,49.154653,-0.390028,,,,
I371201001,L'Odon à Épinay-sur-Odon,L'Odon,EPINAY-SUR-ODON,14,49.07408,-0.615101,1.0232,0.139,0.036,30
I374101001,L'Orne à Caen [Pont de Vaucelles],L'Orne,CAEN,14,49.177212,-0.355407,,,,
I402201001,La Seulles à Juvigny-sur-Seulles,La Seulles,JUVIGNY-SUR-SEULLES,14,49.162265,-0.615443,1.5211,0.317,0.148,42
I403201001,La Seulles à Tierceville,La Seulles,TIERCEVILLE,14,49.291398,-0.530688,2.5564,0.72,0.306,54
I452000101,L'Aure à Bayeux [Pont Trubert],L'Aure,BAYEUX,14,49.281432,-0.696625,0.9514,0.171,,1
I501305001,La Dathée à Saint-Germain-de-Tallevende-la-Lande-Vaumont [2],La Dathee,SAINT-GERMAIN-DE-TALLEVENDE-LA-LANDE-VAUMONT,14,48.810735,-0.942795,0.6898,0.195,0.107,21
I501361001,La Virene à Saint-Germain-de-Tallevende-la-Lande-Vaumont,La Virene,SAINT-GERMAIN-DE-TALLEVENDE-LA-LANDE-VAUMONT,14,48.817623,-0.912705,0.869,0.285,0.113,49
I502102001,La Vire à Coulonces [Le Gast],La Vire,COULONCES,14,48.861005,-0.889273,2.6498,0.765,0.33,22
I505301001,La Souleuvre à Carville,La Souleuvre,CARVILLE,14,48.947116,-0.888746,1.6704,0.186,0.038,55
I510101001,La Vire à Malloué,La Vire,MALLOUE,14,48.936137,-0.964648,7.415,1.533,0.573,33
I532151001,L'Aure à Maisons [Pont-Fatu],L'Aure,MAISONS,14,49.321156,-0.749087,1.1018,0.226,0.072,44
I535201001,La Drôme à Sully,La Drome,SULLY,14,49.299528,-0.738172,2.6768,0.536,0.185,39
I700104001,La Sienne à Saint-Sever-Calvados [La Croix du Rocher],La Sienne,NOUES DE SIENNE,14,48.807501,-1.048115,0.0838,0.027,0.012,25
K251401001,L'Allanche à Joursac [Pont du Vernet],l'Allanche,JOURSAC,15,45.134419,3.006946,2.811,0.931,0.496,60
K251402001,L'Allanche à Allanche,l'Allanche,ALLANCHE,15,45.229231,2.933012,1.3533,0.417,0.204,34
K252301001,L'Alagnon à Joursac [Le Vialard],l'Alagnon,JOURSAC,15,45.159213,3.027337,6.3986,1.99,0.866,56
K253401001,L'Arcueil à Massiac [Bousselorgues],l'Arcueil,MASSIAC,15,45.241257,3.183227,0.9609,0.17,0.031,50
K253401201,L'Alagnon à Massiac - Pont RN 122,l'Alagnon,MASSIAC,15,45.250703,3.193533,7.4416,1.737,0.709,6
O743401001,Le Lander à Roffiac [Le Blaud],l'ander,ROFFIAC,15,45.053508,3.048867,1.5012,0.212,0.114,25
O745000301,Le Lander à Saint-Georges [EDF],l'ander,SAINT-GEORGES,15,45.012091,3.128049,3.4064,0.554,0.202,68
O751551001,Le Remontalou à Chaudes-Aigues [Moulin de Gastal],Le Remontalou,CHAUDES-AIGUES,15,44.858977,3.011481,0.417,0.175,0.098,33
O753501002,L'Epie à Oradour [Pont-de-Rochebrune] - Nouvelle échelle,Ruisseau de l'Epie,ORADOUR,15,44.95336,2.934496,1.8826,0.343,0.135,13
O760000201,La Truyère à Neuvéglise [Grandval EDF - QNR],La Truyère,NEUVEGLISE-SUR-TRUYERE,15,44.922568,3.074322,24.564,6.0,1.956,76
O821000101,La Ressègue à Leynhac - Martory,La Ressègue,LEYNHAC,15,2.293464,44.714268,,,,
O821000201,Le Célé à Saint-Constant,Le Célé,SAINT-CONSTANT-FOURNOULES,15,2.228709,44.686244,,,,
O822000101,La Rance à Leynhac - Chapelle du Pont,La Rance,LEYNHAC,15,2.25674,44.754197,,,,
O823153101,Le Moulègre à Boisset - Planche du Souq,Le Moulègre,BOISSET,15,2.241773,44.748151,,,,
O825501101,L'Anès à Rouziers - Moulin d'Anès,L'Anès,ROUZIERS,15,2.204302,44.788036,,,,
O826401001,La Rance à Maurs [Les Brauges],La Rance,MAURS,15,44.690382,2.188487,3.5357,0.999,0.435,23
O826401101,Le ruisseau d'Arcombe à Maurs,Ruisseau d'Arcombe,MAURS,15,2.20284,44.712773,,,,
P027251002,Le ruisseau Grande Rhue à Condat,rivière la rhue,CONDAT,15,45.338078,2.762345,5.5041,1.396,0.411,8
P030401001,La Santoire à Ségur-les-Villas [La Carrière],La Santoire,SEGUR-LES-VILLAS,15,45.192325,2.826229,2.2265,0.481,0.125,33
P036000101,La Santoire à Condat [EDF - Roche-Pointue],La Santoire,CONDAT,15,45.33323,2.75334,4.5851,1.135,0.248,96
P052401001,La Petite Rhue à Marchastel [Pont de la Rodde],La Petite Rhue,MARCHASTEL,15,45.277659,2.702418,2.2763,0.368,0.068,24
P055501001,La Véronne à Riom-ès-Montagnes,La Véronne,RIOM-ES-MONTAGNES,15,45.286043,2.664693,1.3174,0.265,0.069,24
P081402001,La Sumène à Antignac,La Sumène,ANTIGNAC,15,45.340566,2.544931,1.8167,0.458,0.204,25
P088501001,Le Mars à Bassignac [Vendes],Le Mars,BASSIGNAC,15,45.296882,2.38776,3.6557,0.694,0.183,63
P088502001,Le Mars au Falgoux,Le Mars,FALGOUX,15,45.153204,2.622797,1.1009,0.287,0.082,32
P089000101,La Sumène à Bassignac [Pont de Vendes - EDF],La Sumène,BASSIGNAC,15,45.299344,2.387768,7.5557,1.801,0.611,62
P089000201,La Sumène à Bassignac [QNR Pont de Vendes - EDF],La Sumène,BASSIGNAC,15,45.299344,2.387768,8.8575,1.797,0.532,31
P142251001,La Maronne à Sainte-Eulalie,La Maronne,SAINTE-EULALIE,15,45.118874,2.384673,4.1385,1.01,0.226,84
P145401002,La Bertrande à Saint-Illide - Nouvelle échelle,La Bertrande,SAINT-ILLIDE,15,45.072246,2.310149,3.2807,0.618,0.123,22
P150000101,La Maronne à Pleaux [EDF - Enchanet - QNR],La Maronne,PLEAUX,15,45.08157,2.193946,13.9866,2.724,0.471,61
P171291001,La Cère à Vic-sur-Cère [Comblat-le-Pont],La Cère,VIC-SUR-CERE,15,44.965328,2.615208,4.0957,0.82,0.28,66
P174401003,La Jordanne à Aurillac - Passerelle Paul Riotte,La Jordanne,AURILLAC,15,44.923604,2.444682,4.0604,0.721,0.16,24
P177000101,La Cère à Sansac-de-Marmiesse [EDF],La Cère,SANSAC-DE-MARMIESSE,15,44.882091,2.3506,11.6076,2.689,0.9,55
P178051001,Le ruisseau de Roannes à Saint-Mamet-la-Salvetat [Pont de Lascombes],Ruisseau de Roannes,SAINT-MAMET-LA-SALVETAT,15,44.866362,2.353889,1.3852,0.339,0.099,24
P183401001,L'Authre à Ytrac [Le Vert],L'Authre,YTRAC,15,44.917861,2.326215,3.1403,0.601,0.212,26
P190291001,La Cère à Laroquebrou [Nèpes],La Cère,LAROQUEBROU,15,44.959659,2.20138,10.7223,2.493,1.796,26
L092061002,La Vienne à Étagnac - Chatenet,la Vienne,ETAGNAC,16,45.863851,0.779326,64.5065,19.612,14.783,11
L093000501,à Chabanais - Graine à Chabanais,,CHABANAIS,16,45.86697,0.711513,,,,
L093000502,à Chabanais - Graine à Chabanais,,CHABANAIS,16,45.86697,0.711513,1.1886,0.903,,
L094061001,La Vienne à Confolens,la Vienne,CONFOLENS,16,46.013297,0.670063,72.7043,25.054,14.04,24
L100401001,Le Goire à Saint-Maurice-des-Lions - Pont de Boérat-Vilette,le Goire,SAINT-MAURICE-DES-LIONS,16,45.995673,0.686492,1.3637,0.152,0.051,16
L111301001,L'Issoire à Esse - Pont Binot,l'Issoire,ESSE,16,46.047481,0.748926,2.6023,0.245,0.051,15
P828401001,La Lizonne à Saint-Séverin [Le Marchais],La Lizonne,SAINT-SEVERIN,16,45.296167,0.263457,5.4365,1.63,0.595,40
P831251001,La Dronne à Aubeterre-sur-Dronne,La Dronne,AUBETERRE-SUR-DRONNE,16,45.270017,0.17495,,177.173,,
P831252001,La Dronne à Bonnes,La Dronne,BONNES,16,45.238329,0.151522,19.7644,6.327,2.672,53
P839431001,La Tude à Médillac [Pont de Corps],La Tude,MEDILLAC,16,45.220437,0.028156,2.6375,0.272,0.017,50
R000000201,La Charente à Alloue,La Charente,ALLOUE,16,46.025448,0.510153,,,,
R000000301,La Charente à Pressignac,La Charente,PRESSIGNAC,16,45.802582,0.706669,,,,
R002001002,La Charente à Suris [Pont de Suris],La Charente,SURIS,16,45.847198,0.636961,1.4024,0.401,0.213,26
R016000201,La Péruse à la Péruse,La Péruse,PERUSE,16,46.023574,0.217818,,,,
R021001001,L'Argent-Or à Poursac,L'Argent-Or,POURSAC,16,45.960819,0.256261,1.2229,0.205,0.105,15
R025001001,Le Son-Sonnette à Saint-Front,La Son-Sonnette,SAINT-FRONT,16,45.892775,0.287436,1.9711,0.341,0.172,21
R108001001,La Tardoire à Montbron - Moulin de Lavaud,La Tardoire,MONTBRON,16,45.677873,0.503257,5.7548,1.6,0.518,51
R109001002,La Tardoire à la Rochefoucauld [Lacou],La Tardoire,ROCHEFOUCAULD,16,45.741458,0.381194,9.2271,2.325,,
R116001001,Le Bandiat à Feuillade [1],Le Bandiat,FEUILLADE,16,45.606843,0.472982,3.9988,1.01,0.314,32
R116002001,Le Bandiat à Marthon,Le Bandiat,MARTHON,16,45.612944,0.442754,3.2119,0.376,0.07,17
R118001001,La Tardoire à Coulgens [Pont de Coulgens],La Tardoire,COULGENS,16,45.812229,0.295943,5.2429,0.0,0.0,25
R125001001,La Bonnieure à Saint-Ciers-sur-Bonnieure [Villebette],La Bonnieure,SAINT-CIERS-SUR-BONNIEURE,16,45.870279,0.248647,1.6133,0.198,0.04,54
R202001002,La Charente à Mansle,La Charente,MANSLE,16,45.877367,0.179961,21.3674,5.019,3.071,11
R210001003,L'Aume à Oradour [Moulin de Gouge] - Moulin de Gouge 2,L'Aume,ORADOUR,16,45.913265,-0.000707,2.0038,0.153,0.06,17
R211002001,La Couture [ruisseau de Chillé] à Oradour [Fraignée],ruisseau de la couture,ORADOUR,16,45.91143,-0.010075,0.4226,0.091,0.048,14
R211003001,La Couture à Oradour [Le Maine],ruisseau de la couture,ORADOUR,16,45.917984,-0.009081,1.6909,0.235,0.011,14
R222001003,La Charente à Vindelle - Coursac,La Charente,VINDELLE,16,45.733868,0.142222,34.8427,5.472,3.355,7
R230000301,L'Argence à Champniers [Vouillac],L'Argence,CHAMPNIERS,16,45.71527,0.150728,0.9775,0.091,,4
R232003301,L'Echelle à Touvre,L'Echelle,TOUVRE,16,45.6569,0.259332,,,,
R232003302,L'Echelle à Touvre,L'Echelle,TOUVRE,16,45.662387,0.256535,,,,
R232003401,L'Echelle à Garat,L'Echelle,GARAT,16,45.642513,0.26848,,,,
R233505001,La Touvre [résurgence] à Gond-Pontouvre [Foulpougne],La Touvre,GOND-PONTOUVRE,16,45.673165,0.168806,13.2628,8.1,4.396,41
R234001001,La Charente à Angoulême,La Charente,ANGOULEME,16,45.65311,0.153098,114.639,52.369,,
R234001101,L'Anguienne à Angoulême,L'Anguienne,ANGOULEME,16,45.653174,0.14067,,,,
R234001201,L'Anguienne à Dirac,L'Anguienne,DIRAC,16,45.630536,0.186138,,,,
R301001001,La Charreau à Vœuil-et-Giget,La Charreau,VŒUIL-ET-GIGET,16,45.598934,0.141297,0.3234,0.162,0.074,14
R301001101,Le bras de la Charreau à la Couronne,Bras de la Charreau,COURONNE,16,45.619375,0.120156,,,,
R302000401,La Nouère à Asnières-sur-Nouère [Neuillac],La Nouère,ASNIERES-SUR-NOUERE,16,45.720457,0.026288,0.8053,0.083,,4
R304000201,Le bras de la Boëme à Nersac,Bras de la Boëme,NERSAC,16,45.618291,0.067733,,,,
R304000301,La Boème à Mouthiers-sur-Boëme,La Boème,MOUTHIERS-SUR-BOEME,16,45.554975,0.122208,,,,
R306000201,Le bras de la Charente à Châteauneuf-sur-Charente,Bras de la Charente,CHATEAUNEUF-SUR-CHARENTE,16,45.595636,-0.063786,,,,
R307001002,La Charente à Jarnac,La Charente,JARNAC,16,45.678192,-0.173985,117.9629,59.92,,
R307001011,La Charente à Mainxe,La Charente,MAINXE,16,45.67873,-0.178207,49.4349,15.31,7.816,21
R307001012,La Charente à Jarnac - Quai françois Mitterand,La Charente,JARNAC,16,45.680015,-0.180595,69.4443,19.891,,3
R308000101,Gensac à Gensac-la-Pallue,Rivière de Gensac,GENSAC-LA-PALLUE,16,45.672094,-0.257477,,,,
R308000201,Le Romáde à Bourg-Charente,ruisseau le romède,BOURG-CHARENTE,16,45.668655,-0.21407,,,,
R314001001,La Charente à Cognac,La Charente,COGNAC,16,45.689643,-0.339874,266.884,135.96,,
R400000201,Le Né à Blanzac-Porcheresse,Le Né,COTEAUX DU BLANZACAIS,16,45.477824,0.043378,,,,
R401000301,Le bras du ruisseau l'Arce à Cressac-Saint-Genis,Bras de l'Arce,CRESSAC-SAINT-GENIS,16,45.442845,-0.008574,,,,
R402000101,Le Né à Péreuil,Le Né,PEREUIL,16,45.482137,-0.028622,,,,
R403000301,Le bras du ruisseau l'Ecly à Péreuil,Bras du Ruisseau l'écly,PEREUIL,16,45.498671,-0.041964,,,,
R405000201,Le bras du ruisseau la Maury à Saint-Bonnet,Bras de la Maury,SAINT-BONNET,16,45.487134,-0.067857,,,,
R406000101,Le Né à Nonaville [Pont à Brac],Le Né,NONAVILLE,16,45.523518,-0.096552,1.9309,0.017,0.0,7
R409000201,Le Beau à Saint-Médard,Le Beau,SAINT-MEDARD,16,45.512192,-0.139851,,,,
R411001201,Le Collinaud à Criteuil-la-Magdeleine,Le Collinaud,CRITEUIL-LA-MAGDELEINE,16,45.542931,-0.231977,,,,
R413001101,Le Né [bras rive gauche] à Salles-d'Angles [Les Perceptiers],Le Né,SALLES-D'ANGLES,16,45.59769,-0.358737,1.4335,0.259,0.018,21
R413001201,Le Né [bief principal] à Salles-d'Angles [Les Perceptiers],Le Né,SALLES-D'ANGLES,16,45.59802,-0.358847,3.0001,0.018,0.0,21
R413001701,[05C0000002000865485] à Ars,,ARS,16,45.619598,-0.404366,,,,
N611061001,La Sèvre niortaise à Marans [Pont SNCF],,MARANS,17,46.320735,-0.957292,29.7342,4.593,,4
N801000101,La Sèvre niortaise à Charron [Pont du Brault],,CHARRON,17,46.316844,-1.082583,,,,
R321402601,L'Antenne à Prignac,L'Antenne,PRIGNAC,17,45.825052,-0.359958,1.7614,0.126,0.003,5
R420000101,Le Gua [FRFRR332] à Brives-sur-Charente,Le Gua,BRIVES-SUR-CHARENTE,17,45.666566,-0.446143,,,,
R423001001,La Charente à Chaniers - Beillant RD,La Charente,CHANIERS,17,45.705998,-0.529431,68.625,19.77,10.355,20
R423001003,La Charente à Chaniers - Beillant RG - aval,La Charente,CHANIERS,17,45.706201,-0.529277,79.0379,21.941,10.074,5
R423001004,La Charente à Chaniers - Beillant RG - amont,La Charente,CHANIERS,17,45.706146,-0.529325,94.2398,25.832,,2
R502331002,La Seugne à Saint-Germain-de-Lusignan,La Seugne,SAINT-GERMAIN-DE-LUSIGNAN,17,45.4506,-0.457766,1.9299,0.131,0.065,17
R502331201,Le bras de la Seugne à Clion,Bras de la Seugne,CLION,17,45.487016,-0.501565,,,,
R504000401,Le bras du ruisseau la Rochette à Clion,Bras du Ruisseau la Rochette,CLION,17,45.461316,-0.538844,,,,
R508000501,Le Trèfle à Réaux,Le Trèfle,REAUX SUR TREFLE,17,45.479184,-0.371765,1.7952,0.233,,4
R510000101,Le bras de la Seugne [FRFR14] à Saint-Grégoire-d'Ardennes,Bras de la Seugne,SAINT-GREGOIRE-D'ARDENNES,17,45.505489,-0.518238,,,,
R512331002,Le bras de la Seugne à Pons,Bras de la Seugne,PONS,17,45.58054,-0.543018,44.2355,16.413,,
R512331003,Le bras de la Seugne à Saint-Seurin-de-Palenne - La Lijardière,Bras de la Seugne,SAINT-SEURIN-DE-PALENNE,17,45.622814,-0.533584,7.4361,1.585,0.794,26
R520001001,La Charente à Saintes - Pont-Palissy,La Charente,SAINTES,17,45.74708,-0.629727,84.6481,35.489,30.802,11
R523001002,La Charente à Saint-Savinien,La Charente,SAINT-SAVINIEN,17,45.87959,-0.681873,,,,
R608001003,La Boutonne à Saint-Séverin-sur-Boutonne [Pont du Vert] - Moulin de Châtre,La Boutonne,SAINT-SEVERIN-SUR-BOUTONNE,17,46.079796,-0.404141,5.9985,1.017,0.404,25
R610001001,Le bras de la Boutonne à Nuaillé-sur-Boutonne,Bras de la Boutonne,NUAILLE-SUR-BOUTONNE,17,46.013519,-0.437048,14.537,4.956,,
R611000801,La Boutonne à Saint-Julien-de-l'Escap,La Boutonne,SAINT-JULIEN-DE-L'ESCAP,17,45.934235,-0.495902,11.8558,1.05,0.241,7
R614292405,La Boutonne à Saint-Jean-d'Angély - Pont Saint-Jacques,La Boutonne,SAINT-JEAN-D'ANGELY,17,45.93661,-0.526709,10.7902,1.753,,3
R614292901,La Boutonne [La Boutonne] à Saint-Jean-d'Angély,La Boutonne,SAINT-JEAN-D'ANGELY,17,45.936874,-0.526636,13.7217,3.109,0.279,9
R616461001,La Trézence à Puyrolland [Tournay],La Trézence,PUYROLLAND,17,46.036696,-0.633932,0.7225,0.037,0.0,43
R618001001,La Boutonne à Tonnay-Boutonne,La Boutonne,TONNAY-BOUTONNE,17,45.965389,-0.7027,107.211,53.319,,
R730001001,La Charente à Rochefort,La Charente,ROCHEFORT,17,45.946489,-0.953492,,,,
S011401003,La Seudre à Saint-André-de-Lidon [Pont de Saint-André],La Seudre,SAINT-ANDRE-DE-LIDON,17,45.603417,-0.748148,0.9686,0.144,0.027,20
S011451001,La Seudre à Corme-Écluse,La Seudre,CORME-ECLUSE,17,45.645768,-0.851747,1.7541,0.307,0.039,19
S012001001,La Seudre à Saujon,La Seudre,SAUJON,17,45.674086,-0.925057,,,,
S012001201,La Seudre à l'Éguille,La Seudre,EGUILLE,17,45.709234,-0.972776,,,,
S013000101,La Seudre [Estuaire] à Marennes - Viaduc,La Seudre,MARENNES,17,45.799834,-1.137448,,,,
S020001001,[La Gironde] à Royan,,ROYAN,17,45.620576,-1.027806,,,,
Z600000101,[Océan] à Saint-Pierre-d'Oléron [l'Océan à la Cotinière] - L'Océan à La Cotinière,,SAINT-PIERRE-D'OLERON,17,45.913912,-1.327887,,,,
K365081001,L'Allier à Cuffy - Pont du Guétin,l'Allier,CUFFY,18,46.946581,3.069838,141.2167,48.992,23.773,55
K400001010,La Loire à Cours-les-Barres - Givry,la Loire,COURS-LES-BARRES,18,47.015996,3.072113,306.188,99.335,55.324,53
K401301001,L'Aubois à Grossouvre - Trézy,l'Aubois,GROSSOUVRE,18,46.894667,2.932501,0.7678,0.159,0.078,29
K407311001,La Vauvise à Saint-Bouize - La Grange,la Vauvise,SAINT-BOUIZE,18,47.27071,2.896502,2.9974,0.679,0.209,27
K408001001,La Loire à Saint-Satur - Ecluse de Saint-Thibault,la Loire,SAINT-SATUR,18,47.341196,2.866674,284.1113,100.744,51.329,24
K451000101,à Brinon-sur-Sauldre - Le Beuvron à Brinon-sur-Sauldre,,BRINON-SUR-SAULDRE,18,2.278299,47.626743,,,,
K540092001,Le Cher à Saint-Amand-Montrond,le Cher,SAINT-AMAND-MONTROND,18,46.725914,2.490608,27.3925,3.963,1.766,48
K543302001,La Marmande à Saint-Pierre-les-Étieux - Brébeurre,la Marmande,SAINT-PIERRE-LES-ETIEUX,18,46.726831,2.623428,1.1518,0.232,0.08,31
K544000201,La Loubière à Faverdines,la Loubière,FAVERDINES,18,46.653169,2.472943,0.1895,0.047,0.008,6
K548092010,Le Cher à Saint-Florent-sur-Cher - [Pont],le Cher,SAINT-FLORENT-SUR-CHER,18,46.992074,2.244781,24.353,5.646,,4
K548092011,Le Cher à Saint-Florent-sur-Cher - [Seuil],le Cher,SAINT-FLORENT-SUR-CHER,18,46.990874,2.245758,,,,
K549090001,Le Cher à Vierzon,le Cher,VIERZON,18,47.216503,2.065373,28.2781,5.906,3.041,30
K555230001,L'Yèvre à Savigny-en-Septaine,l'Yèvre,SAVIGNY-EN-SEPTAINE,18,47.050099,2.563278,3.3309,0.243,0.012,25
K555458001,L'Ouatier à Moulins-sur-Yèvre - Maubranche,l'Ouatier,MOULINS-SUR-YEVRE,18,47.102904,2.528551,0.8646,0.24,0.04,21
K557410001,Le Moulon à Bourges - Asnières,le Moulon,BOURGES,18,47.123996,2.42138,1.0203,0.19,0.076,27
K562301001,L'Auron au Pondy,l'Auron,PONDY,18,46.803895,2.651216,1.0389,0.161,0.046,33
K565301001,L'Auron à Bourges - L'Ormediot,l'Auron,BOURGES,18,47.036965,2.448059,3.6421,0.721,0.247,56
K570232001,L'Yèvre à Saint-Doulchard - Moulin Batard déviation,l'Yèvre,SAINT-DOULCHARD,18,47.085619,2.35251,12.4089,2.677,1.449,17
K571231001,L'Yèvre à Foëcy,l'Yèvre,FOECY,18,47.187182,2.168819,14.1374,3.284,1.522,16
K571231002,L'Yèvre à Foëcy - Station débitmétrique,l'Yèvre,FOECY,18,47.187202,2.169076,12.02,7.428,,
K573000101,Le Barangeon à Vouzeron,le Barangeon,VOUZERON,18,47.256858,2.226026,0.9682,0.21,0.089,5
K602242001,L'Arnon à Loye-sur-Arnon,l'Arnon,LOYE-SUR-ARNON,18,46.652854,2.376206,1.3415,0.319,0.243,17
K602242201,L'Arnon à Sidiailles,l'Arnon,SIDIAILLES,18,46.509173,2.332333,,,,
K606301001,La Sinaise à Rezay,la Sinaise,REZAY,18,46.672703,2.180579,0.6788,0.115,0.04,9
K610243001,L'Arnon à Mareuil-sur-Arnon,l'Arnon,MAREUIL-SUR-ARNON,18,46.880358,2.12944,4.0899,0.684,0.342,11
K619242001,L'Arnon à Méreau - Alnay,l'Arnon,MEREAU,18,47.180514,2.032453,11.7954,3.299,1.682,28
K632251010,La Sauldre à Vailly-sur-Sauldre,la Sauldre,VAILLY-SUR-SAULDRE,18,47.457143,2.647387,,,,
K632251101,La Sauldre à Concressault,la Sauldre,CONCRESSAULT,18,47.491072,2.580936,3.2314,0.711,,2
K633252001,La Sauldre à Brinon-sur-Sauldre,la Sauldre,BRINON-SUR-SAULDRE,18,47.564097,2.258763,4.417,1.287,0.517,34
K633401001,La Nère à Aubigny-sur-Nère,,AUBIGNY-SUR-NERE,18,47.49157,2.435774,0.6315,0.209,0.083,44
K637302002,La Petite Sauldre à Ménétréol-sur-Sauldre,la Petite Sauldre,MENETREOL-SUR-SAULDRE,18,47.446985,2.307507,3.1447,0.833,0.529,10
L001061001,La Vienne à Peyrelevade [Servières],la Vienne,PEYRELEVADE,19,45.702043,2.007497,1.7512,0.56,0.192,68
L001061101,La Vienne à Peyrelevade [EDF - La Rigole du Diable],la Vienne,PEYRELEVADE,19,45.704259,1.995021,1.9145,0.543,0.178,53
P018000101,La Dordogne à Bort-les-Orgues [EDF - QNR],La Dordogne,BORT-LES-ORGUES,19,45.413001,2.499058,23.5252,7.42,2.984,103
P071401001,La Diège à Chaveroche,La Diège,CHAVEROCHE,19,45.584301,2.263367,4.702,1.865,0.951,57
P092401001,La Triouzoune à Saint-Angel,La Triouzoune,SAINT-ANGEL,19,45.491326,2.239468,1.7026,0.517,0.166,54
P115000101,La Luzège à Lamazière-Basse [EDF - Pont de Bouyges],La Luzège,LAMAZIERE-BASSE,19,45.381503,2.130312,6.4437,1.769,0.523,62
P122000101,La Dordogne à Servières-le-Château [EDF - Le Chastang],La Dordogne,SERVIERES-LE-CHATEAU,19,45.151239,2.011047,94.5976,18.8,9.381,47
P135001001,La Dordogne à Argentat,La Dordogne,ARGENTAT-SUR-DORDOGNE,19,45.092441,1.942428,101.1742,26.3,11.435,81
P159251001,La Maronne à Argentat [Basteyroux],La Maronne,ARGENTAT-SUR-DORDOGNE,19,45.083437,1.946272,19.9408,3.4,0.869,105
P163001001,La Dordogne à Brivezac,La Dordogne,BRIVEZAC,19,45.010011,1.853185,129.1567,39.1,16.755,63
P165001001,La Dordogne à Altillac [Beaulieu],La Dordogne,ALTILLAC,19,44.977305,1.843489,125.8959,40.87,18.943,38
P211401001,La Sourdoire à la Chapelle-aux-Saints,La Sourdoire,CHAPELLE-AUX-SAINTS,19,44.988361,1.724692,0.9232,0.1,0.03,52
P300101001,La Vézère à Saint-Merd-les-Oussines [Maisonnial],La Vézère,SAINT-MERD-LES-OUSSINES,19,45.629523,2.007572,1.4225,0.463,0.165,64
P301541001,L'Ars à Pérols-sur-Vézère [Ars],rivière la petite vézère,PEROLS-SUR-VEZERE,19,45.600269,2.001989,0.9769,0.325,0.134,52
P302000101,La Vézère à Bugeat [EDF],La Vézère,BUGEAT,19,45.60091,1.92184,4.3469,1.31,0.409,73
P303101001,La Vézère à Lestards [Monceaux],La Vézère,LESTARDS,19,45.576235,1.838165,,,,
P310101001,La Vézère à Peyrissac,La Vézère,PEYRISSAC,19,45.50064,1.706982,12.0103,2.73,1.719,17
P313102001,La Vézère à Uzerche,La Vézère,UZERCHE,19,45.427857,1.565772,25.3746,6.51,,
P316401001,Le Bradascou à Uzerche [Pont-Vieux],Le Bradascou,UZERCHE,19,45.43045,1.557251,2.8097,1.103,0.616,50
P319431001,La Brézou à Vigeois [Pont de Bleygeat],Le Brézou,VIGEOIS,19,45.360526,1.517187,1.9269,0.8,0.403,53
P320101001,La Vézère à Voutezac [Le Saillant],La Vézère,VOUTEZAC,19,45.284875,1.463793,24.5667,10.051,3.316,43
P323401001,La Loyre à Voutezac [Pont de l'Aumonerie],La Loyre,VOUTEZAC,19,45.306118,1.415143,1.7015,0.556,0.237,57
P326431001,Le Roseix à Vars-sur-Roseix,Le Roseix,VARS-SUR-ROSEIX,19,45.262006,1.380651,0.7351,0.054,0.005,50
P327401001,La Loyre à Saint-Viance [Pont de Burg],La Loyre,SAINT-VIANCE,19,45.2179,1.438012,3.37,0.734,0.336,42
P332251001,La Corrèze à Saint-Yrieix-le-Déjalat [Pont de Lanour],La Corrèze,SAINT-YRIEIX-LE-DEJALAT,19,45.468506,1.964732,1.984,0.52,0.154,54
P335252001,La Corrèze à Corrèze,La Corrèze,CORREZE,19,45.372317,1.880203,5.7813,1.628,0.488,32
P350251001,La Corrèze à Tulle [Pont des soldats],La Corrèze,TULLE,19,45.274923,1.779345,9.8774,2.864,0.966,56
P361401001,La Montane à Eyrein [Pont du Geai],La Montane,EYREIN,19,45.34238,1.939009,1.2309,0.346,0.114,68
P367401001,La Saint-Bonnette [La Montane] à Laguenne,La Saint-Bonnette,LAGUENNE,19,45.250808,1.765531,4.5806,1.127,0.458,35
P384010101,La Roanne à Dampniat - Les Rasclies,La Roanne,DAMPNIAT,19,45.168893,1.653887,1.8584,0.451,0.181,12
P392252001,La Corrèze à Brive-la-Gaillarde - Pont du Buy,La Corrèze,BRIVE-LA-GAILLARDE,19,45.164118,1.54058,20.384,6.292,2.673,34
P399401001,Le Maumont Blanc à Ussac [La Chanourdie],rivière le maumont,USSAC,19,45.188466,1.488835,2.7103,0.9,0.447,47
P400101001,La Vézère à Larche,La Vézère,LARCHE,19,45.123331,1.415785,49.2723,15.921,5.755,57
P400101002,La Vézère à Larche - Capteur débitmétrique,La Vézère,LARCHE,19,45.123331,1.415785,55.9442,16.983,7.096,5
P401501001,La Couze à Chasteaux [Le Soulier],La Couze,CHASTEAUX,19,45.094718,1.468534,0.8469,0.225,0.122,55
P401551001,[Le Sorpt] à Chasteaux [Roziers] - (affluent de la Couze),,CHASTEAUX,19,45.087241,1.469878,0.2771,0.08,0.053,10
P620251001,L'Auvézère à Benayes,L'Auvézère,BENAYES,19,45.516649,1.475544,0.3277,0.102,0.038,39
P622251001,L'Auvézère à Lubersac,L'Auvézère,LUBERSAC,19,45.441772,1.360713,1.4817,0.497,0.21,29
F001000101,Le Revinson à Aignay-le-Duc,Le Revinson,AIGNAY-LE-DUC,21,47.662934,4.700962,0.5405,0.11,0.035,19
F002000101,La Coquille à Beaunotte,La Coquille,BEAUNOTTE,21,47.678655,4.704965,0.6727,0.185,0.064,19
F020000101,La Laignes [Douix de Laignes] à Laignes - Fontaine de la Laignes,La Laignes,LAIGNES,21,47.842954,4.365244,,,,
F041000201,La Digeanne à Montmoyen,La Digeanne,MONTMOYEN,21,47.740042,4.786664,1.1129,0.296,0.11,19
F042000101,Le ruisseau du Canal [Source ruisseau du canal - Abbaye Val des Choues] à Villiers-le-Duc - Source Val des Choues,Ruisseau du Canal,VILLIERS-LE-DUC,21,47.768554,4.754654,,,,
F324000201,L'Argentalet à la Roche-en-Brenil [Hameau de Clermont],L'Argentalet,ROCHE-EN-BRENIL,21,47.407439,4.170067,0.4383,0.034,0.0,7
F330000101,L'Armançon à Pont-et-Massène [Barrage] - Aval barrage,L'Armancon,PONT-ET-MASSENE,21,47.470104,4.36098,1.7669,0.254,0.127,7
F330000102,L'Armançon à Pont-et-Massène [Barrage] - Amont barrage,L'Armancon,PONT-ET-MASSENE,21,47.468521,4.359333,,,,
F332000201,La Brenne à Aubigny-lès-Sombernon,La Brenne,AUBIGNY-LES-SOMBERNON,21,47.304381,4.638598,0.245,0.019,0.002,14
F332000202,La Brenne à Aubigny-lès-Sombernon - Débit entrant au barrage,La Brenne,AUBIGNY-LES-SOMBERNON,21,47.312522,4.600858,,,,
F333000201,L'Ozerain à Hauteroche,L'Ozerain,HAUTEROCHE,21,47.489158,4.579868,0.9004,0.101,0.004,25
F335000101,La source de la Douix à Darcey - Douix de Darcey,Cours d'Eau 01 de la Commune de Darcey,DARCEY,21,47.556092,4.581453,,,,
F336000201,Le Tantavion à Montigny-Montfort - Source des Ormes,Le Tantavion,MONTIGNY-MONTFORT,21,47.571435,4.35679,,,,
H002001001,La Seine à Quemigny-sur-Seine [Cosne],La Seine,QUEMIGNY-SUR-SEINE,21,47.67808,4.669533,2.9563,0.693,0.249,21
H010001001,La Seine à Nod-sur-Seine,La Seine,NOD-SUR-SEINE,21,47.764482,4.57034,4.5761,1.091,0.381,57
H030101001,L'Ource à Leuglay [Froidvent],L'Ource,LEUGLAY,21,47.798345,4.823551,2.0881,0.432,0.131,40
H032103001,L'Ource à Autricourt,L'Ource,AUTRICOURT,21,47.998637,4.615057,6.3095,1.271,0.369,58
H232201001,Le Serein à Bierre-lès-Semur,Le Serein,BIERRE-LES-SEMUR,21,47.417855,4.291088,2.3173,0.203,0.031,55
H240201001,L'Armançon à Brianny,L'Armancon,BRIANNY,21,47.413486,4.380671,1.6371,0.223,0.061,55
H241201001,L'Armançon à Quincy-le-Vicomte,L'Armancon,QUINCY-LE-VICOMTE,21,47.608727,4.262583,3.5127,0.522,0.304,46
H242231001,La Brenne à Brain,La Brenne,BRAIN,21,47.464204,4.499742,1.183,0.175,0.048,32
H243401001,L'Oze à Darcey,L'Oze,DARCEY,21,47.534681,4.539873,2.6231,0.442,0.073,30
H244234001,La Brenne à Montbard,La Brenne,MONTBARD,21,47.623218,4.323845,8.2076,1.339,0.299,37
U092401001,La Vingeanne à Saint-Maurice-sur-Vingeanne,La Vingeanne,SAINT-MAURICE-SUR-VINGEANNE,21,47.577921,5.40622,4.0719,0.827,0.336,54
U092402001,La Vingeanne à Oisilly,La Vingeanne,OISILLY,21,47.42158,5.367218,6.0348,1.551,0.776,54
U110901001,La Venelle à Selongey,La Venelle,SELONGEY,21,47.584173,5.189832,0.5886,0.125,0.042,55
U110901101,La Venelle à Véronnes,La Venelle,VERONNES,21,47.530052,5.232909,0.5099,0.102,0.013,20
U110901201,La Venelle à Lux,La Venelle,LUX,21,47.494885,5.214938,0.3641,0.054,0.0,19
U111502001,La Bèze à Bèze [Ferme de Rome],La Bèze,BEZE,21,47.457225,5.277851,3.8729,1.929,0.997,44
U111521001,Le Pannecul à Noiron-sur-Bèze [Rente de l'Ile],Pannecul,NOIRON-SUR-BEZE,21,47.444408,5.288987,0.0924,0.029,0.014,49
U111521201,La Bèze à Mirebeau-sur-Bèze,La Bèze,MIREBEAU-SUR-BEZE,21,47.397774,5.31739,3.8593,1.959,1.205,11
U111521401,L'Albane à Saint-Léger-Triey,L'Albane,SAINT-LEGER-TRIEY,21,47.326765,5.353853,0.5604,0.168,0.073,14
U112001001,La Saône à Auxonne,La Saône,AUXONNE,21,47.190487,5.378932,132.0469,60.875,54.016,26
U120401001,La Tille à Crécey-sur-Tille,La Tille,CRECEY-SUR-TILLE,21,47.552738,5.125563,2.7501,0.493,0.104,54
U120401201,La Tille à Marey-sur-Tille,La Tille,MAREY-SUR-TILLE,21,47.606873,5.075632,2.2635,0.443,0.166,24
U121503001,L'Ignon à Villecomte,L'Ignon,VILLECOMTE,21,47.514577,5.031644,3.4317,0.484,0.001,38
U121504001,L'Ignon à Poncey-sur-l'Ignon [Village],L'Ignon,PONCEY-SUR-L'IGNON,21,47.493907,4.76204,0.2641,0.06,0.027,17
U121504101,L'Ignon à Lamargelle,L'Ignon,LAMARGELLE,21,47.515597,4.817268,0.8707,0.175,0.057,24
U121504201,L'Ignon [Source de l'Ignon] à Poncey-sur-l'Ignon - Source de l'Ignon,L'Ignon,PONCEY-SUR-L'IGNON,21,47.479328,4.753831,,,,
U122401001,La Tille à Arceau [Arcelot],La Tille,ARCEAU,21,47.373016,5.189111,7.2543,0.647,0.092,59
U122402001,La Tille à Cessey-sur-Tille,La Tille,CESSEY-SUR-TILLE,21,47.280052,5.217468,6.9693,0.776,0.144,62
U122402201,La Tille à Spoy,La Tille,SPOY,21,47.447255,5.193252,7.5246,0.808,0.0,20
U123502001,La Norges à Genlis,La Norges,GENLIS,21,47.238179,5.220951,2.7681,0.653,0.193,62
U123502201,La Norges à Saint-Julien,La Norges,SAINT-JULIEN,21,47.400675,5.148319,1.168,0.214,0.022,24
U124404001,La Tille à Champdôtre,La Tille,CHAMPDOTRE,21,47.179364,5.299577,10.8026,1.892,0.489,32
U130561001,La Vandenesse à Crugey,La Vandenesse,CRUGEY,21,47.171546,4.693227,0.9065,0.198,0.093,29
U131401001,L'Ouche à la Bussière-sur-Ouche,L'Ouche,BUSSIERE-SUR-OUCHE,21,47.210058,4.725732,2.5741,0.572,0.285,40
U131402001,L'Ouche à Sainte-Marie-sur-Ouche [Pont de Pany],L'Ouche,SAINTE-MARIE-SUR-OUCHE,21,47.296792,4.813355,3.6261,0.523,0.226,40
U132401001,L'Ouche à Plombières-lès-Dijon,L'Ouche,PLOMBIERES-LES-DIJON,21,47.331554,4.981263,6.1615,1.3,0.635,58
U132903001,Le Suzon à Val-Suzon [Village],Le Suzon,VAL-SUZON,21,47.407475,4.893415,0.5055,0.059,0.003,26
U133401001,L'Ouche à Trouhans,L'Ouche,TROUHANS,21,47.152922,5.279,8.9788,2.267,1.124,58
U133402001,L'Ouche à Crimolois,L'Ouche,CRIMOLOIS,21,47.266386,5.117437,8.6439,2.365,1.345,47
U141503001,La Vouge à Saint-Nicolas-lès-Cîteaux [Abbaye-de-Cîteaux],La Vouge,SAINT-NICOLAS-LES-CITEAUX,21,47.124921,5.098563,1.0868,0.219,0.061,27
U141504001,La Vouge à Aubigny-en-Plaine,La Vouge,AUBIGNY-EN-PLAINE,21,47.134052,5.179465,2.1006,0.542,0.183,32
U141541001,La Sansfond [Cent Fonts] à Saulon-la-Rue,la sans fond,SAULON-LA-RUE,21,47.221976,5.070201,0.3007,0.204,0.156,44
U141601001,La Varaude à Izeure [Tarsul],La Varaude,IZEURE,21,47.179412,5.118599,0.6864,0.245,0.089,23
U141641001,La Biètre à Brazey-en-Plaine,La Biètre,BRAZEY-EN-PLAINE,21,47.130198,5.216041,0.5532,0.272,0.158,24
U142001001,La Saône à Pagny-la-Ville [Lechâtelet],La Saône,PAGNY-LA-VILLE,21,47.066764,5.149224,154.6467,44.6,21.436,60
U301401001,La Dheune à Santenay,La Dheune,SANTENAY,21,46.908442,4.706334,1.9823,0.392,0.249,14
U303581001,La Lauve à Ladoix-Serrigny [source de Ladoix],La Lauve,LADOIX-SERRIGNY,21,47.0726,4.875648,0.2349,0.086,0.044,26
U303601201,Le Meuzin à Corgengoux,Le Meuzin,CORGENGOUX,21,46.987155,4.988437,1.707,0.347,,3
J061161001,La Rance à Saint-Jouan-de-l'Isle - Pont Rimbert,,SAINT-JOUAN-DE-L'ISLE,22,48.254107,-2.167618,1.2688,0.258,0.086,41
J080000201,La Rance à Dinan - Pont de Léhon - Rue Anne,,DINAN,22,48.441176,-2.037488,,,,
J080000202,La Rance à Dinan,,DINAN,22,48.441176,-2.037488,,,,
J100452001,Le Frémur [de Lancieux] à Pleslin-Trigavou - Vieux Moulin,le Frémur,PLESLIN-TRIGAVOU,22,48.550659,-2.074754,0.2344,0.038,0.02,34
J110301001,L'Arguenon à Jugon-les-Lacs - Bois Léard,l'Arguenon,JUGON-LES-LACS - COMMUNE NOUVELLE,22,48.402669,-2.333372,0.8377,0.114,0.022,53
J110581001,Le Quiloury à Plénée-Jugon - La Salle ès Pies,,PLENEE-JUGON,22,48.371178,-2.383216,0.292,0.026,0.003,25
J111401001,La Rosette à Mégrit - Pont D 19,la Rosette,MEGRIT,22,48.364962,-2.248394,0.7639,0.089,0.017,50
J120541001,Le Frémur [d'Hénanbihen] à Pléboulle - Montbran,le Frémur,PLEBOULLE,22,48.593873,-2.360209,0.4108,0.035,0.012,15
J131301001,Le Gouessant à Andel - Le Quingueret,le Gouessant,ANDEL,22,48.484562,-2.567963,1.5846,0.216,0.076,45
J132401001,L'Evron à Coëtmieux - La Rue,l'Evron,COETMIEUX,22,48.490325,-2.606063,1.177,0.143,0.024,42
J140531001,L'Urne à Plédran - Magenta,l'Urne,PLEDRAN,22,48.466786,-2.751962,0.4121,0.088,0.031,31
J151301001,Le Gouët à Saint-Julien - La Saudraie,le Gouët,SAINT-JULIEN,22,48.446553,-2.833334,1.6927,0.447,0.209,46
J152302001,Le Gouët à Ploufragan - Le Pré Aly [aval barrage Saint-Barthélémy],le Gouët,PLOUFRAGAN,22,48.510233,-2.827231,2.1234,0.371,0.237,27
J152401001,La Maudouve à Saint-Donan - La Ville ès Ruelle,la Mandouve,SAINT-DONAN,22,48.467494,-2.84809,0.2928,0.058,0.024,35
J161401001,L'Ic à Binic - Ancienne échelle,l'Ic,BINIC,22,48.601097,-2.852455,0.5685,0.159,0.105,9
J161401002,L'Ic à Binic - Saint Gilles,l'Ic,BINIC,22,48.601097,-2.852455,0.6834,0.185,0.113,12
J161401003,L'Ic à Binic - Ancienne échelle - Débimètrique,l'Ic,BINIC,22,48.601097,-2.852455,,,,
J171171001,Le Trieux à Saint-Péver - Pont Locminé,le Trieux,SAINT-PEVER,22,48.483218,-3.114503,2.7032,0.675,0.27,45
J172172001,Le Trieux à Saint-Clet - Chateaulin,le Trieux,SAINT-CLET,22,48.690103,-3.167077,5.4244,1.266,0.558,36
J180301001,Le Leff à Boqueho - Moulin Neuf,le Leff,BOQUEHO,22,48.481872,-2.951262,0.4815,0.113,0.062,30
J181301001,Le Leff à Yvias - Rivoallan,le Leff,YVIAS,22,48.705903,-3.068189,2.8677,0.595,0.257,52
J202301001,Le Jaudy à Mantallot - Kerbrido,le Jaudy,MANTALLOT,22,48.713855,-3.270272,1.8187,0.372,0.17,44
J203401001,Le Guindy à Plouguiel - Kerallio,le Guindy,PLOUGUIEL,22,48.782555,-3.256646,1.3322,0.402,0.212,41
J223301001,Le Léguer à Belle-Isle-en-Terre - Terrain de football,le Léguer,BELLE-ISLE-EN-TERRE,22,48.547094,-3.398424,4.865,1.174,0.556,53
J223302001,Le Léguer à Pluzunet - Pont Coat Dunois,le Léguer,PLUZUNET,22,48.63578,-3.414355,6.3276,1.393,0.715,32
J231491001,Le Yar à Tréduder - Milin ar Veuzit,le Yar,TREDUDER,22,48.646858,-3.577471,0.8278,0.249,0.128,44
J371301001,L'Hyère à Trébrivan - Le Nezert,,TREBRIVAN,22,48.321005,-3.510224,4.4808,0.691,0.215,51
J520211001,Le Blavet à Kerien - Kerlouët,,KERIEN,22,48.391519,-3.250834,0.3646,0.085,0.028,45
J520521001,Le Moulin de l'Estolet à Kerien - Moulin de Camel,le Moulin de l'Estolet,KERIEN,22,48.387442,-3.244292,0.2331,0.071,0.029,24
J521212001,Le Blavet à Lanrivain - Pont D 87 [aval retenue Kerné-Uhel],,LANRIVAIN,22,48.342317,-3.248554,1.4761,0.192,0.103,27
J522401002,Le Sulon à Sainte-Tréphine - Trozulon,le Sulon,SAINTE-TREPHINE,22,48.255921,-3.152622,1.7239,0.304,0.102,9
J540212001,Le Blavet à Plélauff - Bon-Repos,,PLELAUFF,22,48.21266,-3.130689,8.7586,1.817,0.934,22
J541211001,Le Blavet à Mûr-de-Bretagne [EDF] - Guerlédan,,GUERLEDAN,22,48.194831,-3.01781,10.8559,2.543,1.093,74
J800231002,L'Oust à Saint-Martin-des-Prés - La Ville Rouault,,SAINT-MARTIN-DES-PRES,22,48.321917,-2.965181,0.3419,0.051,0.019,18
J800232001,L'Oust à Allineuc [cote barrage Bosméléac],,ALLINEUC,22,48.300401,-2.901391,,,,
J802231003,L'Oust à Hémonstoir - Pont D 69,,HEMONSTOIR,22,48.158519,-2.816776,3.2081,0.409,0.185,16
J813301001,Le Lié à Plémet - Saint-Sauveur-le-Haut,le Lié,PLEMET,22,48.201986,-2.622115,3.5498,0.95,0.416,43
K509090001,Le Cher à Chambonchard - La Caborne,le Cher,CHAMBONCHARD,23,46.177195,2.550583,5.0113,0.892,0.097,20
K513301001,La Tardes à Champagnat,la Tardes,CHAMPAGNAT,23,46.020189,2.323506,1.88,0.262,0.006,9
K514311001,La Voueize à Gouzon,la Voueize,GOUZON,23,46.196657,2.260198,1.4424,0.15,0.01,43
K518302001,La Tardes à Chambon-sur-Voueize - Camping,la Tardes,CHAMBON-SUR-VOUEIZE,23,46.186932,2.434169,7.4094,0.825,0.022,17
K518302002,La Tardes à Évaux-les-Bains,la Tardes,EVAUX-LES-BAINS,23,46.184417,2.444958,9.1465,1.18,0.103,74
L023151001,Le Taurion à Pontarion,le Taurion,PONTARION,23,45.996519,1.8468,6.7157,2.168,0.675,104
L031401001,La Vige à Saint-Martin-Sainte-Catherine,la Vige,SAINT-MARTIN-SAINTE-CATHERINE,23,45.956019,1.578313,2.5755,0.954,0.41,67
L401071001,La Creuse à Felletin,la Creuse,FELLETIN,23,45.888371,2.167218,3.8077,1.213,0.433,57
L403301001,La Rozeille à Moutier-Rozeille [Aubusson],la Rozeille,MOUTIER-ROZEILLE,23,45.931905,2.177233,2.5494,0.6,0.154,57
L410071001,La Creuse à Aubusson [Pont-de-la-Rebeyrette],la Creuse,AUBUSSON,23,45.950392,2.173445,5.3525,1.011,0.487,16
L421071001,La Creuse à Glénic,la Creuse,GLENIC,23,46.223921,1.919192,11.6948,2.932,0.818,32
L422071001,La Creuse à Fresselines [Vervy],la Creuse,FRESSELINES,23,46.378427,1.679069,15.4407,3.141,0.905,69
L432000101,La Petite Creuse à Genouillac,la Petite Creuse,GENOUILLAC,23,46.357692,1.993755,,,,
L440000101,La Petite Creuse à Genouillac [EDF],la Petite Creuse,GENOUILLAC,23,46.357705,1.993693,5.2164,0.751,0.176,57
L441171001,La Petite Creuse à Fresselines [Puy Rageaud],la Petite Creuse,FRESSELINES,23,46.385936,1.688999,8.2603,1.431,0.361,67
L500181001,La Gartempe à Saint-Victor-en-Marche,la Gartempe,SAINT-VICTOR-EN-MARCHE,23,46.119322,1.786215,1.1636,0.404,0.188,22
O925500101,La Banège à Plaisance [Moulin de la Ferrière],La Banège,PLAISANCE,24,44.68975,0.549539,0.3242,0.043,0.016,14
P231502601,La Borrèze à Borrèze,La Borrèze,BORREZE,24,44.943103,1.409697,,,,
P237501201,L'Enéa à Carsac-Aillac [Peydezou],Ruisseau d'Enéa,CARSAC-AILLAC,24,44.860023,1.278175,0.4446,0.159,0.047,7
P238001001,La Dordogne à Cénac-et-Saint-Julien,La Dordogne,CENAC-ET-SAINT-JULIEN,24,44.805388,1.204444,187.6161,62.5,23.261,125
P248401001,Le Céou à Saint-Cybranet,Le Céou,SAINT-CYBRANET,24,44.789417,1.171138,3.2218,0.23,0.014,53
P248402001,Le Céou à Saint-Cybranet [Maisonneuve],Le Céou,SAINT-CYBRANET,24,44.8001,1.162024,3.1128,0.35,0.245,15
P257401001,La Nauze à Siorac-en-Périgord [La Tutte Basse],La Nauze,SIORAC-EN-PERIGORD,24,44.814497,0.998971,0.712,0.303,0.21,15
P258001001,La Dordogne à Siorac-en-Périgord,La Dordogne,SIORAC-EN-PERIGORD,24,44.827078,0.990436,179.4368,53.287,23.424,17
P411401001,Le Cern au Lardin-Saint-Lazare [Rispe],Le Cern,LARDIN-SAINT-LAZARE,24,45.13496,1.202099,0.932,0.141,0.05,43
P413501001,Le Coly à Condat-sur-Vézère [Pont de Bouch],Le Coly,CONDAT-SUR-VEZERE,24,45.104216,1.257352,1.5354,0.385,0.079,41
P413511001,La Chironde à Saint-Amand-de-Coly [La Reynie],La Chironde,SAINT-AMAND-DE-COLY,24,45.047868,1.267377,0.27,0.081,0.009,15
P416101001,La Vézère à Montignac,La Vézère,MONTIGNAC,24,45.065074,1.161415,57.739,18.2,7.357,116
P425401001,La Grande Beune à Tamniès [Moulin du Maillet],La Grande Beune,TAMNIES,24,44.95839,1.133533,0.2467,0.065,0.018,15
P427101001,La Vézère à Campagne,La Vézère,CAMPAGNE,24,44.903708,0.959076,58.2495,19.915,8.8,57
P500000201,La Dordogne à Alles-sur-Dordogne,La Dordogne,ALLES-SUR-DORDOGNE,24,44.880067,0.867601,242.3456,77.295,30.648,8
P504401001,La Couze à Bayac,La Couze,BAYAC,24,44.804195,0.730102,0.9721,0.211,0.075,15
P514001001,La Dordogne à Bergerac,La Dordogne,BERGERAC,24,44.849564,0.482518,289.9652,109.368,41.359,49
P524401001,Le Caudeau à Lembras,Le Caudeau,LEMBRAS,24,44.885448,0.548786,1.684,0.333,0.103,15
P532001001,La Dordogne à Lamonzie-Saint-Martin,La Dordogne,LAMONZIE-SAINT-MARTIN,24,44.85468,0.357342,239.1538,79.316,38.795,17
P540401002,Le bras du ruisseau l'Eyraud à la Force - La Farganière,Bras de l'Eyraud,FORCE,24,44.886933,0.362365,0.5712,0.063,0.033,16
P603152001,L'Isle à Jumilhac-le-Grand - Pont R 79,L'Isle,JUMILHAC-LE-GRAND,24,45.504213,1.062072,2.9669,0.856,0.4,14
P608151001,L'Isle à Corgnac-sur-l'Isle,L'Isle,CORGNAC-SUR-L'ISLE,24,45.375493,0.949464,6.3911,1.977,0.888,60
P611401001,La Loue à Angoisse - Sarlande,La Loue,ANGOISSE,24,45.432744,1.123795,1.2471,0.326,0.153,15
P613402001,La Loue à Saint-Médard-d'Excideuil - Excideuil,La Loue,SAINT-MEDARD-D'EXCIDEUIL,24,45.337212,1.060171,2.9037,0.797,0.285,34
P613402002,La Loue à Saint-Médard-d'Excideuil,La Loue,SAINT-MEDARD-D'EXCIDEUIL,24,45.344206,1.068255,2.9585,0.823,0.293,59
P616151001,L'Isle à Mayac,L'Isle,MAYAC,24,45.282566,0.936423,10.7852,2.783,1.219,30
P616151101,[l'Isle] à Escoire,,ESCOIRE,24,45.212418,0.838358,14.0651,5.086,2.876,23
P634251001,L'Auvézère à Cherveix-Cubas,L'Auvézère,CHERVEIX-CUBAS,24,45.297841,1.127266,8.9247,2.25,1.297,40
P636251001,L'Auvézère à Tourtoirac,L'Auvézère,TOURTOIRAC,24,45.271461,1.05867,8.6033,2.109,0.857,24
P638251001,L'Auvézère au Change [Aubarède],L'Auvézère,CHANGE,24,45.194787,0.87861,8.8045,1.799,0.528,45
P644000101,[La Source du Toulon] à Périgueux,,PERIGUEUX,24,45.199692,0.698846,,,,
P646000101,[La Source des Moulineaux] à Razac-sur-l'Isle,,RAZAC-SUR-L'ISLE,24,45.175373,0.610552,,,,
P700151001,L'Isle à Bassillac [Charrieras],L'Isle,BASSILLAC ET AUBEROCHE,24,45.2028,0.804329,25.2153,8.35,3.966,57
P704151001,L'Isle à Périgueux,L'Isle,PERIGUEUX,24,45.18503,0.701063,27.0295,8.557,4.182,64
P712151001,L'Isle à Mussidan,L'Isle,MUSSIDAN,24,45.038298,0.369675,35.6965,16.982,13.96,33
P714401001,La Crempse à Issac [Moulin de Lousteau],La Crempse,ISSAC,24,45.015817,0.426158,0.9869,0.259,0.099,15
P718152001,L'Isle à Saint-Laurent-des-Hommes [La Filolie],L'Isle,SAINT-LAURENT-DES-HOMMES,24,45.029912,0.246783,32.722,9.664,4.429,21
P725000101,La Pude à Nanteuil-Auriac-de-Bourzac,La Pude,NANTEUIL-AURIAC-DE-BOURZAC,24,45.382575,0.29737,0.6449,0.144,0.03,13
P727000101,La Sauvanie à Allemans,La Sauvanie,ALLEMANS,24,45.303934,0.303494,0.5319,0.06,0.0,12
P801251001,La Dronne à Saint-Pardoux-la-Rivière [Le Manet],La Dronne,SAINT-PARDOUX-LA-RIVIERE,24,45.514602,0.751093,2.2398,0.706,0.265,58
P802252001,La Dronne à Saint-Pardoux-la-Rivière,La Dronne,SAINT-PARDOUX-LA-RIVIERE,24,45.492093,0.748124,2.4758,0.738,0.285,37
P807401001,La Côle à Saint-Jean-de-Côle,La Côle,SAINT-JEAN-DE-COLE,24,45.421633,0.836056,2.2718,0.563,0.218,30
P810251001,La Dronne à Brantôme [Pont des Roches],La Dronne,BRANTOME EN PERIGORD,24,45.364334,0.681669,6.9709,2.236,1.113,24
P810252001,Le bras de la Dronne à Brantôme,Bras de la Dronne,BRANTOME EN PERIGORD,24,45.362619,0.648707,7.9732,2.555,1.434,35
P816251001,La Dronne à Ribérac,La Dronne,RIBERAC,24,45.256248,0.342337,12.9884,4.946,2.427,15
P816252001,La Dronne à Villetoureix,La Dronne,VILLETOUREIX,24,45.260135,0.358863,11.959,3.858,2.104,38
P821501001,La Belle à Mareuil,La Belle,MAREUIL EN PERIGORD,24,45.447883,0.466581,0.3224,0.075,0.02,53
R104000101,Le Trieux à Bussière-Badil,Le Trieux,BUSSIERE-BADIL,24,45.664599,0.597939,,,,
R113041001,Le Bandiat à Saint-Martial-de-Valette,Le Bandiat,SAINT-MARTIAL-DE-VALETTE,24,45.518239,0.651109,2.0029,0.312,0.089,14
R114000101,La Doue au Bourdeix,La Doue,BOURDEIX,24,45.572451,0.609807,,,,
U200201001,Le Doubs à Mouthe,Le Doubs,MOUTHE,25,46.705057,6.209346,1.8979,0.39,0.255,45
U201201001,Le Doubs à Labergement-Sainte-Marie,Le Doubs,LABERGEMENT-SAINTE-MARIE,25,46.772795,6.280061,4.4079,1.005,0.492,57
U201203001,Le Doubs à Saint-Point-Lac,Le Doubs,SAINT-POINT-LAC,25,46.811566,6.304026,,,,
U201503002,Le Bief Rouge à Longevilles-Mont-d'Or,Bief Rouge,LONGEVILLES-MONT-D'OR,25,46.758498,6.317979,0.751,0.166,0.044,22
U202201001,Le Doubs à la Cluse-et-Mijoux [Pontarlier amont],Le Doubs,CLUSE-ET-MIJOUX,25,46.881341,6.36465,7.6944,2.133,1.009,68
U202202002,Le Doubs à Doubs - Radar RD,Le Doubs,DOUBS,25,46.927778,6.348005,6.8895,1.437,0.73,5
U203502003,Le Drugeon à Vuillecin - Pont Rouge,Le Drugeon,VUILLECIN,25,46.943407,6.342934,2.9117,0.331,0.146,10
U203503002,Le Drugeon à la Rivière-Drugeon - Ile du Martinet,Le Drugeon,RIVIERE-DRUGEON,25,46.867817,6.221546,1.7081,0.154,0.009,17
U203505002,Le Drugeon à Vaux-et-Chantegrue - Scierie 2,Le Drugeon,VAUX-ET-CHANTEGRUE,25,46.817451,6.245354,0.5842,0.07,0.019,9
U204052002,La Jougnena à Jougne [La Ferrière],La Jougnena,JOUGNE,25,46.733332,6.382565,2.0117,0.508,0.224,24
U210201002,Le Doubs à Ville-du-Pont - Spey,Le Doubs,VILLE-DU-PONT,25,47.002956,6.480317,8.9744,0.444,0.01,12
U211201001,Le Doubs à Fournet-Blancheroche [La Rasse],Le Doubs,FOURNET-BLANCHEROCHE,25,47.154845,6.842972,20.0599,4.773,2.43,33
U211202001,Le Doubs à Fournet-Blancheroche [Chatelot],Le Doubs,FOURNET-BLANCHEROCHE,25,47.104636,6.741175,,,,
U212201001,Le Doubs à Goumois,Le Doubs,GOUMOIS,25,47.271432,6.950266,28.6668,8.088,4.449,69
U214201001,Le Doubs à Glère [Courclavon],Le Doubs,GLERE,25,47.343834,7.026284,32.7184,9.741,4.929,64
U221501501,Le Dessoubre à Rosureux,Le Dessoubre,ROSUREUX,25,47.218735,6.686532,8.5785,1.057,0.5,15
U221502001,Le Dessoubre à Saint-Hippolyte,Le Dessoubre,SAINT-HIPPOLYTE,25,47.305238,6.794074,13.5432,2.678,1.136,67
U222200501,Le Doubs à Villars-sous-Dampjoux,Le Doubs,VILLARS-SOUS-DAMPJOUX,25,47.348584,6.759029,48.3367,13.019,4.57,16
U222201001,Le Doubs à Mathay,Le Doubs,MATHAY,25,47.439383,6.785828,53.1872,13.992,7.782,50
U222541001,Le Gland à Meslières,Le Gland,MESLIERES,25,47.414289,6.889804,1.0138,0.217,0.084,37
U233060001,La Feschotte à Badevel,La Feschotte,BADEVEL,25,47.499326,6.940676,0.2169,0.05,0.017,23
U233401001,L'Allan à Fesches-le-Châtel,L'Allan,FESCHES-LE-CHATEL,25,47.523107,6.88064,10.6235,2.314,1.389,37
U234504001,La Savoureuse à Vieux-Charmont,La Savoureuse,VIEUX-CHARMONT,25,47.521755,6.843701,6.073,1.589,0.695,39
U235401001,L'Allan à Courcelles-lès-Montbéliard,L'Allan,COURCELLES-LES-MONTBELIARD,25,47.500413,6.773058,21.9861,5.755,3.061,44
U235661001,Le Rupt à Dung,Le Rupt,DUNG,25,47.500138,6.752883,0.5754,0.116,0.043,56
U240201001,Le Doubs à Voujeaucourt,Le Doubs,VOUJEAUCOURT,25,47.478666,6.761462,79.3579,20.533,9.972,45
U242507002,Le Sesserant à Pont-les-Moulins [Châtel],Le Sesserant,PONT-LES-MOULINS,25,47.328993,6.364942,1.3664,0.197,,4
U242525001,Le Cusancin à Cusance,Le Cusancin,CUSANCE,25,47.323265,6.430802,4.3734,0.875,0.418,38
U242526002,Le Cusancin à Baume-les-Dames - La Lavenne,Le Cusancin,BAUME-LES-DAMES,25,47.342154,6.380867,8.2548,1.706,0.56,15
U250201001,Le Doubs à Esnans - Écluse de Beaumerousse,Le Doubs,ESNANS,25,47.340371,6.337501,93.221,25.008,11.063,27
U251201001,Le Doubs à Besançon - Moulin Saint-Paul,Le Doubs,BESANCON,25,47.240272,6.029964,101.2449,27.914,11.782,104
U251201002,Le Doubs [Canal du Rhône au Rhin] à Besançon - Station secondaire - Passerelle ONAV,Le Doubs,BESANCON,25,47.240153,6.029983,,,,
U251542001,[La source d'Arcier] à Vaire-Arcier,,VAIRE,25,47.268849,6.119,1.177,0.212,0.05,34
U251553401,Le ruisseau du Moulin à Besançon,,BESANCON,25,47.248545,6.024747,,,,
U260403001,La Loue à Vuillafans,La Loue,VUILLAFANS,25,47.055503,6.22722,21.0663,7.477,3.883,71
U260404001,La Loue à Ornans,La Loue,ORNANS,25,47.106219,6.146062,,,,
U260405001,La Loue [source vasque] à Ouhans,La Loue,OUHANS,25,47.010713,6.299766,,,,
U260405002,La Loue [source vasque] à Ouhans - cote RD,La Loue,OUHANS,25,47.010705,6.299795,1.6878,0.559,,
U260406001,La Loue [source canal] à Ouhans,La Loue,OUHANS,25,47.011484,6.299169,2.3012,0.891,0.407,27
U260407501,La Loue à Ouhans,La Loue,OUHANS,25,47.010711,6.299829,,,,
U261582001,Le Lison [source] à Nans-sous-Sainte-Anne - Vasque,Le Lison,NANS-SOUS-SAINTE-ANNE,25,46.965131,6.011618,5.0886,0.96,0.417,43
U261582002,Le Lison [source] à Nans-sous-Sainte-Anne,Le Lison,NANS-SOUS-SAINTE-ANNE,25,46.966774,6.010527,5.1711,0.776,,1
U261583002,Le Lison à Myon - RD,Le Lison,MYON,25,47.032001,5.958285,7.5032,0.971,0.383,5
U261641001,[La source du Verneau] à Nans-sous-Sainte-Anne,,NANS-SOUS-SAINTE-ANNE,25,46.978049,6.002287,0.4484,0.056,0.021,55
U262401001,La Loue à Chenecey-Buillon,La Loue,CHENECEY-BUILLON,25,47.139314,5.956809,46.5411,13.536,5.829,67
V343401001,L'Oron [Collières] à Saint-Rambert-d'Albon,L'Oron,SAINT-RAMBERT-D'ALBON,26,45.299302,4.817472,2.4271,0.987,0.544,42
V343401201,La Grande Veuse à Manthes,Grande Veuse,MANTHES,26,45.304654,5.0042,0.1862,0.153,,
V343401301,La Petite Veuse à Manthes,Petite Veuse,MANTHES,26,45.304946,5.004322,0.1556,0.138,,
V343401302,La Petite Veuse à Manthes - Buse petite Veuse,Petite Veuse,MANTHES,26,45.304881,5.004441,0.021,0.015,,
V343401401,[Le Nant] à Saint-Sorlin-en-Valloire,,SAINT-SORLIN-EN-VALLOIRE,26,45.286842,4.968177,0.09,0.089,,
V343401501,L'Oron à Manthes,L'Oron,MANTHES,26,45.316441,4.996025,,,,
V343401601,Le Dolure à Manthes - Station RD139,Le Dolure,MANTHES,26,45.312136,5.021595,,,,
V343401602,Le Dolure à Manthes - Station RD139,Le Dolure,MANTHES,26,45.312136,5.021595,,,,
V344000101,Le Rhône à Saint-Rambert-d'Albon - CNR,Le Rhône,SAINT-RAMBERT-D'ALBON,26,45.277089,4.812973,,,,
V344000102,Le Rhône à Saint-Rambert-d'Albon - DREAL Auvergne-Rhône-Alpes,Le Rhône,SAINT-RAMBERT-D'ALBON,26,45.284061,4.810912,1044.5377,606.479,,1
V345000101,Le Bancel à Albon,Le Bancel,ALBON,26,45.243344,4.839782,,,,
V361401001,La Galaure à Saint-Uze,La Galaure,SAINT-UZE,26,45.179968,4.849551,2.0446,0.887,0.404,45
V361401101,La Galaure à Châteauneuf-de-Galaure,La Galaure,CHATEAUNEUF-DE-GALAURE,26,45.2272,4.962065,3.4967,2.546,,
V401001001,Le Rhône à Valence - Pont - CNR,Le Rhône,VALENCE,26,44.931888,4.884438,1385.8323,811.0,526.9,103
V401001002,Le Rhône à Valence - Pont - DREAL Auvergne-Rhône-Alpes,Le Rhône,VALENCE,26,44.931888,4.884438,1279.801,694.271,471.193,7
V401001201,Le Rhône à Valence [retenue de Beauchastel],Le Rhône,VALENCE,26,44.900279,4.859149,,,,
V401503001,La Barberolle à Barbières [Pont des Ducs],La Barberolle,BARBIERES,26,44.951071,5.145349,0.143,0.038,0.013,46
V401511201,La Barberolle à Saint-Marcel-lès-Valence [Pont du Plovier],La Barberolle,SAINT-MARCEL-LES-VALENCE,26,44.954309,4.941497,0.1135,0.041,,2
V401511301,La Barberolle [Pont Pré des Drix] à Bésayes,La Barberolle,BESAYES,26,44.957835,5.080028,,,,
V401511401,La Barberolle [Bassin des Couleures] à Valence,La Barberolle,VALENCE,26,44.94832,4.925394,,,,
V401511501,La Barberolle [Bassin de Bésayes] à Bésayes,La Barberolle,BESAYES,26,44.95398,5.109424,,,,
V403401001,La Véore à Chabeuil [Pont des Faucons],La Véore,CHABEUIL,26,44.908912,5.054897,0.6821,0.196,0.06,35
V403402301,Le Chevillon [Source captée] à Châteaudouble,Le Chevillon,CHATEAUDOUBLE,26,44.885288,5.112497,,,,
V403402401,L'Ecoutay à la Baume-Cornillane [Pont D208],L'Ecoutay,BAUME-CORNILLANE,26,44.820012,5.015079,0.0327,0.012,,1
V403402501,Le Guimand à Charpey [Pont D119],Le Guimand,CHARPEY,26,44.9367,5.076746,0.0694,0.034,,
V403402601,Le ruisseau de Bost à Montvendre,Ruisseau de Bost,MONTVENDRE,26,44.87908,5.012644,0.073,0.042,,
V404000201,Le Pétochin à Upie [Loye affluent du Pétochin],Le Pétochin,UPIE,26,44.81517,4.988848,0.0794,0.04,,1
V404000301,Le ruisseau d'Ozon à Ambonil [Pont chemin de l'Ozon],Ruisseau d'Ozon,AMBONIL,26,44.798301,4.896128,0.0802,0.031,,
V404000401,La Véore à Étoile-sur-Rhône [Pont des clévos],La Véore,ETOILE-SUR-RHONE,26,44.842102,4.883793,1.4917,0.844,,
V421401001,La Drôme à Luc-en-Diois,La Drôme,LUC-EN-DIOIS,26,44.6187,5.444485,3.0572,0.505,0.145,53
V421401101,Le ruisseau de Martrou [Source captée] à Montlaur-en-Diois,Ruisseau de Martrou,MONTLAUR-EN-DIOIS,26,44.623658,5.405554,,,,
V422501001,Le Bès à Châtillon-en-Diois,Le Bès,CHATILLON-EN-DIOIS,26,44.693076,5.49071,4.1956,1.06,0.331,61
V422602001,Le Bès à Treschenu-Creyers [Archiane],Le Bès,TRESCHENU-CREYERS,26,44.742452,5.507583,1.546,0.403,0.226,16
V426401001,La Drôme à Saillans,La Drôme,SAILLANS,26,44.689898,5.208539,17.1839,4.679,1.867,58
V427501001,La Gervanne à Beaufort-sur-Gervanne,La Gervanne,BEAUFORT-SUR-GERVANNE,26,44.776408,5.145589,0.9771,0.193,0.032,54
V427591001,La Gervanne à Beaufort-sur-Gervanne [Résurgence des Fontaigneux],La Gervanne,BEAUFORT-SUR-GERVANNE,26,44.767417,5.13737,0.8725,0.441,0.218,55
V428701001,Le ruisseau de Grenette à la Répara-Auriples,Ruisseau de Grenette,REPARA-AURIPLES,26,44.665387,4.995518,0.04,0.003,0.0,24
V428701201,La Drôme à Livron-sur-Drôme - CNR,La Drôme,LIVRON-SUR-DROME,26,44.766175,4.840217,,,,
V428701202,La Drôme à Livron-sur-Drôme,La Drôme,LIVRON-SUR-DROME,26,44.766175,4.840217,,,,
V440000201,[Source captée] à Crupies,,CRUPIES,26,44.550741,5.178875,,,,
V441401001,Le Roubion à Soyans,Le Roubion,SOYANS,26,44.624829,5.015697,1.809,0.335,0.042,57
V444503001,Le Roubion à Montélimar [Pont Bir-Hakeim],Le Roubion,MONTELIMAR,26,44.557563,4.763392,2.5276,0.515,0.18,8
V445501001,Le Jabron à Souspierre,Le Jabron,SOUSPIERRE,26,44.530876,4.967287,0.7677,0.247,0.137,57
V445503002,Le Jabron à Montélimar - Pont de l'Europe,Le Jabron,MONTELIMAR,26,44.55026,4.757182,1.4439,0.421,0.124,8
V454000201,[Source captée] à Taulignan,,TAULIGNAN,26,44.469997,4.960577,,,,
V456000101,La dérivation de Donzère-Mondragon à Donzère [pont double SNCF],,DONZERE,26,44.413026,4.709055,,,,
V520000201,Le Lez à Teyssières [Vieux Village],Le lez,TEYSSIERES,26,44.450992,5.131998,,,,
V521402002,Le Lez à Taulignan - SMVBL,Le lez,TAULIGNAN,26,44.444876,5.010892,,,,
V521402601,Le Lez à Grignan [Pont D 541],Le lez,GRIGNAN,26,44.408488,4.916906,,,,
V521402801,La Coronne [Le Rieumau] à Saint-Pantaléon-les-Vignes,La Coronne,SAINT-PANTALEON-LES-VIGNES,26,44.397851,5.04425,,,,
V522000201,L'Herin à Bouchet,Herin,BOUCHET,26,44.297054,4.873447,,,,
V522000301,Le Lez à Suze-la-Rousse,Le lez,SUZE-LA-ROUSSE,26,44.291552,4.838279,,,,
V532401002,L'Aigue à Saint-May - RD 562,L'Aigue,SAINT-MAY,26,44.425685,5.317431,4.6476,0.882,0.318,10
V532601101,L'Ennuye à Sainte-Jalle,L'Ennuye,SAINTE-JALLE,26,44.34476,5.282983,0.387,0.051,0.001,10
V533401002,L'Aigue à Nyons - Pont de l'Europe,L'Aigue,NYONS,26,44.358225,5.141328,6.8301,1.628,0.357,9
V601000201,[Source captée] à Vercoiran,,VERCOIRAN,26,44.305547,5.337736,,,,
V602201001,L'Ouvèze à Buis-les-Baronnies - Hameau de Cost,L'Ouvèze,BUIS-LES-BARONNIES,26,44.253229,5.254882,,,,
V602201002,L'Ouvèze à Buis-les-Baronnies - Village,L'Ouvèze,BUIS-LES-BARONNIES,26,44.275816,5.276527,2.5531,1.193,,1
V603501201,[Source captée] à Barret-de-Lioure,,BARRET-DE-LIOURE,26,44.182886,5.496178,,,,
V604201301,L'Eyguemarse à Mollans-sur-Ouvèze - SMOP,L'Eyguemarse,MOLLANS-SUR-OUVEZE,26,44.243115,5.158924,,,,
V613000301,[Source captée] à Ferrassières,,FERRASSIERES,26,44.153178,5.462352,,,,
W333521001,L'Adouin à Saint-Martin-en-Vercors [Tourtre],L'Adouin,SAINT-MARTIN-EN-VERCORS,26,45.003521,5.442339,0.5597,0.162,0.077,55
W333521301,[Source captée] à Saint-Julien-en-Vercors,,SAINT-JULIEN-EN-VERCORS,26,45.042359,5.452932,,,,
W341000301,La Joyeuse à Châtillon-Saint-Jean,La Joyeuse,CHATILLON-SAINT-JEAN,26,45.090838,5.132973,0.1008,0.047,0.036,10
W341000401,La Joyeuse à Parnans [Pont D123],La Joyeuse,PARNANS,26,45.112396,5.149062,0.0627,0.041,,3
W342000301,L'Isère à Romans-sur-Isère,L'Isère,ROMANS-SUR-ISERE,26,45.042108,5.052501,,,,
W342000401,La Savasse à Peyrins [Pont des Blaches],La Savasse,PEYRINS,26,45.092936,5.063152,,,,
W353402001,L'Herbasse à Clérieux [Pont de l'Herbasse],L'Herbasse,CLERIEUX,26,45.053944,4.950213,1.3634,0.678,0.379,45
W354001002,L'Isère à Beaumont-Monteux - DREAL,L'Isère,BEAUMONT-MONTEUX,26,45.017178,4.913403,,,,
W354001101,L'Isère à la Roche-de-Glun,L'Isère,ROCHE-DE-GLUN,26,44.99522,4.869054,,,,
H312042201,L'Epte à Bouchevilliers,L'Epte,BOUCHEVILLIERS,27,49.402433,1.710784,2.6832,0.764,,3
H318041010,L'Epte à Fourges,L'Epte,FOURGES,27,49.1195,1.64482,9.1724,6.086,4.367,60
H320000104,La Seine à Vernon - Station débitmétrique (>2006),La Seine,VERNON,27,49.09633,1.488943,479.5131,245.896,167.396,19
H322011001,La Seine à Poses - aval barrage - Station partenaire VNF,La Seine,POSES,27,49.312402,1.235016,,,,
H322011005,La Seine à Poses - Poses amont - bief partiel (bras des écluses) - VNF,La Seine,POSES,27,49.312145,1.238538,,,,
H325041010,L'Andelle à Vascœuil,L'Andelle,VASCŒUIL,27,49.444951,1.383401,3.9655,2.921,2.317,52
H327000101,La Seine à Pont-de-l'Arche - Station partenaire HAROPA,La Seine,PONT-DE-L'ARCHE,27,49.310008,1.150023,,,,
H421041010,L'Avre à Saint-Christophe-sur-Avre,L'Avre,SAINT-CHRISTOPHE-SUR-AVRE,27,48.698718,0.829094,0.3502,0.06,0.016,20
H423041010,L'Avre à Acon,L'Avre,ACON,27,48.761915,1.10479,2.6027,1.453,0.918,53
H425042010,L'Avre à Muzy,L'Avre,MUZY,27,48.760592,1.328201,3.5529,2.007,1.289,54
H426021010,L'Eure à Saint-Georges-Motel,L'Eure,SAINT-GEORGES-MOTEL,27,48.792029,1.376915,14.0278,8.253,6.735,20
H426021201,L'Eure à Saint-Georges-Motel,L'Eure,SAINT-GEORGES-MOTEL,27,48.79209,1.376706,,,,
H431021010,L'Eure à Pacy-sur-Eure - Station partenaire SEBV,L'Eure,PACY-SUR-EURE,27,49.013074,1.378225,,,,
H432021010,L'Eure à Cailly-sur-Eure,L'Eure,CAILLY-SUR-EURE,27,49.114382,1.208807,17.6099,11.7,7.852,51
H433043010,L'Iton à Bourth,L'Iton,BOURTH,27,48.775045,0.806942,1.3046,0.49,0.318,25
H434042010,L'Iton à Damville,L'Iton,MESNILS-SUR-ITON,27,48.869287,1.069519,,,,
H435000201,L'Iton à Gaudreville-la-Rivière,L'Iton,GAUDREVILLE-LA-RIVIERE,27,48.965072,1.038484,0.5925,0.06,0.033,6
H436061010,Le Rouloir à Glisolles [Pont lieu dit Grenieuseville],Le Rouloir,GLISOLLES,27,48.97724,0.996038,0.9245,0.79,0.628,6
H436061011,Le Rouloir à Glisolles [Pont lieu dit Grenieuseville] - Débimètre,Le Rouloir,GLISOLLES,27,48.97724,0.996038,0.8026,0.679,,4
H437041010,L'Iton à la Bonneville-sur-Iton,L'Iton,BONNEVILLE-SUR-ITON,27,48.992378,1.042843,,,,
H437042010,L'Iton à Normanville,L'Iton,NORMANVILLE,27,49.080571,1.150897,3.5429,2.46,1.621,54
H437042101,L'Iton à Évreux [Navarre],L'Iton,EVREUX,27,49.018276,1.124525,,,,
H438021010,L'Eure à Louviers,L'Eure,LOUVIERS,27,49.224004,1.177681,24.5946,17.086,12.212,51
H512013001,La Seine à Aizier - Station partenaire HAROPA,La Seine,AIZIER,27,49.432188,0.62456,,,,
H605641401,La Risle à Barquet,La Risle,BARQUET,27,49.034119,0.808378,2.1096,0.371,,3
H610201201,La Charentonne à Mélicourt,La Charentonne,MELICOURT,27,48.914996,0.503497,0.8804,0.346,0.239,8
H611061010,La Guiel à Montreuil-l'Argillé,La Guiel,MONTREUIL-L'ARGILLE,27,48.945007,0.484395,0.6773,0.442,0.327,47
H612041010,La Charentonne à la Trinité-de-Réville,La Charentonne,TRINITE-DE-REVILLE,27,48.97897,0.516332,1.9256,1.134,0.845,24
H612044010,La Charentonne à Bernay,La Charentonne,BERNAY,27,49.085283,0.600699,,,,
H612901401,La Charentonne à la Trinité-de-Réville [virtuelle],La Charentonne,TRINITE-DE-REVILLE,27,48.977811,0.514854,,,,
H612901501,La Charentonne à Fontaine-l'Abbé,La Charentonne,FONTAINE-L'ABBE,27,49.09351,0.687121,4.0172,2.956,,1
H620021010,La Risle à Brionne,La Risle,BRIONNE,27,49.183883,0.71476,,,,
H623021010,La Risle à Pont-Authou,La Risle,PONT-AUTHOU,27,49.242018,0.694854,11.6301,7.57,5.625,46
H700011001,La Seine à Fatouville-Grestain - Station partenaire HAROPA,La Seine,FATOUVILLE-GRESTAIN,27,49.430802,0.318479,,,,
H403021010,L'Eure à Saint-Luperce,L'Eure,SAINT-LUPERCE,28,48.449159,1.291193,1.6374,0.371,0.246,56
H404021101,L'Eure à Lèves,L'Eure,LEVES,28,48.46727,1.483793,3.1821,1.285,0.856,8
H406840001,La Voise à Ymeray,La Voise,YMERAY,28,48.509126,1.710041,0.3601,0.172,0.056,7
H413041010,La Drouette à Saint-Martin-de-Nigelles,La Drouette,SAINT-MARTIN-DE-NIGELLES,28,48.615421,1.590845,0.895,0.52,0.375,38
H414000201,Le bras de l'Eure à Lormaye [SEBV],Bras de l'Eure,LORMAYE,28,48.645794,1.542543,,,,
H416021010,L'Eure à Charpont,L'Eure,CHARPONT,28,48.700853,1.442184,6.7123,3.794,2.462,40
H418041102,La Blaise à Aunay-sous-Crécy - emplacement caméra,La Blaise,AUNAY-SOUS-CRECY,28,48.673078,1.305384,1.8657,1.234,,2
H420021012,L'Eure à Montreuil - LNS,L'Eure,MONTREUIL,28,48.777084,1.379366,11.982,7.444,,2
H428000201,La Vesgre à Saint-Ouen-Marchefroy - Les Mordants,La Vesgre,SAINT-OUEN-MARCHEFROY,28,48.845943,1.513378,0.5135,0.218,,3
M034151010,L'Huisne à Margon - Barrage,l'Huisne,MARGON,28,48.34954,0.843677,,,,
M035401010,La Cloche à Margon,la Cloche,MARGON,28,48.334515,0.838479,0.6731,0.453,0.337,24
M036151010,L'Huisne à Nogent-le-Rotrou [Pont de bois],l'Huisne,NOGENT-LE-ROTROU,28,48.318409,0.813815,6.2696,3.712,2.731,53
M100000401,Le Loir à Illiers-Combray,le Loir,ILLIERS-COMBRAY,28,48.299729,1.239214,,,,
M101161010,Le Loir à Saint-Avit-les-Guespières,le Loir,SAINT-AVIT-LES-GUESPIERES,28,48.26887,1.2675,,,,
M103401010,L'Ozanne à Brou,l'Ozanne,BROU,28,48.210516,1.162262,,,,
M103402010,L'Ozanne à Trizay-lès-Bonneval [Prémoteux],l'Ozanne,TRIZAY-LES-BONNEVAL,28,48.208658,1.348384,1.4705,0.224,0.104,52
M104161010,Le Loir à Saint-Maur-sur-le-Loir,le Loir,SAINT-MAUR-SUR-LE-LOIR,28,48.151554,1.417943,3.3407,0.751,0.289,51
M104162010,Le Loir à Bonneval,le Loir,BONNEVAL,28,48.180072,1.383929,,,,
M107302001,La Conie à Conie-Molitard,la Conie,CONIE-MOLITARD,28,48.121074,1.452149,1.4183,0.541,0.192,29
M110161010,Le Loir à Châteaudun,le Loir,CHATEAUDUN,28,48.071694,1.32263,,,,
M111401010,L'Yerre à Saint-Hilaire-sur-Yerre [Bêchereau],l'Yerre,SAINT-HILAIRE-SUR-YERRE,28,48.030877,1.257933,1.5827,0.342,0.194,32
M112162001,Le Loir à Cloyes-sur-le-Loir,le Loir,CLOYES-LES-TROIS-RIVIERES,28,47.996266,1.233699,,,,
M112481002,L'Aigre à Romilly-sur-Aigre,l'Aigre,ROMILLY-SUR-AIGRE,28,47.985611,1.304704,1.4919,0.961,,3
J221311001,Le Guic à Guerlesquin - Kerret,le Guic,GUERLESQUIN,29,48.502749,-3.589154,0.15,0.031,0.013,39
J240401001,Le Douron au Ponthou - Coat Don,le Douron,PONTHOU,29,48.556197,-3.645672,0.4737,0.177,0.112,36
J251401001,Le Dourduff à Garlan - Pont St Hubert,le Dourduff,GARLAN,29,48.608219,-3.768657,0.5584,0.14,0.064,53
J260301001,Le Jarlot à Plougonven - Berlingar,le Jarlot,PLOUGONVEN,29,48.566756,-3.800331,0.7337,0.268,0.16,56
J260541001,Le Tromorgant à Plougonven - Compezou,le Tromorgant,PLOUGONVEN,29,48.566907,-3.796895,0.6281,0.203,0.118,49
J261400501,Le Queffleuth à Plounéour-Ménez - Le Plessis,le Queffleuth,PLOUNEOUR-MENEZ,29,48.462757,-3.817758,,,,
J261401002,Le Queffleuth à Plourin-lès-Morlaix - Les Trois Chênes,le Queffleuth,PLOURIN-LES-MORLAIX,29,48.567828,-3.836522,1.8338,0.527,0.289,35
J262301001,Le Jarlot [La rivière de Morlaix] à Morlaix [Port de Morlaix] - Les Ecluses [amont],le Jarlot,MORLAIX,29,48.587748,-3.838053,,,,
J262301002,Le Jarlot [La rivière de Morlaix] à Morlaix [Port de Morlaix] - Les Ecluses [aval],le Jarlot,MORLAIX,29,48.588656,-3.838281,,,,
J272301001,La Penzé à Taulé - Penhoat,la Penzé,TAULE,29,48.585962,-3.923563,2.8822,0.795,0.354,56
J301433001,L'Horn à Mespaul - Kertanguy,l'Horn,MESPAUL,29,48.604891,-4.014156,0.6767,0.354,0.252,34
J302401001,Le Guillec à Trézilidé - Kermerien,le Guillec,TREZILIDE,29,48.615957,-4.076362,0.7103,0.29,0.195,57
J320402002,L'Aber Wrac'h à Loc-Brévalaire - Pont D 38,l'Aber Vrac'h,LOC-BREVALAIRE,29,48.557094,-4.400485,1.7047,0.551,0.342,15
J320571001,[L'Aber Wrac'h (branche ouest)] au Drennec - Kerneguez,,DRENNEC,29,48.531278,-4.361625,0.4736,0.172,0.091,59
J321302002,L'Aber Benoît à Plabennec - Loc Maria,l'Aber Benoit,PLABENNEC,29,48.524177,-4.406722,0.5485,0.189,0.102,47
J332302002,L'Aber Ildut à Brélès - Keringar,l'Aber Ildut,BRELES,29,48.455648,-4.680964,1.603,0.512,0.284,48
J334000101,La Penfeld [Marégraphe] à Brest,la Penfeld,BREST,29,48.382251,-4.494995,,,,
J340301001,L'Elorn à Sizun - Le Drennec [aval retenue du Drennec],l'Elorn,SIZUN,29,48.389987,-4.024025,0.7697,0.382,0.249,46
J340302001,L'Elorn à Commana - Kerfornedic,l'Elorn,COMMANA,29,48.384566,-3.999976,0.3018,0.079,0.038,42
J340411001,[Le ruisseau de Mougau Bihan] à Commana - Moulin Neuf,,COMMANA,29,48.397182,-3.994065,0.271,0.084,0.051,42
J341303001,L'Elorn à Plouédern - Pont ar Bled,l'Elorn,PLOUEDERN,29,48.469426,-4.220137,5.6363,1.844,1.123,40
J351401001,La Mignonne à Irvillac - Pont Mel,la Mignonne,IRVILLAC,29,48.386903,-4.214609,1.5083,0.355,0.167,48
J360181001,L'Aulne à Poullaouen - Le Goask,l'Aulne,POULLAOUEN,29,48.389194,-3.66768,2.3372,0.264,0.098,51
J362401001,L'Ellez à Loqueffret - Nestavel Bihan [aval retenue St Michel],l'Ellez,LOQUEFFRET,29,48.354208,-3.872425,1.1749,0.125,0.077,34
J363181003,L'Aulne à Cléden-Poher - Pont Triffen,l'Aulne,CLEDEN-POHER,29,48.224259,-3.718491,12.4503,1.809,1.242,15
J373301001,Le canal de Nantes à Brest à Saint-Hernin - La gare,,SAINT-HERNIN,29,48.223795,-3.655187,8.7235,1.212,0.329,46
J381181001,L'Aulne à Châteauneuf-du-Faou - Pont Pol Ty Glaz,l'Aulne,CHATEAUNEUF-DU-FAOU,29,48.165079,-3.861513,23.0511,3.718,1.282,55
J382181001,L'Aulne à Gouézec - Pont Coblant,l'Aulne,GOUEZEC,29,48.19055,-3.98629,27.907,4.303,2.117,31
J382182001,L'Aulne à Châteaulin - Pont routier,l'Aulne,CHATEAULIN,29,48.196143,-4.093128,30.5461,3.723,1.963,15
J382183001,L'Aulne à Port-Launay - Guily Glaz [marégraphe],l'Aulne,PORT-LAUNAY,29,48.212669,-4.095193,,,,
J383401001,La Douffine à Lopérec - Kerbriant,la Douffine,LOPEREC,29,48.260351,-4.060579,3.3969,0.656,0.264,59
J392000601,Le ruisseau de Kerharo à Ploéven [Kerc'haro] - Kerc'haro,ruisseau de kerharo,PLOEVEN,29,48.168702,-4.232376,0.6549,0.084,0.039,11
J393000301,Le Névet à Kerlaz - Pont D39,le Névet,KERLAZ,29,48.080134,-4.27035,0.5323,0.207,,1
J401401001,Le Goyen à Pont-Croix - Kermaria,le Goyen,PONT-CROIX,29,48.039216,-4.473705,1.5102,0.367,0.171,58
J412442001,Le Pont l'Abbé à Plonéour-Lanvern - Tremillec,le Pont l'Abbé,PLONEOUR-LANVERN,29,47.908211,-4.241494,0.5764,0.166,0.073,41
J412572001,[Le Troyon] à Plonéour-Lanvern - Ty Poes,,PLONEOUR-LANVERN,29,47.908406,-4.250029,0.193,0.041,0.018,39
J420192001,L'Odet à Ergué-Gabéric - Kersaviou,l'Odet,ERGUE-GABERIC,29,48.036507,-3.978212,,,,
J421191001,L'Odet à Ergué-Gabéric - Treodet,l'Odet,ERGUE-GABERIC,29,48.006296,-4.063848,4.8371,1.082,0.431,56
J421451001,Le Langelin à Briec - Pont C 38,,BRIEC,29,48.102938,-3.987121,0.1609,0.024,0.01,43
J422401001,Le Jet à Ergué-Gabéric - Kerjean,,ERGUE-GABERIC,29,47.988971,-4.014695,2.3585,0.677,0.326,59
J423191001,L'Odet à Quimper [Kervir] - Passerelle Pierre Dornic (Kervir),l'Odet,QUIMPER,29,47.994233,-4.079466,,,,
J431301002,Le Steïr à Guengat - Ty Planche,le Steir,GUENGAT,29,48.027703,-4.147113,4.4627,0.899,0.411,9
J431303001,Le Steïr à Quimper - Moulin Vert,le Steir,QUIMPER,29,48.003014,-4.114449,,,,
J440191002,L'Odet à Quimper [Loc Maria] - Palais de justice,l'Odet,QUIMPER,29,47.992162,-4.108331,,,,
J442191001,L'Odet à Bénodet - Port de plaisance [marégraphe],l'Odet,BENODET,29,47.880913,-4.116011,,,,
J451401001,Le Moros à Concarneau - Pont D 22,le Moros,CONCARNEAU,29,47.883778,-3.875281,0.357,0.11,0.054,36
J451542001,L'Hôpital [Le Styval] à Concarneau - Moulin de la Haie,l'Hôpital,CONCARNEAU,29,47.889214,-3.878243,0.4253,0.123,0.067,33
J461401001,Le Stêr Goz à Bannalec - Pont Meya,,BANNALEC,29,47.907623,-3.751723,1.5811,0.456,0.223,59
J462302001,L'Aven à Pont-Aven [Voie express],l'Aven,PONT-AVEN,29,47.885117,-3.734245,3.9162,1.199,0.582,31
J474201001,L'Ellé à Arzano - Ty Nadan [aval pont],l'Ellé,ARZANO,29,47.90426,-3.46894,10.3676,2.482,1.05,46
J474201002,L'Ellé à Arzano - Ty Nadan [amont pont],l'Ellé,ARZANO,29,47.904335,-3.469218,11.4926,2.232,1.139,13
J480301001,L'Isole à Scaër - Stang Boudilin,l'Isole,SCAER,29,47.987905,-3.671158,2.4688,0.598,0.278,46
J481301001,L'Isole à Quimperlé - Place des Anciennes Fonderies,l'Isole,QUIMPERLE,29,47.875656,-3.546066,4.4911,1.13,0.526,56
J490201002,L'Ellé [La Laïta] à Quimperlé - Place Charles-de-Gaulle,l'Ellé,QUIMPERLE,29,47.871038,-3.54516,,,,
J490202001,L'Ellé [La Laïta] à Clohars-Carnoët - Le Pouldu [marégraphe],l'Ellé,CLOHARS-CARNOET,29,47.771321,-3.531852,,,,
O331401002,La Dourbie à Dourbies [Le Mazet],La Dourbie,DOURBIES,30,44.069999,3.466263,2.2005,0.47,0.136,62
V513101001,Le Rhône à Pont-Saint-Esprit,Le Rhône,PONT-SAINT-ESPRIT,30,44.26035,4.649296,333.106,108.348,89.392,30
V523401103,Le Rhône à Chusclan - CNR,Le Rhône,CHUSCLAN,30,44.152038,4.715881,,,,
V540402501,La Cèze à Gaujac [Barrage de Sénéchas],La Cèze,GAUJAC,30,44.319241,4.048594,36.0033,1.537,0.0,24
V540404001,La Cèze [La Cèze] à Aujac,La Cèze,AUJAC,30,44.348904,3.990625,0.1504,0.052,,
V540404101,L'Homol à Sénéchas,L'Homol,SENECHAS,30,44.321881,4.023528,0.1661,0.056,,
V541000401,Le Luech à Chambon [chamboredon],Le Luech,CHAMBON,30,44.306641,4.043673,2.6813,0.321,0.085,10
V541000701,Le Luech à Chambon,Le Luech,CHAMBON,30,44.306587,4.043917,0.4992,0.132,,
V542401001,La Cèze à Bessèges,La Cèze,BESSEGES,30,44.296037,4.093308,6.5831,1.095,0.442,49
V542521301,La Cèze [Rivière Cèze] à Bessèges,La Cèze,BESSEGES,30,44.293279,4.092981,,,,
V543000201,La Cèze à Saint-Ambroix,La Cèze,SAINT-AMBROIX,30,44.264179,4.196283,,,,
V543000202,La Cèze à Saint-Ambroix,La Cèze,SAINT-AMBROIX,30,44.262632,4.199915,58.157,177.382,,
V544502001,L'Auzon à Allègre-les-Fumades [Pont d'Auzon],L'Auzon,ALLEGRE-LES-FUMADES,30,44.205146,4.248025,2.2467,0.301,0.043,11
V544502301,La Cèze [Rivière Cèze] à Rochegude - Cèze au pont de Rochegude,La Cèze,ROCHEGUDE,30,44.240632,4.286123,,,,
V544502401,La Cèze [Rivière Cèze] à Rivières - La Cèze à Rivières,La Cèze,RIVIERES,30,44.235546,4.273737,,,,
V544502501,L'Auzon à Allègre-les-Fumades - Pont d'Auzon,L'Auzon,ALLEGRE-LES-FUMADES,30,44.204838,4.247994,0.1342,0.018,,
V545401001,La Cèze à Tharaux,La Cèze,THARAUX,30,44.243783,4.299857,11.1915,0.409,0.085,17
V545401301,La Claysse à Saint-Jean-de-Maruéjols-et-Avéjan,La Claysse,SAINT-JEAN-DE-MARUEJOLS-ET-AVEJAN,30,44.259074,4.279476,,,,
V546401501,La Cèze à Montclus,La Cèze,MONTCLUS,30,44.264406,4.430451,13.9724,1.873,0.517,26
V546401503,La Cèze à Montclus - Aval,La Cèze,MONTCLUS,30,44.264532,4.432025,19.6759,2.54,,
V547401001,La Cèze à la Roque-sur-Cèze,La Cèze,ROQUE-SUR-CEZE,30,44.190007,4.526879,17.5013,2.715,1.383,53
V547401501,La Cèze à Bagnols-sur-Cèze - DREAL,La Cèze,BAGNOLS-SUR-CEZE,30,44.170231,4.620008,20.7724,2.126,1.56,21
V547401502,La Cèze à Bagnols-sur-Cèze - [Etiage CNR en rive gauche],La Cèze,BAGNOLS-SUR-CEZE,30,44.171195,4.621254,,,,
V547401601,La Cèze à Bagnols-sur-Cèze [Etiage CNR en rive gauche],La Cèze,BAGNOLS-SUR-CEZE,30,44.171195,4.621254,14.3866,2.123,1.002,14
V547402701,La Tave [Rivière Tave] à Laudun-l'Ardoise,La Tave,LAUDUN-L'ARDOISE,30,44.114171,4.689955,,,,
V548000101,Le Rhône à Roquemaure - Station partenaire CNR,Le Rhône,ROQUEMAURE,30,44.040977,4.802523,1473.8501,809.396,488.94,12
V700000101,Le Briançon à Théziers,Le Briançon,THEZIERS,30,43.915676,4.626878,,,,
V712401501,Le Gard à Mialet [en amont du camping],Le Gard,MIALET,30,44.125052,3.909466,5.6327,0.821,0.278,23
V712401902,Le Gard à Thoiras [Roucan],Le Gard,THOIRAS,30,44.079509,3.968626,0.4975,0.382,,
V713501001,Le Gardon de Saint-Jean à Corbès [Roc Courbe],Le Gardon de Saint-Jean,CORBES,30,44.073424,3.960845,7.0238,0.873,0.356,55
V713501701,Le Gardon de Saint-Jean à Saint-Jean-du-Gard [Bâtiment communal],Le Gardon de Saint-Jean,SAINT-JEAN-DU-GARD,30,44.103897,3.883793,4.0275,0.416,0.148,15
V713503501,Le Gardon de Saint-Jean à Saumane,Le Gardon de Saint-Jean,SAUMANE,30,44.119854,3.761804,7.3553,0.947,0.196,5
V713505102,La Salindrenque à Thoiras - (nouvelle station),La Salindrenque,THOIRAS,30,44.070088,3.936136,0.2411,0.101,,
V713505401,Le Gardon de Saint-Jean à Saint-Jean-du-Gard [Pont de Camboneral],Le Gardon de Saint-Jean,SAINT-JEAN-DU-GARD,30,44.112241,3.872787,0.5312,0.199,,
V714401001,Le Gard à Anduze,Le Gard,ANDUZE,30,44.060102,3.984926,19.7064,3.052,0.766,23
V715501001,Le Gardon d'Alès à Alès [Pont Vieux],Le Gardon d'Alès,ALES,30,44.120355,4.07885,8.0974,1.32,0.488,23
V715503501,Le Gardon d'Alès à Sainte-Cécile-d'Andorge [Barrage de Sainte-Cécile-d'Andorge],Le Gardon d'Alès,SAINTE-CECILE-D'ANDORGE,30,44.242283,3.980965,3.0494,0.258,0.0,19
V715621002,Le Galeizon à Saint-Paul-la-Coste [Aube Morte] - (nouvelle station),Le Galeizon,SAINT-PAUL-LA-COSTE,30,44.157042,3.982729,0.4263,0.167,,
V715622801,Le Gardon d'Alès à Sainte-Cécile-d'Andorge [aval du barrage des Cambous],Le Gardon d'Alès,SAINTE-CECILE-D'ANDORGE,30,44.233915,3.988842,1.0124,0.43,,
V715622901,Le Gardon d'Alès à Cendras [La Blaquière],Le Gardon d'Alès,CENDRAS,30,44.148618,4.059556,0.6888,0.511,,
V715623001,Le Gardon d'Alès à la Grand-Combe [EPTB Gardons],Le Gardon d'Alès,GRAND-COMBE,30,44.207291,4.028313,,,,
V716401501,Le Gard à Ners [Pont RN 106],Le Gard,NERS,30,44.015843,4.15509,21.5303,2.203,0.763,22
V717000901,L'Esquielle à Saint-Geniès-de-Malgoirès [EPTB Gardons],L'Esquielle,SAINT-GENIES-DE-MALGOIRES,30,43.954051,4.185658,,,,
V718401501,Le Gard à Sainte-Anastasie [Russan],Le Gard,SAINTE-ANASTASIE,30,43.931512,4.320274,29.7507,5.587,,1
V718501901,Le Bourdic à Aubussargues [DREAL LR],Le Bourdic,AUBUSSARGUES,30,44.00171,4.332606,0.1177,0.003,,1
V718502101,Le Gard à Sanilhac-Sagriès [La Baume] - La Baume,Le Gard,SANILHAC-SAGRIES,30,43.938298,4.43214,4.6955,2.446,,
V719401001,Le Gard [Gardon aval] à Remoulins - Pont neuf,Le Gard,REMOULINS,30,43.93729,4.556605,25.4781,4.177,2.765,12
V719401002,Le Gard [Gardon aval] à Remoulins - CNR - amont seuil,Le Gard,REMOULINS,30,43.940354,4.557553,24.429,3.772,1.889,8
V719401003,Le Gard [Gardon aval] à Remoulins - Station étiage,Le Gard,REMOULINS,30,43.938381,4.555799,28.3461,3.394,,3
V719401101,Le Gard à Comps,Le Gard,COMPS,30,43.854238,4.607269,,,,
V720000501,Le Rhône à Beaucaire [Pont de Beaucaire],Le Rhône,BEAUCAIRE,30,43.804385,4.649078,,,,
V730000202,Le Rhône à Fourques - CNR,Le Rhône,FOURQUES,30,43.688581,4.614199,177.2854,94.052,61.597,33
Y200001002,L'Hérault à Valleraugue,L'Hérault,VALLERAUGUE,30,44.078963,3.653119,2.2254,0.829,0.307,15
Y200002701,L'Hérault à Saint-André-de-Majencoules,L'Hérault,SAINT-ANDRE-DE-MAJENCOULES,30,44.014378,3.680813,3.4029,0.495,0.213,6
Y200002801,Valat des Trois Fontaines à Valleraugue - Valleraugue,Valat des Trois Fontaines,VALLERAUGUE,30,3.562869,44.091976,,,,
Y201002001,L'Arre au Vigan [La Terrisse],L'Arre,VIGAN,30,44.001181,3.654646,5.2109,1.075,0.519,70
Y201003501,L'Arre [Source Isis - Affluent de l'Arre] à Avèze - Source Isis,L'Arre,AVEZE,30,43.982572,3.598762,,,,
Y203001001,La Vis à Blandas [Lafoux de la Vis],La Vis,BLANDAS,30,43.897968,3.490085,4.6154,1.717,1.218,12
Y203002001,La Vis à Saint-Laurent-le-Minier,La Vis,SAINT-LAURENT-LE-MINIER,30,43.939797,3.681705,9.5972,2.6,1.494,59
Y203002002,La Vis à Saint-Laurent-le-Minier - Pont de la mine,La Vis,SAINT-LAURENT-LE-MINIER,30,43.936275,3.672515,7.3545,1.933,1.582,5
Y203002101,La Vis à Rogues - Madières,La Vis,ROGUES,30,43.85392,3.563741,,,,
Y210002101,Le Rieutord à Sumène,Le Rieutord,SUMENE,30,43.981159,3.715034,2.3163,1.476,1.45,5
Y340402001,Le Vidourle à Conqueyrac [Barrage de Conqueyrac],Le Vidourle,CONQUEYRAC,30,43.951404,3.928566,0.2548,0.003,0.003,6
Y340403001,Le Vidourle à Saint-Hippolyte-du-Fort,Le Vidourle,SAINT-HIPPOLYTE-DU-FORT,30,43.960836,3.862549,,20.4,,
Y340501001,Le Rieu Massel à Conqueyrac [Barrage de Ceyrac],Le Rieu Massel,CONQUEYRAC,30,43.917018,3.909108,0.2328,0.0,,3
Y341400501,Le Vidourle à Quissac,Le Vidourle,QUISSAC,30,43.906615,3.999878,10.1165,1.389,0.086,20
Y343501501,Le Crieulon à la Rouvière [Barrage de La Rouvière],Ruisseau de Crieulon,ROUVIERE,30,43.926168,4.025067,1.5791,0.0,0.0,18
Y344402001,Le Vidourle à Vic-le-Fesq,Le Vidourle,VIC-LE-FESQ,30,43.871132,4.075321,11.1013,1.119,0.095,40
Y345401001,Le Vidourle à Sommières [Mairie],Le Vidourle,SOMMIERES,30,43.782286,4.089161,16.612,2.297,2.24,19
Y346400501,Le Vidourle à Gallargues-le-Montueux [Autoroute A9],Le Vidourle,GALLARGUES-LE-MONTUEUX,30,43.722999,4.15063,8.0396,0.663,0.262,11
Y350000201,Le Vieux Vistre à Rodilhan [Pont de Car],Le Vieux Vistre,RODILHAN,30,43.833275,4.422738,,,,
Y351400501,Le Vieux Vistre à Caissargues,Le Vieux Vistre,CAISSARGUES,30,43.800466,4.377693,,,,
Y351402001,Le Vieux Vistre à Bernis,Le Vieux Vistre,BERNIS,30,43.76272,4.306221,,0.78,,
Y351402101,Le Petit Vistre ou Vistre de la Fontaine à Nîmes,Petit Vistre ou Vistre de la Fontaine,NIMES,30,43.80375,4.378173,,,,
Y351403501,Le Petit Vistre ou Vistre de la Fontaine [Source de la Fontaine] à Nîmes - Fontaine de Nimes,Petit Vistre ou Vistre de la Fontaine,NIMES,30,43.840363,4.348631,,,,
Y352501101,Le Vieux Vistre à Vestric-et-Candiac,Le Vieux Vistre,VESTRIC-ET-CANDIAC,30,43.719184,4.263395,2.5453,0.993,0.524,8
Y352501301,Le Rhony à Vergèze [A 9],Le Rhony,VERGEZE,30,43.749171,4.208174,0.5792,0.125,0.073,7
Y353401001,Le Vieux Vistre [lit mineur] au Cailar,Le Vieux Vistre,CAILAR,30,43.670541,4.244717,3.5213,1.309,0.789,46
Y354000101,[La Méditerranée] au Grau-du-Roi - Marégraphe de Port-Camargue,,GRAU-DU-ROI,30,43.520317,4.126402,,,,
O000001001,La Garonne à Fos [Bossost],La Garonne,FOS,31,42.781964,0.690577,,,,
O001004003,La Garonne à Saint-Béat - HE,La Garonne,SAINT-BEAT,31,42.915356,0.692109,22.1823,10.706,7.464,29
O001004004,La Garonne à Saint-Béat - Aval-HG,La Garonne,SAINT-BEAT,31,42.916188,0.690252,17.2055,8.057,,2
O001531001,Le Maudan à Melles - [Fos],Ruisseau de Maudan,MELLES,31,42.867149,0.747809,1.338,0.444,0.2,64
O003000201,Le ruisseau de Saudède [Source Sarribères] à Jurvielle,Ruisseau de Saudède,JURVIELLE,31,42.822075,0.483818,,,,
O004402001,La Pique à Bagnères-de-Luchon,La Pique,BAGNERES-DE-LUCHON,31,42.805905,0.602626,11.3988,7.785,5.772,13
O005002001,La Garonne à Chaum,La Garonne,CHAUM,31,42.9389,0.647726,31.8685,17.14,12.976,34
O005002201,[Naou Hounts] à Bagnères-de-Luchon,,BAGNERES-DE-LUCHON,31,42.753911,0.608735,,,,
O005002301,à Esténos [Source Castech à Esténos],,ESTENOS,31,42.936018,0.634097,,,,
O020002001,La Garonne [partielle] à Saint-Gaudens [Valentine],La Garonne,SAINT-GAUDENS,31,43.097996,0.706151,52.1742,24.963,17.863,41
O023402001,Le Ger à Aspet [2],Le Ger,ASPET,31,43.021148,0.795512,2.7014,1.04,0.665,42
O023402101,Le ruisseau des Goutes à Milhas [MILHAS Laouech],Ruisseau des Goutes,MILHAS,31,42.97625,0.808022,,,,
O024431101,Le ruisseau de la Maure à Izaut-de-l'Hôtel - Mourou,Ruisseau de la Maure,IZAUT-DE-L'HOTEL,31,43.016029,0.738541,0.0985,0.031,,1
O029003001,La Garonne à Mancioux,La Garonne,MANCIOUX,31,43.157968,0.95764,51.8804,19.741,13.856,20
O029021002,Le canal de Saint-Martory à Mancioux,Canal de Saint-Martory,MANCIOUX,31,43.151822,0.951442,7.3896,6.728,3.247,7
O029531001,La Noue à Laffite-Toupière [Moulin Laffite],La Noue,LAFFITE-TOUPIERE,31,43.17061,0.914831,0.9691,0.25,0.13,56
O029531201,Le canal de Saint-Martory à Saint-Martory [Prise en Garonne] - radar puit,Canal de Saint-Martory,SAINT-MARTORY,31,43.14311,0.934527,,,,
O029531202,Le canal de Saint-Martory à Saint-Martory [Prise en Garonne] - Sonde Rittmeyer,Canal de Saint-Martory,SAINT-MARTORY,31,43.143372,0.935929,,,,
O029531301,Le canal de Saint-Martory à Saint-Martory [Sonde aval],Canal de Saint-Martory,SAINT-MARTORY,31,43.143964,0.938391,,,,
O054000201,L'Arbas à Arbas - Arbas,L'Arbas,ARBAS,31,42.984419,0.900342,0.175,0.058,0.045,10
O054000301,[Source des Granges] à Chein-Dessus,,CHEIN-DESSUS,31,43.011228,0.862586,,,,
O055401001,L'Arbas à Castelbiague [Pont de Prades],L'Arbas,CASTELBIAGUE,31,43.046218,0.928657,1.7816,0.54,0.282,55
O059251001,Le Salat à Roquefort-sur-Garonne,Le Salat,ROQUEFORT-SUR-GARONNE,31,43.154443,0.973925,42.1369,17.2,9.808,112
O060003001,La Garonne à Palaminy [Cazères],La Garonne,PALAMINY,31,43.201848,1.070929,128.6544,51.198,38.923,42
O079401001,L'Arize à Rieux-Volvestre [Volvestre],L'Arize,RIEUX-VOLVESTRE,31,43.241706,1.193608,5.1685,1.134,0.674,55
O080001001,La Garonne à Marquefave,La Garonne,MARQUEFAVE,31,43.316872,1.244785,101.3313,38.257,26.986,19
O090000101,Le canal de Franquevielle à Cardeilhac à Franquevielle,Canal de Franquevielle à Cardeilhac,FRANQUEVIELLE,31,43.11963,0.50697,0.1991,0.109,0.0,23
O095000101,Le Louge au Fousseret,La Louge,FOUSSERET,31,43.267264,1.05995,1.9441,0.534,0.274,43
O095000201,Le canal de Saint-Martory [Réalimentation Louge par siphon de Louge] au Fousseret,Canal de Saint-Martory,FOUSSERET,31,43.270602,1.06547,,,,
O098401001,Le Louge à Muret,La Louge,MURET,31,43.459968,1.31701,5.7181,3.102,1.704,54
O166291001,Le Grand Hers à Calmont,Le Grand Hers,CALMONT,31,43.292483,1.595355,11.3874,3.77,2.331,29
O171251001,L'Ariège à Auterive,L'Ariège,AUTERIVE,31,43.369015,1.466145,58.229,25.221,16.912,58
O171253001,L'Ariège à Auterive - HE,L'Ariège,AUTERIVE,31,43.350054,1.474874,59.4691,36.743,32.927,20
O187401001,La Lèze à Labarthe-sur-Lèze,La Lèze,LABARTHE-SUR-LEZE,31,43.451301,1.406774,1.8791,0.212,0.103,57
O193431001,Le Touch à Bérat,Le Touch,BERAT,31,43.384109,1.173668,0.8662,0.18,0.06,52
O196431001,Le Touch à Plaisance-du-Touch,Le Touch,PLAISANCE-DU-TOUCH,31,43.565573,1.304248,2.0988,0.719,0.417,18
O198431001,Le Touch à Toulouse [Saint-Martin-du-Touch],Le Touch,TOULOUSE,31,43.598683,1.376184,3.8502,1.9,1.085,56
O200001001,La Garonne à Portet-sur-Garonne,La Garonne,PORTET-SUR-GARONNE,31,43.526473,1.41513,185.1369,80.623,49.525,115
O200004001,La Garonne à Toulouse [Pont-Neuf] - Quai de Tounis,La Garonne,TOULOUSE,31,43.597962,1.439964,,,,
O200008001,Le bras inférieur de la Garonne à Toulouse - St-Michel,Bras Inférieur Garonne,TOULOUSE,31,43.591903,1.439151,,,,
O200008101,[Exutoire du canal Peyramond se jettant dans la Louge via l'Aussau] à Muret - Exutoire canal Peyramond sans seuil (poutre),,MURET,31,43.459792,1.304917,,,,
O200008201,[Exutoire du canal Cottes Goubard (Lou Verdai) réalimentant la Saudrune] à Villeneuve-Tolosane - Sonde LT-US,,VILLENEUVE-TOLOSANE,31,43.528339,1.367876,,,,
O203401001,L'Aussonnelle à Seilh,L'Aussonnelle,SEILH,31,43.691837,1.355595,0.7819,0.169,0.091,56
O205000101,La Galage [L'Aiguebelle] à Fonsorbes,ruisseau l'aiguebelle,FONSORBES,31,43.516658,1.228021,,,,
O205000201,Le Touch à Saint-Lys,Le Touch,SAINT-LYS,31,43.504708,1.243609,,,,
O207000201,Le canal de Saint-Martory [Dodin Fin canal St Martory se jette dans le fossé Laramée menant à la rivière Touch] à Tournefeuille,Canal de Saint-Martory,TOURNEFEUILLE,31,43.575365,1.365389,,,,
O207000401,L'Ousseau [Exutoire l'Ousseau se jette dans le Touch] à Tournefeuille - Station installée sur un pont,L'Ousseau,TOURNEFEUILLE,31,43.58129,1.351468,,,,
O217251001,L'Hers à Baziège,L'Hers Mort,BAZIEGE,31,43.451195,1.610944,1.8448,0.367,0.071,34
O221501001,La Saune à Quint-Fonsegrives,La Saune,QUINT-FONSEGRIVES,31,43.574698,1.548308,0.4062,0.039,0.01,52
O222251001,L'Hers à Toulouse [Pont de Périole],L'Hers Mort,TOULOUSE,31,43.62777,1.4801,3.4826,0.809,0.435,55
O232401002,Le Girou à Bourg-Saint-Bernard - 2,Le Girou,BOURG-SAINT-BERNARD,31,43.615009,1.719739,1.3254,0.07,0.009,13
O234401001,Le Girou à Cépet,Le Girou,CEPET,31,43.752781,1.433795,2.3791,0.257,0.084,44
O240000201,[Prise de la Seygouade] à Villeneuve-Lécussan,,VILLENEUVE-LECUSSAN,31,43.144414,0.456521,0.0832,0.042,0.0,23
O243402001,La Gesse à Boulogne-sur-Gesse,La Gesse,BOULOGNE-SUR-GESSE,31,43.272509,0.664754,2.1941,1.828,1.6,11
O243402101,La Gesse [Prise] à Villeneuve-Lécussan,La Gesse,VILLENEUVE-LECUSSAN,31,43.155093,0.465553,0.3277,0.221,0.003,23
O245291001,La Save à l'Isle-en-Dodon,La Save,ISLE-EN-DODON,31,43.377788,0.839273,,,,
O255000201,La Save à Larra,La Save,LARRA,31,43.728025,1.244217,5.8393,1.61,0.893,54
O256292001,La Save à Grenade,La Save,GRENADE,31,43.770316,1.288653,,,,
O282000101,Le ruisseau du Pest à Laréole [Cologne],Ruisseau du Pest,LAREOLE,31,43.731769,1.004892,0.0646,0.003,0.0,41
O493101001,Le Tarn à Villemur-sur-Tarn,Le Tarn,VILLEMUR-SUR-TARN,31,43.880326,1.495553,139.7769,42.018,22.234,53
O246293001,La Save à Lombez,La Save,LOMBEZ,32,43.475332,0.911995,13.7935,8.194,,
O246293201,La Save [CACG] à Lombez [CACG],La Save,LOMBEZ,32,43.453239,0.881518,4.0882,1.51,0.847,40
O252291001,La Save à l'Isle-Jourdain,La Save,ISLE-JOURDAIN,32,43.613688,1.078445,,,,
O272000201,La Lauze à Sémézies-Cachan [Faget-Abbatial],La Lauze,SEMEZIES-CACHAN,32,43.497797,0.729767,0.2165,0.019,0.0,46
O273501001,Le bras de la Gimone à Tirent-Pontéjac,Bras de la Gimone,TIRENT-PONTEJAC,32,43.557283,0.799658,1.9481,1.373,1.109,13
O274331001,La Gimone à Gimont,La Gimone,GIMONT,32,43.629643,0.870143,1.6993,0.644,0.536,18
O274331101,La Gimone [CACG] à Gimont [CACG],La Gimone,GIMONT,32,43.63999,0.881,1.8307,0.57,0.361,39
O605401001,L'Arrats à Aubiet,L'Arrats,AUBIET,32,43.646078,0.77923,2.625,1.9,1.618,19
O606401001,L'Arrats à Mauvezin,L'Arrats,MAUVEZIN,32,43.731538,0.872881,1.4704,0.225,0.148,5
O609000101,L'Arrats à Saint-Antoine,L'Arrats,SAINT-ANTOINE,32,44.04126,0.852012,2.6841,0.555,0.322,57
O621251101,Le Gers à Panassac,Le Gers,PANASSAC,32,43.383388,0.568332,2.6331,1.4,0.82,41
O622251001,Le Gers à Masseube,Le Gers,MASSEUBE,32,43.42888,0.585749,8.8292,7.795,6.684,12
O623501001,Le bras du Gers à Orbessan,Bras du Gers,ORBESSAN,32,43.54291,0.615231,6.0159,1.88,,
O625401001,Le Sousson à Saint-Jean-le-Comtal,Le Sousson,SAINT-JEAN-LE-COMTAL,32,43.570363,0.538124,0.7082,0.12,0.074,10
O630252001,Le Gers à Auch,Le Gers,AUCH,32,43.665836,0.595098,5.4685,3.319,2.789,19
O631000101,Le Gers à Montestruc-sur-Gers,Le Gers,MONTESTRUC-SUR-GERS,32,43.79098,0.627914,5.4742,1.94,1.411,57
O633251001,Le Gers à Lectoure,Le Gers,LECTOURE,32,43.933895,0.61087,6.4613,2.061,1.219,19
O633251101,Le Gers à Fleurance,Le Gers,FLEURANCE,32,43.848084,0.670838,6.9387,1.995,,1
O654294001,La Baïse à Mirande,La Baïse,MIRANDE,32,43.515733,0.412099,21.4862,19.421,19.041,13
O655000101,La Baïse à Estipouy [Mouches],La Baïse,ESTIPOUY,32,43.557293,0.409786,4.5119,1.63,1.026,47
O656431001,La Baïse à Viozan,La Baïse,VIOZAN,32,43.394483,0.478106,,,,
O658000101,La Baïse à Lamazère,La Baïse,LAMAZERE,32,43.556388,0.449851,2.631,1.039,0.559,36
O661291001,La Baïse à Saint-Jean-Poutge,La Baïse,SAINT-JEAN-POUTGE,32,43.723626,0.380316,8.444,3.199,1.893,13
O661291101,La Baïse à Biran,La Baïse,BIRAN,32,43.696584,0.39287,7.0104,2.29,1.634,16
O665401001,L'Auloue à Castéra-Verduzan,L'Auloue,CASTERA-VERDUZAN,32,43.804783,0.430987,,,,
O666292001,La Baïse à Condom,La Baïse,CONDOM,32,43.956615,0.368415,10.3759,3.27,2.727,10
O671331001,La Gélise à Eauze,La Gélise,EAUZE,32,43.869294,0.112945,,,,
O678431001,L'Auzoue à Montréal,L'Auzoue,MONTREAL,32,43.950238,0.196389,,,,
O680000201,L'Osse à Miélan [Castex],L'Osse,MIELAN,32,43.39935,0.324277,0.0877,0.002,0.0,47
O682461001,L'Osse à Montesquiou,L'Osse,MONTESQUIOU,32,43.604974,0.338781,3.1855,1.54,,
O683000201,L'Osse à Roquebrune,L'Osse,ROQUEBRUNE,32,43.727536,0.313205,1.3142,0.27,0.127,38
O686461001,L'Osse à Vic-Fezensac,L'Osse,VIC-FEZENSAC,32,43.758742,0.304808,2.364,0.634,0.352,14
O687000201,L'Osse à Mouchan,L'Osse,MOUCHAN,32,43.905463,0.293407,2.6175,0.4,0.184,49
Q036001101,Le canal d'Alaric [Restitution] à Tieste-Uragnoux [Moulin des Charrutots - R-Alaric],Canal d'Alaric,TIESTE-URAGNOUX,32,43.552269,0.014417,0.4888,0.352,0.201,7
Q036001201,Le canal de Cassagnac à Tieste-Uragnoux [Prise - Moulin des Charrutots (TC)],Canal de Cassagnac,TIESTE-URAGNOUX,32,43.552617,0.014287,1.1584,1.003,0.811,7
Q045001001,L'Adour à Cahuzac-sur-Adour,L'Adour,CAHUZAC-SUR-ADOUR,32,43.641092,-0.019905,21.4212,7.625,3.136,44
Q045001101,Le canal d'Alaric [Restitution Adour] à Izotges,Canal d'Alaric,IZOTGES,32,43.643657,-0.016397,0.0971,0.042,0.011,5
Q061251001,L'Arros à Juillac,L'Arros,JUILLAC,32,43.545043,0.108653,6.9313,1.567,0.735,56
Q061253001,L'Arros à Villecomtal-sur-Arros [RN21],L'Arros,VILLECOMTAL-SUR-ARROS,32,43.40122,0.196845,7.5035,1.934,0.827,12
Q064402001,Le Bouès à Miélan,Le Bouès,MIELAN,32,43.426157,0.291363,0.8861,0.24,0.132,11
Q065000301,Le Bouès à Marciac,Le Bouès,MARCIAC,32,43.529666,0.16047,,,,
Q066402002,Le Bouès à Beaumarchés,Le Bouès,BEAUMARCHES,32,43.559789,0.114992,1.7077,0.333,0.205,22
Q067231001,L'Arros à Plaisance,L'Arros,PLAISANCE,32,43.606679,0.049291,9.971,2.688,,
Q067231101,Le canal de Cassagnac à Plaisance [Restitution],Canal de Cassagnac,PLAISANCE,32,43.608683,0.046833,0.2867,0.138,0.04,8
Q068000101,Le Las à Tasque [R-CASSAGNAC (LAAS)],Le Las,TASQUE,32,43.637537,0.016671,0.1011,0.037,0.02,7
Q068000201,La Barne à Tasque [Peyrens],La Barne,TASQUE,32,43.630599,0.032292,0.1523,0.089,0.051,8
Q074002001,L'Adour à Riscle,L'Adour,RISCLE,32,43.663886,-0.081043,28.7954,7.067,1.926,22
Q109402001,Le Lées à Lannux,Le Lées,LANNUX,32,43.647182,-0.234488,4.8829,0.543,0.108,41
Q109402002,Le Lées à Bernède,Le Lées,BERNEDE,32,43.678349,-0.236633,4.5295,0.676,0.18,23
Q204251001,La Midouze [Le Midou] à Nogaro,La Midouze,NOGARO,32,43.764032,-0.025203,,,,
Q206000101,La Midouze [le Midour] à Laujuzan,La Midouze,LAUJUZAN,32,43.821499,-0.116819,1.6047,0.16,0.051,39
Q209000101,L'Izaute à Monlezun-d'Armagnac,L'Izaute,MONLEZUN-D'ARMAGNAC,32,43.824972,-0.152312,0.8471,0.151,0.05,39
Q224291001,La Douze à Cazaubon,La Douze,CAZAUBON,32,43.936649,-0.081397,1.4755,0.195,0.055,47
O919001001,La Garonne à la Réole,La Garonne,REOLE,33,44.579312,-0.034612,536.5408,184.494,106.344,12
O919561701,[La Bassanne] à Savignac,,SAVIGNAC,33,44.520636,-0.105816,,0.016,,
O919621001,[La Cadanne] à Pondaurat,,PONDAURAT,33,44.5245,-0.074986,0.0371,0.007,0.005,44
O937251002,Le Dropt à Loubens,Le Dropt,LOUBENS,33,44.631899,-0.033596,5.7749,0.591,0.3,24
O942401001,Le Beuve à Lados,Le Beuve,LADOS,33,44.474323,-0.161175,0.447,0.08,0.043,24
O945001001,La Garonne à Langon,La Garonne,LANGON,33,44.556325,-0.246908,,,,
O945001002,La Garonne à Langon - Airbus,La Garonne,LANGON,33,44.557767,-0.238005,,,,
O956401001,Le Ciron à Préchac,Le Ciron,PRECHAC,33,44.410376,-0.342981,4.0087,1.978,1.34,21
O957000101,Le Ciron à Villandraut,Le Ciron,VILLANDRAUT,33,44.454086,-0.365957,6.473,2.593,1.616,5
O960001001,La Garonne à Cadillac,La Garonne,CADILLAC,33,44.635551,-0.324223,,,,
O962053101,[Le ruisseau des Hountettes] à Illats [source du Lavoir],,ILLATS,33,44.598954,-0.37313,,,,
O965000101,Le Gat-Mort à Saint-Selve,Le Gat-Mort,SAINT-SELVE,33,44.670791,-0.482639,1.2016,0.166,0.065,9
O972001001,La Garonne à Bordeaux,La Garonne,BORDEAUX,33,44.859972,-0.552718,,,,
O972001002,La Garonne à Bordeaux - Station GPMB,La Garonne,BORDEAUX,33,44.859508,-0.552562,,,,
O972001101,La Garonne à Bassens,La Garonne,BASSENS,33,44.904184,-0.537295,,,,
O978531001,La Jalle de Ludon au Pian-Médoc,La Jalle de Ludon,PIAN-MEDOC,33,44.956972,-0.686723,0.1605,0.014,0.004,53
O979000101,La Garonne à Ambès - Le Marquis,La Garonne,AMBES,33,45.003125,-0.55963,,,,
P555001001,La Dordogne à Pessac-sur-Dordogne,La Dordogne,PESSAC-SUR-DORDOGNE,33,44.821233,0.078035,250.667,92.48,39.323,29
P571501001,Le ruisseau de l'Engranne à Baigneaux,Ruisseau de l'Engranne,BAIGNEAUX,33,44.724914,-0.176203,0.1724,0.061,0.037,57
P577001001,La Dordogne à Libourne,La Dordogne,LIBOURNE,33,44.912917,-0.248825,,,,
P726151001,L'Isle à Abzac,L'Isle,ABZAC,33,45.02192,-0.126062,39.729,13.548,6.77,56
P817000101,L'Isle à Savignac-de-l'Isle,L'Isle,SAVIGNAC-DE-L'ISLE,33,44.986888,-0.233318,,,,
P846251001,La Dronne à Coutras,La Dronne,COUTRAS,33,45.041957,-0.132252,25.143,5.943,2.883,56
P846252001,La Dronne à Coutras [aval],La Dronne,COUTRAS,33,45.038673,-0.133365,25.9718,5.716,2.485,21
P916000101,La Dordogne à Bayon-sur-Gironde - Bec d'Ambès,La Dordogne,BAYON-SUR-GIRONDE,33,45.040503,-0.603554,,,,
P927401001,Le ruisseau de la Saye à Périssac,Ruisseau de la Saye,PERISSAC,33,45.013668,-0.291287,1.6364,0.149,0.05,17
S100001001,[La Gironde] au Verdon-sur-Mer,,VERDON-SUR-MER,33,45.563827,-1.0616,,,,
S100001002,[La Gironde] au Verdon-sur-Mer - Station GPMB,,VERDON-SUR-MER,33,45.563827,-1.0616,,,,
S100001003,[La Gironde] au Verdon-sur-Mer - Station SHOM,,VERDON-SUR-MER,33,45.568401,-1.061525,,,,
S100001301,[La Gironde] à Jau-Dignac-et-Loirac - Richard - Station GPMB,,JAU-DIGNAC-ET-LOIRAC,33,45.443275,-0.925203,,,,
S102000101,[La Gironde] à Saint-Yzans-de-Médoc - Lamena - Station GPMB,,SAINT-YZANS-DE-MEDOC,33,45.33574,-0.795241,,,,
S110000201,[La Gironde] à Pauillac,,PAUILLAC,33,45.218049,-0.746251,,,,
S110000202,[La Gironde] à Pauillac - Station GPMB,,PAUILLAC,33,45.219542,-0.746071,,,,
S112000101,Le chenal du Milieu [La Gironde] à Cussac-Fort-Médoc - Médoc - Station GPMB,Chenal du Milieu,CUSSAC-FORT-MEDOC,33,45.117264,-0.700268,,,,
S114000201,La Jalle de Castelnau à Castelnau-de-Médoc,Jalle de Castelnau,CASTELNAU-DE-MEDOC,33,45.030962,-0.785076,,,,
S120511101,La Craste Matouse à Hourtin - [191 - Craste de la Matouse],Craste Matouse,HOURTIN,33,45.199002,-1.072043,,,,
S121501201,à Lanton - [102],,LANTON,33,44.830117,-0.960496,,,,
S121501301,Le canal de la Berle à Sainte-Hélène - [73 - Craste de la Levade],Canal de la Berle,SAINTE-HELENE,33,44.958033,-0.975582,,,,
S121501401,Craste de l'Eyron à Saumos - [77 - Craste de l'Eyron],Craste de l'Eyron,SAUMOS,33,44.941454,-0.984212,,,,
S121501501,Craste du Pont des Tables à Lacanau - [91],Craste du Pont des Tables,LACANAU,33,45.002587,-1.002654,,,,
S121501601,Craste du Pont des Tables à Lacanau - [96 - Pont des Tables],Craste du Pont des Tables,LACANAU,33,44.995335,-1.087724,,,,
S121501701,Le canal de la Berle à Lacanau - [98 - Canal de la Berle],Canal de la Berle,LACANAU,33,44.973269,-1.080527,,,,
S121501801,Craste Neuve au Temple - [101 - Craste Neuve],Craste Neuve,TEMPLE,33,44.859706,-0.977646,,,,
S121501901,Craste de Goupilleyre au Porge - [105 - Craste de la Goupilleyre],Craste de Goupilleyre,PORGE,33,44.875587,-1.048145,,,,
S121502001,Craste de Goupilleyre au Porge - [107],Craste de Goupilleyre,PORGE,33,44.831017,-1.127533,,,,
S121502101,Craste Dreyt à Lacanau - [137 - Craste Dreyt],Craste Dreyt,LACANAU,33,44.923691,-1.106275,,,,
S121502201,Le canal de Caupos à Lacanau - [139 - Canal de Caupos],Canal de Caupos,LACANAU,33,44.931005,-1.070346,,,,
S121502301,Le canal de Caupos à Lacanau - [141 - Canal de Caupos],Canal de Caupos,LACANAU,33,44.940457,-1.044524,,,,
S121502401,[Etang de la Levade] à Sainte-Hélène - [149 - Etang de la Levade],,SAINTE-HELENE,33,44.958256,-0.978745,,,,
S121502501,Craste Castagnot à Saumos - [152 - Craste Castagnot],Craste Castagnot,SAUMOS,33,44.9288,-1.030141,,,,
S121502601,[Lagune Saumos-sud] à Saumos - [160 - Lagune Saumos sud],,SAUMOS,33,44.895732,-0.984849,,,,
S121502701,Craste Courtieux à Saumos - [161 - Craste Courtieux],Craste Courtieux,SAUMOS,33,44.887304,-0.991382,,,,
S121502801,au Porge - [174 - Le Canal],,PORGE,33,44.825398,-1.128608,,,,
S121502901,Craste de Goupilleyre au Porge - [181 - Craste de la Goupilleyre],Craste de Goupilleyre,PORGE,33,44.907588,-1.081732,,,,
S223561001,Le ruisseau de Bouron à Belin-Béliet [Moulin du Moine],Ruisseau de Bouron,BELIN-BELIET,33,44.465132,-0.772162,0.278,0.142,0.114,57
S224251001,La Grande Leyre à Salles,La Grande Leyre,SALLES,33,44.547839,-0.871324,17.3842,7.05,4.779,54
O400101101,L'Agout à Fraisse-sur-Agout [EDF],L'Agout,FRAISSE-SUR-AGOUT,34,43.619293,2.812662,1.5619,0.274,0.092,74
Y144502101,L'Espène à Olonzac,L'Espène,OLONZAC,34,43.283892,2.734924,,,,
Y160506001,La Cesse à Agel,La Cesse,AGEL,34,43.34222,2.837573,1.4406,0.0,0.0,14
Y210001001,L'Hérault à Ganges,L'Hérault,GANGES,34,43.932108,3.702161,17.58,3.035,1.64,15
Y210002001,L'Hérault à Laroque,L'Hérault,LAROQUE,34,43.915407,3.735832,19.0381,3.855,2.103,55
Y214001002,L'Hérault à Gignac - Aval,L'Hérault,GIGNAC,34,43.651523,3.534624,28.3976,3.772,1.621,32
Y214002001,L'Hérault à Saint-Guilhem-le-Désert [La Combe du Corps],L'Hérault,SAINT-GUILHEM-LE-DESERT,34,43.749189,3.59918,23.186,3.755,1.702,13
Y221001001,La Lergue à Lodève,La Lergue,LODEVE,34,43.728489,3.323993,4.5226,1.137,0.781,53
Y223001001,Le Salagou à Clermont-l'Hérault [Mas Audran],Le Salagou,CLERMONT-L'HERAULT,34,43.669145,3.414124,0.0746,0.05,,
Y230002001,L'Hérault à Aspiran,L'Hérault,ASPIRAN,34,43.570381,3.470101,35.1015,6.53,3.686,26
Y233001002,L'Hérault à Montagnac,L'Hérault,MONTAGNAC,34,43.476127,3.444189,29.6128,4.173,3.049,17
Y234001101,La Peyne à Pézenas,La Peyne,PEZENAS,34,43.463919,3.423689,,,,
Y237001002,L'Hérault à Florensac,L'Hérault,FLORENSAC,34,43.38405,3.446707,,,,
Y237002001,L'Hérault à Agde - Ecluse de Prades,L'Hérault,AGDE,34,43.326099,3.478336,42.8251,7.432,2.748,55
Y250003001,L'Orb à Lunas [Cazilhac] - Cazilhac,L'Orb,LUNAS,34,43.717211,3.152623,4.3393,2.0,0.982,32
Y250003101,L'Orb à Avène,L'Orb,AVENE,34,43.765697,3.093368,,,,
Y251001001,L'Orb à la Tour-sur-Orb [Boubals],L'Orb,TOUR-SUR-ORB,34,43.664959,3.164172,10.1078,4.85,,1
Y251002001,L'Orb à Bédarieux,L'Orb,BEDARIEUX,34,43.61603,3.157282,6.9793,1.693,1.024,12
Y251003001,L'Orb à Bédarieux [Hérépian],L'Orb,BEDARIEUX,34,43.594274,3.137106,7.0488,2.907,1.707,56
Y251003201,Le Graveson à Lunas,Le Graveson,LUNAS,34,43.703945,3.183373,1.1306,0.259,,4
Y252001001,La Mare à Saint-Gervais-sur-Mare,La Mare,SAINT-GERVAIS-SUR-MARE,34,43.656819,3.05225,2.3687,0.499,0.265,10
Y252002001,La Mare à Villemagne-l'Argentière - Le Pradal,La Mare,VILLEMAGNE-L'ARGENTIERE,34,43.626578,3.111344,2.7632,0.45,0.245,38
Y254001001,Le Jaur à Saint-Pons-de-Thomières,Le Jaur,SAINT-PONS-DE-THOMIERES,34,43.485749,2.781045,,,,
Y254002001,Le Jaur à Olargues - Amont,Le Jaur,OLARGUES,34,43.55388,2.910681,3.9629,0.484,0.187,33
Y254002004,Le Jaur à Olargues - sncf,Le Jaur,OLARGUES,34,43.557825,2.917885,4.3115,0.395,,4
Y255001002,L'Orb à Vieussan - Aval,L'Orb,VIEUSSAN,34,43.534715,2.98584,21.5812,6.513,3.822,68
Y256002001,Le Vernazobre à Saint-Chinian,Le Vernazobre,SAINT-CHINIAN,34,43.422782,2.946272,0.6422,0.158,0.065,17
Y256003001,L'Ilouvre [source] à Babeau-Bouldoux [Poussarou],Ruisseau d'Ilouvre,BABEAU-BOULDOUX,34,43.454305,2.895633,0.3302,0.072,0.047,11
Y257001001,L'Orb à Cessenon-sur-Orb,L'Orb,CESSENON-SUR-ORB,34,43.450828,3.046691,26.1702,8.652,5.275,16
Y257002001,L'Orb à Thézan-lès-Béziers [Pont Doumergue],L'Orb,THEZAN-LES-BEZIERS,34,43.412224,3.132476,23.1633,5.464,2.406,12
Y257404001,L'Orb à Cessenon-sur-Orb [Base canoé de Réals] - Base canoé,L'Orb,CESSENON-SUR-ORB,34,43.437424,3.087817,22.3302,5.981,4.057,10
Y258001002,L'Orb à Béziers [Tabarka],L'Orb,BEZIERS,34,43.37069,3.175998,25.6454,6.796,3.615,56
Y258002002,L'Orb à Béziers [Béziers] - Pont neuf,L'Orb,BEZIERS,34,43.338453,3.208215,18.247,9.72,4.168,11
Y258051001,Le Lirou à Puisserguier,Le Lirou,PUISSERGUIER,34,43.362594,3.039937,0.1403,0.0,0.0,10
Y303000101,[La Méditerranée] à Sète - Marégraphe au port de pêche,,SETE,34,43.397689,3.698877,,,,
Y311000201,La Mosson [Ruisseau de l'Avy - affluent de la Mosson] à Grabels - Source Avy,La Mosson,GRABELS,34,43.646754,3.792234,,,,
Y311000301,La Mosson à Juvignac,La Mosson,JUVIGNAC,34,43.615306,3.817199,,,,
Y314001001,La Mosson à Saint-Jean-de-Védas,La Mosson,SAINT-JEAN-DE-VEDAS,34,43.552504,3.821011,,,,
Y320001001,Le Lez [source] à Saint-Clément-de-Rivière,Le lez,SAINT-CLEMENT-DE-RIVIERE,34,43.716477,3.847282,0.9932,0.177,0.151,33
Y320002001,Le Lez à Montferrier-sur-Lez [Lavalette],Le lez,MONTFERRIER-SUR-LEZ,34,43.651465,3.87076,2.1094,0.199,0.061,49
Y320003001,Le Lirou au Triadou [Pont du Lien],Le Lirou,TRIADOU,34,43.728781,3.86758,4.269,2.655,2.65,5
Y321002001,Le Lez à Lattes [3ème écluse],Le lez,LATTES,34,43.562968,3.895081,3.1588,0.837,0.508,16
Y321002101,Le Lez à Montpellier - Trinquat,Le lez,MONTPELLIER,34,43.592488,3.904096,2.8766,0.646,,3
Y331001001,Le Salaison à Mauguio,Le Salaison,MAUGUIO,34,43.610152,3.994666,0.4043,0.066,0.011,36
Y345402401,La Bénovie à Buzignargues - Source de Fontbonne,La Bénovie,BUZIGNARGUES,34,3.99762,43.779071,,,,
J001401001,Le Nançon à Lécousse - Pont aux Anes,le Nançon,LECOUSSE,35,48.375583,-1.196451,0.6667,0.284,0.158,43
J011000101,La Minette à Chauvigné,la Minette,CHAUVIGNE,35,48.346188,-1.447623,0.2353,0.128,,
J012151001,Le Couesnon à Romazy - La Mondrais,le Couesnon,ROMAZY,35,48.365471,-1.503786,4.9297,1.148,0.503,56
J013000301,La Tamout à Bazouges-la-Pérouse [Le Bas Jugué] - Syndicat du Couesnon,la Tamout,BAZOUGES-LA-PEROUSE,35,48.424744,-1.51405,,0.036,,
J014401001,La Loisance à Saint-Ouen-la-Rouërie - Moulin Neuf,,SAINT-OUEN-LA-ROUERIE,35,48.427932,-1.435815,0.7975,0.352,0.209,57
J032301001,Le Guyoult à Epiniac - La Vieux-Ville,le Guyoult,EPINIAC,35,48.525999,-1.688679,0.4847,0.047,0.004,58
J050000101,[La Manche] à Cancale - [Marégraphe] - Port de Cancale,,CANCALE,35,48.668393,-1.851722,,,,
J062661001,Le Néal à Médréac - Pont D 220,le Néal,MEDREAC,35,48.272685,-2.042998,0.4604,0.037,0.006,57
J701061001,La Vilaine à Vitré - Bas Pont,,VITRE,35,48.122763,-1.222674,1.2987,0.352,0.167,54
J701064001,La Vilaine à la Chapelle-Erbrée [retenue Haute Vilaine] - Hauteur,,CHAPELLE-ERBREE,35,48.145823,-1.127764,,,,
J702401001,La Valière à Erbrée - Les Ravenières,la Valière,ERBREE,35,48.108913,-1.126535,0.2734,0.036,0.016,45
J702402001,La Valière à Vitré - Le Château des Rochers [aval retenue Valière],la Valière,VITRE,35,48.07676,-1.165763,0.399,0.05,0.025,41
J702403001,La Valière à Erbrée [retenue Valière] - Hauteur,la Valière,ERBREE,35,48.082939,-1.164287,,,,
J704301001,La Cantache à Taillis - La Basse Molière,la Cantache,TAILLIS,35,48.162753,-1.224971,0.5745,0.074,0.024,5
J705302001,La Cantache à Pocé-les-Bois [retenue Cantache] - Hauteur,la Cantache,POCE-LES-BOIS,35,48.127649,-1.292951,,,,
J705401001,La Pérouse à Montreuil-sous-Pérouse - Pont D 179,la Pérouse,MONTREUIL-SOUS-PEROUSE,35,48.152125,-1.222316,0.4305,0.041,0.019,8
J706062001,La Vilaine à Châteaubourg - Bel Air,,CHATEAUBOURG,35,48.108038,-1.403798,4.4197,1.04,0.721,35
J706062002,La Vilaine à Châteaubourg - Pont D857 (Etiage),,CHATEAUBOURG,35,48.108025,-1.404974,0.916,0.721,,
J708311001,La Veuvre [Le Chevré] à la Bouëxière - Le Drugeon,la Veuvre,BOUEXIERE,35,48.183122,-1.498539,1.2213,0.098,0.021,63
J709063002,La Vilaine à Cesson-Sévigné - Pont Briand,,CESSON-SEVIGNE,35,48.123665,-1.563678,6.7082,1.408,0.856,37
J709063004,La Vilaine à Cesson-Sévigné - Pont- Briand [étiage - échelle aval],,CESSON-SEVIGNE,35,48.123897,-1.563968,1.7601,1.04,,
J710301001,L'Ille à Montreuil-sur-Ille - Ecluse d'Ille,,MONTREUIL-SUR-ILLE,35,48.296308,-1.672535,0.7001,0.084,0.025,35
J711401001,L'Illet à Chasné-sur-Illet - Le Bas Janson,l'Illet,CHASNE-SUR-ILLET,35,48.247194,-1.574946,0.8064,0.097,0.044,34
J712001001,Le canal d'Ille et Rance à Rennes - Ecluse de St Martin,,RENNES,35,48.123024,-1.679039,,,,
J712301001,Le canal d'Ille et Rance [L'Ille] à Saint-Grégoire - Ecluse de St Grégoire,,SAINT-GREGOIRE,35,48.150758,-1.679329,,,,
J721401001,La Flume à Pacé - Tixuë,la Flume,PACE,35,48.18086,-1.779692,0.6494,0.098,0.025,47
J731301001,Le Meu à Gaël - Le Pont Perrin,le Meu,GAEL,35,48.126924,-2.217195,1.064,0.076,0.005,19
J734401001,Le Garun à Iffendic - La Roncelinais,le Garun,IFFENDIC,35,48.17001,-1.993621,0.6229,0.099,0.046,16
J735301001,Le Meu à Montfort-sur-Meu - L'Abbaye,le Meu,MONTFORT-SUR-MEU,35,48.128601,-1.944196,3.1852,0.312,0.055,57
J736422001,La Chèze à Plélan-le-Grand - L'Enlevrier,la Chèze,PLELAN-LE-GRAND,35,48.008943,-2.039535,0.0956,0.005,0.001,35
J739301001,Le Meu à Bréal-sous-Montfort - Le Grand Pont,le Meu,BREAL-SOUS-MONTFORT,35,48.068695,-1.853941,,,,
J744301001,La Seiche à Amanlis - Pont D 37,la Seiche,AMANLIS,35,48.00948,-1.473598,3.5337,0.276,0.116,12
J747000101,L'Ise à Bourgbarré - Pont D 39,l'Ise,BOURGBARRE,35,47.998309,-1.612181,0.6606,0.086,0.037,10
J748301001,La Seiche à Bruz - Carcé,la Seiche,BRUZ,35,48.019485,-1.722288,4.8098,0.411,0.065,46
J748301002,La Seiche à Pont-Péan - Pont D 837,la Seiche,PONT-PEAN,35,48.02326,-1.706593,5.1767,0.496,0.202,10
J750061001,La Vilaine à Guichen - Le Boël [aval écluse],,GUICHEN,35,47.992902,-1.755066,23.7153,4.241,2.09,33
J750061002,La Vilaine à Bourg-des-Comptes - La Bouëxière [amont écluse],,BOURG-DES-COMPTES,35,47.945671,-1.750344,5.2072,2.671,,
J751301001,Le Canut [nord] à Maxent - La Botelerais,le Canut,MAXENT,35,47.995408,-1.993295,0.2177,0.008,0.002,35
J763301001,Le Semnon à Bain-de-Bretagne - Rochereuil,le Semnon,BAIN-DE-BRETAGNE,35,47.860127,-1.629833,2.9038,0.138,0.017,55
J770061001,La Vilaine à Guipry - Ecluse de Guipry,,GUIPRY,35,47.822475,-1.822065,,,,
J770061002,La Vilaine à Guipry - Ecluse de Mâlon [amont],,GUIPRY,35,47.798417,-1.842606,237.025,132.162,,
J790061002,La Vilaine à Langon - Droulin,,LANGON,35,47.708177,-1.852045,32.9247,5.207,2.864,6
J797301001,Le Canut [sud] à Saint-Just - Pont D 54,le Canut,SAINT-JUST,35,47.776219,-1.979393,0.3052,0.03,0.009,57
J860241001,L'Aff à Paimpont - Pont du Secret,l'Aff,PAIMPONT,35,47.982261,-2.142756,0.2487,0.011,0.0,57
J900001001,Le canal de Nantes à Brest à Redon - Ecluse d'Oust,,REDON,35,47.648227,-2.085248,,,,
J900061001,La Vilaine à Redon - Quai Duguay-Trouin,,REDON,35,47.647862,-2.084732,,,,
K612311010,La Théols à Meunet-Planches,,MEUNET-PLANCHES,36,46.836584,1.955834,,3.026,,
K612311011,La Théols à Meunet-Planches - Station débitmétrique,,MEUNET-PLANCHES,36,46.836531,1.95589,1.7702,0.227,0.012,6
K613000201,Le Liennet à Vouillon - [9],le Liennet,VOUILLON,36,46.829201,1.933105,,,,
K614000101,Le Cousseron à Condé - [10],le Cousseron,CONDE,36,46.891545,1.963472,,,,
K615000201,La Vignole à Issoudun [Rouache],,ISSOUDUN,36,46.946242,1.978137,0.6087,0.203,,
K616000101,La Tournemine à Saint-Aoustrille - [12],la Tournemine,SAINT-AOUSTRILLE,36,46.940752,1.921847,,,,
K617313001,La Théols à Sainte-Lizaigne - Pont RD34 - Station débitmétrique,la Théols,SAINTE-LIZAIGNE,36,47.005826,2.02707,5.11,1.525,0.831,14
K617313002,La Théols à Sainte-Lizaigne - Pont RD 34,la Théols,SAINTE-LIZAIGNE,36,47.005707,2.027266,,12.542,,
K652000201,Le Fouzon à Dun-le-Poëlier,le Fouzon,DUN-LE-POELIER,36,47.204528,1.755358,1.4186,0.335,,3
K652000301,Le Fouzon à Dun-le-Poëlier - [3],le Fouzon,DUN-LE-POELIER,36,47.196846,1.756177,,,,
K653000301,Le Renon à Rouvres-les-Bois - [4],le Renon,ROUVRES-LES-BOIS,36,47.070298,1.697881,,,,
K653000401,Le Saint Martin à Guilly - [6],le Saint Martin,GUILLY,36,47.070164,1.732841,,,,
K654000201,Le Renon à Sembleçay - [5a],le Renon,SEMBLECAY,36,47.219653,1.677369,,,,
K654000301,[Bras droit] à Sembleçay - Renon aval [5b],,SEMBLECAY,36,47.219706,1.681813,,,,
K656000201,Le Nahon à Gehée - [7],le Nahon,GEHEE,36,47.04914,1.509143,,,,
K657000201,à Langé [La Céphons] - Céphons [8],,LANGE,36,47.062263,1.526211,,,,
K658000101,Le Nahon à Poulaines - Barzelle,le Nahon,POULAINES,36,47.177692,1.601104,1.7178,0.444,,4
K660000201,Le Modon à Villentrois - [1b],le Modon,VILLENTROIS,36,47.202662,1.46638,,,,
K660000301,Le Traîne Feuilles à Lye - [2],le Traîne Feuilles,LYE,36,47.216201,1.442354,,,,
K660000401,Le Modon à Lye [Les Cartes],le Modon,LYE,36,47.239578,1.459165,1.4317,0.507,,
K700000201,L'Indre à Pérassay - [13],l'Indre,PERASSAY,36,46.477654,2.111322,,,,
K700000301,La Taisonne à Pérassay - [15],la Taisonne,PERASSAY,36,46.484659,2.098004,,,,
K701000101,Les Palles [Bras principal] à Sainte-Sévère-sur-Indre,les Palles,SAINTE-SEVERE-SUR-INDRE,36,46.46804,2.086701,,,,
K701000102,Les Palles [Bras principal] à Sainte-Sévère-sur-Indre,les Palles,SAINTE-SEVERE-SUR-INDRE,36,46.46804,2.086701,,,,
K702262001,L'Indre à Montgivray,l'Indre,MONTGIVRAY,36,46.600201,1.97929,1.4055,0.305,0.141,16
K702262101,L'Indre à Sainte-Sévère-sur-Indre - [14],l'Indre,SAINTE-SEVERE-SUR-INDRE,36,46.487171,2.058166,,,,
K704000101,L'Igneraie [Pont C6] à Nohant-Vic,l'Igneraie,NOHANT-VIC,36,46.651902,1.954614,1.1028,0.235,,1
K711000101,La Vauvre [Bras principal] à Crozon-sur-Vauvre,la Vauvre,CROZON-SUR-VAUVRE,36,46.488857,1.870005,,,,
K713000201,La Couarde à Sarzay - [17],la Couarde,SARZAY,36,46.606817,1.916058,,,,
K713000301,La Couarde [Bras principal] à Chassignolles,la Couarde,CHASSIGNOLLES,36,46.512912,1.975821,,,,
K714301001,La Vauvre à Montipouret - Moulin d'Angibault,la Vauvre,MONTIPOURET,36,46.625972,1.904001,1.5337,0.212,0.063,11
K720261001,L'Indre à Ardentes,l'Indre,ARDENTES,36,46.741917,1.830585,5.1067,1.08,0.337,55
K720261002,L'Indre à Ardentes - Station débitmétrique,l'Indre,ARDENTES,36,46.741827,1.830626,8.3933,0.585,0.121,8
K720751001,La Ringoire à Déols,la Ringoire,DEOLS,36,46.834549,1.689194,0.5666,0.098,0.002,25
K720751002,La Ringoire à Déols - Station débitmétrique,la Ringoire,DEOLS,36,46.834549,1.689194,,,,
K721261010,L'Indre à Châteauroux,l'Indre,CHATEAUROUX,36,46.813365,1.684906,,,,
K721751001,La Trégonce à Vineuil - Pont de Pierre,,VINEUIL,36,46.927542,1.635625,0.1512,0.042,0.012,27
K721751301,La Trégonce à Villedieu-sur-Indre - [18],,VILLEDIEU-SUR-INDRE,36,46.846376,1.537923,,,,
K722261011,L'Indre à Buzançais - Pont voie ferrée,l'Indre,BUZANCAIS,36,46.898805,1.415264,8.7405,2.599,1.057,11
K722261201,La Cité à Saint-Genou [L'Auneau] - RD64,la Cité,SAINT-GENOU,36,46.935752,1.381353,0.9013,0.286,,
K722261301,La Cité à Palluau-sur-Indre - [19],la Cité,PALLUAU-SUR-INDRE,36,46.939078,1.349455,,,,
K731261001,L'Indre à Saint-Cyran-du-Jambot,l'Indre,SAINT-CYRAN-DU-JAMBOT,36,47.016872,1.127078,12.6531,3.657,1.672,56
L453000201,La Creuse à Éguzon-Chantôme [EDF],la Creuse,EGUZON-CHANTOME,36,46.454983,1.612873,28.5449,6.0,1.594,87
L454071001,La Creuse à Gargilesse-Dampierre [Pont-Noir],la Creuse,GARGILESSE-DAMPIERRE,36,46.513551,1.584315,,,,
L454072001,La Creuse à Argenton-sur-Creuse,la Creuse,ARGENTON-SUR-CREUSE,36,46.588547,1.5179,26.4902,3.363,1.552,19
L454072201,La Gargilesse à Gargilesse-Dampierre - [25],la Gargilesse,GARGILESSE-DAMPIERRE,36,46.512867,1.595373,,,,
L462000201,Le Gourdon à Jeu-les-Bois [Pont D74],le Gourdon,JEU-LES-BOIS,36,46.666292,1.79783,0.3935,0.134,,
L463000101,La Bouzanne à Jeu-les-Bois - [22],la Bouzanne,JEU-LES-BOIS,36,46.670614,1.786137,,,,
L464000101,Le Creuzançais à Arthon - [24],le Creuzançais,ARTHON,36,46.692753,1.697094,,,,
L465301001,La Bouzanne à Velles [Forges],la Bouzanne,VELLES,36,46.666054,1.626868,3.0518,0.554,0.272,56
L470071001,La Creuse à Saint-Gaultier,la Creuse,SAINT-GAULTIER,36,46.635278,1.427459,29.0155,5.773,2.032,6
L470071201,Le Bouzanteuil à Chasseneuil - [26],le Bouzanteuil,CHASSENEUIL,36,46.647743,1.465995,,,,
L471071001,La Creuse à Ciron [Scoury],la Creuse,CIRON,36,46.632484,1.289224,35.8623,7.106,2.684,54
L472000101,Le Brion à Ciron - [27],le Brion,CIRON,36,46.623978,1.266192,,,,
L473071001,La Creuse au Blanc,la Creuse,BLANC,36,46.63076,1.062097,30.7297,5.943,2.607,20
L473072001,La Creuse à Tournon-Saint-Martin,la Creuse,TOURNON-SAINT-MARTIN,36,46.734049,0.95196,35.4168,7.353,2.748,18
L550000301,L'Anglin à la Châtre-Langlin - [28],l'Anglin,CHATRE-LANGLIN,36,46.417354,1.361564,,,,
L551191001,L'Anglin à Prissac,l'Anglin,PRISSAC,36,46.504011,1.253238,1.7754,0.201,0.034,38
L552000101,[L'Abloux] à Sacierges-Saint-Martin,,SACIERGES-SAINT-MARTIN,36,46.49761,1.35568,1.5802,0.281,,1
L553000201,La Sonne à Prissac [Chambert],la Sonne,PRISSAC,36,46.521841,1.271364,,,,
L555000201,L'Allemette à Bélâbre - [30],l'Allemette,BELABRE,36,46.529048,1.184864,,,,
L574191001,L'Anglin à Mérigny,l'Anglin,MERIGNY,36,46.630508,0.924295,12.0815,1.838,0.585,43
L610000201,La Claise à Vendœuvres - [20],la Claise,VENDŒUVRES,36,46.822528,1.325998,,,,
L611000201,L'Yoson à Mézières-en-Brenne [Pont D925],l'Yoson,MEZIERES-EN-BRENNE,36,46.807246,1.298171,0.1807,0.158,,
L612000301,La Claise à Martizay,la Claise,MARTIZAY,36,46.802692,1.090098,,,,
K481000201,L'Amasse à Saint-Règle,l'Amasse,SAINT-REGLE,37,47.412057,1.061148,0.5742,0.113,,2
K485300001,La Cisse à Nazelles-Négron,la Cisse,NAZELLES-NEGRON,37,47.434853,0.965965,2.3379,0.915,0.446,27
K487312001,La Brenne à Villedômer - Bas Villaumay,,VILLEDOMER,37,47.5679,0.898195,1.1751,0.371,0.246,24
K488000301,[La Brenne] à Vernou-sur-Brenne,,VERNOU-SUR-BRENNE,37,47.415566,0.843285,,,,
K488000401,La Quintame à Auzouer-en-Touraine,la Quintame,AUZOUER-EN-TOURAINE,37,47.556201,0.931093,,,,
K490003010,La Loire à Tours - Pont Mirabeau,la Loire,TOURS,37,47.397838,0.697735,332.1062,120.29,65.831,29
K493000201,La Choisille à Fondettes,la Choisille,FONDETTES,37,47.396076,0.646151,,,,
K493000202,La Choisille à Fondettes - Station débitmétrique,la Choisille,FONDETTES,37,47.396076,0.646151,,,,
K497000301,La Bresme à Saint-Étienne-de-Chigny,la Bresme,SAINT-ETIENNE-DE-CHIGNY,37,47.395118,0.526141,,,,
K671091001,Le Cher à Tours - Pont Saint-Sauveur,le Cher,TOURS,37,47.373103,0.678009,81.5257,22.19,10.245,25
K681000201,La Roumer à Langeais [Cerisier],la Roumer,LANGEAIS,37,47.334225,0.341292,,,,
K683002001,La Loire à Langeais,la Loire,LANGEAIS,37,47.319857,0.405306,419.2087,148.551,83.161,29
K732261001,L'Indre à Perrusson,l'Indre,PERRUSSON,37,47.103082,1.018383,13.2458,3.946,1.473,11
K732261601,Le Ballon et Vitray à Saint-Hippolyte,le Ballon et le Vitray,SAINT-HIPPOLYTE,37,47.045213,1.121478,,,,
K732261701,Le Beugon à Saint-Jean-Saint-Germain,le Beugon,SAINT-JEAN-SAINT-GERMAIN,37,47.085393,1.073363,,,,
K732261801,Le Verneuil à Verneuil-sur-Indre,le Verneuil,VERNEUIL-SUR-INDRE,37,47.060038,1.051085,,,,
K743303001,L'Indrois à Genillé,l'Indrois,GENILLE,37,47.17971,1.096608,2.243,0.547,0.318,43
K750261010,L'Indre à Cormery,l'Indre,CORMERY,37,47.269527,0.834675,,,,
K751401001,L'Echandon à Saint-Branchs,l'Echandon,SAINT-BRANCHS,37,47.247365,0.818916,0.6105,0.142,0.066,57
K752262011,L'Indre à Monts,l'Indre,MONTS,37,47.278428,0.627193,18.7632,5.254,2.064,7
K754000601,Le Doigt à Cheillé,le Doigt,CHEILLE,37,47.257015,0.45013,,,,
L620201501,La Muanne à Chaumussay,la Muanne,CHAUMUSSAY,37,46.883585,0.880064,,,,
L621000201,La Claise au Grand-Pressigny [Pont de Fer],la Claise,GRAND-PRESSIGNY,37,46.924614,0.793281,4.4401,1.12,0.332,8
L621000301,L'Aigronne au Grand-Pressigny [Pont Saint Martin],l'Aigronne,GRAND-PRESSIGNY,37,46.916722,0.805567,0.7211,0.241,0.144,8
L621000601,Le Brignon à Neuilly-le-Brignon,le Brignon,NEUILLY-LE-BRIGNON,37,46.957562,0.774215,0.5927,0.191,,4
L630071001,La Creuse à Descartes,la Creuse,DESCARTES,37,46.972228,0.694908,104.3001,41.188,23.587,7
L631000301,L'Estrigueil à Ciran,l'Estrigueil,CIRAN,37,47.057161,0.874286,,,,
L632000201,L'Esves à Marcé-sur-Esves,l'Esves,MARCE-SUR-ESVES,37,47.030966,0.656103,0.9483,0.419,0.274,10
L700061001,La Vienne à Nouâtre,la Vienne,NOUATRE,37,47.050101,0.544853,196.3991,66.246,32.484,56
L701000201,La Bourouse à Theneuil,la Bourouse,THENEUIL,37,47.090193,0.437997,0.1661,0.043,,3
L702000101,La Manse à Crouzilles [La Couture],la Manse,CROUZILLES,37,47.138592,0.440155,0.7874,0.313,0.195,12
L702000301,[La Manse] à Sainte-Maure-de-Touraine,,SAINTE-MAURE-DE-TOURAINE,37,47.113653,0.598572,,,,
L710000401,La Veude à Chaveignes,,CHAVEIGNES,37,47.001206,0.357597,,,,
L711000601,La Mable à Champigny-sur-Veude,la Mable,CHAMPIGNY-SUR-VEUDE,37,47.037179,0.325604,,,,
L712301001,La Veude à Lémeré [Moulin de Coutureau],,LEMERE,37,47.100892,0.305949,1.2304,0.34,0.117,28
L720061001,La Vienne à Chinon,la Vienne,CHINON,37,47.165937,0.238393,178.509,51.949,34.32,16
L721000801,Le Négron à Marçay,,MARCAY,37,47.10287,0.187297,,,,
L900000701,[Le Changeon] à Gizeux [Moulin Foulon],,GIZEUX,37,47.354887,0.20523,0.3187,0.131,0.084,11
L911000401,Le Lathan à Rillé,,RILLE,37,47.45229,0.248387,0.2709,0.092,0.047,10
M135401010,L'Escotais à Saint-Paterne-Racan,l'Escotais,SAINT-PATERNE-RACAN,37,47.603299,0.476992,0.3168,0.108,0.055,54
M135401301,[Ruisseau de l'étang Gaillard] à Beaumont-la-Ronce,,BEAUMONT-LOUESTAULT,37,47.560831,0.624995,,,,
M135401401,Le Long [Vandoeuvre] à Neuvy-le-Roi,le Long ou la Vandoeuvre,NEUVY-LE-ROI,37,47.57957,0.612167,,,,
V150401002,Le Guiers à Saint-Laurent-du-Pont,Le Guiers,SAINT-LAURENT-DU-PONT,38,45.38872,5.73619,4.4564,1.18,0.648,7
V151500001,Le Guiers Vif à Saint-Pierre-d'Entremont [Cirque de St-Même],Le Guiers Vif,SAINT-PIERRE-D'ENTREMONT,38,45.399883,5.891045,0.6584,0.164,0.11,15
V151501001,Le Guiers Vif à Saint-Christophe-sur-Guiers [Pont Saint-Martin],Le Guiers Vif,SAINT-CHRISTOPHE-SUR-GUIERS,38,45.442264,5.78261,4.8157,1.276,0.61,47
V172502001,L'Hien à Saint-Victor-de-Cessieu,L'Hien,SAINT-VICTOR-DE-CESSIEU,38,45.543968,5.397494,0.6626,0.23,0.086,27
V173401001,La Bourbre à Bourgoin-Jallieu,La Bourbre,BOURGOIN-JALLIEU,38,45.588716,5.293806,2.8565,0.848,0.226,26
V173501001,L'Agny à Nivolas-Vermelle,L'Agny,NIVOLAS-VERMELLE,38,45.559018,5.303362,0.6521,0.312,0.161,27
V177401001,La Bourbre à Tignieu-Jameyzieu,La Bourbre,TIGNIEU-JAMEYZIEU,38,45.715263,5.159141,7.6043,3.982,2.032,61
V300911301,Le Rhône à Anthon,Le Rhône,ANTHON,38,45.794571,5.161273,597.3655,361.35,,2
V321501001,La Vesonne à Estrablin [Pont de Bourgeat],La Vesonne,ESTRABLIN,38,45.514089,4.964114,0.24,0.013,0.0,33
V322542002,La Véga à Pont-Évêque,La Véga,PONT-EVEQUE,38,45.533336,4.903559,0.79,0.607,0.525,37
V333501001,La Sanne à Saint-Romain-de-Surieu,La Sanne,SAINT-ROMAIN-DE-SURIEU,38,45.384491,4.885991,0.128,0.043,0.023,24
V340431001,La Raille [Rival] à Brézins,La Raille,BREZINS,38,45.348062,5.315852,0.5755,0.126,0.025,47
V342431001,La Raille [Rival] à Beaufort,La Raille,BEAUFORT,38,45.335732,5.118842,0.8334,0.203,0.054,43
V360000301,La Galaure à Roybon,La Galaure,ROYBON,38,45.258563,5.18834,0.503,0.402,,
W114402001,Le Bréda à Pontcharra,Le Bréda,PONTCHARRA,38,45.43526,6.021501,5.9808,2.374,1.68,14
W130001001,L'Isère à Barraux [La Gache] - EDF,L'Isère,BARRAUX,38,45.434681,6.003487,131.6646,86.432,63.362,38
W130001002,L'Isère à Barraux [La Gache] - DREAL,L'Isère,BARRAUX,38,45.434936,6.004755,127.6053,82.712,61.065,9
W131001001,L'Isère au Cheylas - EDF,L'Isère,CHEYLAS,38,45.366624,5.980778,172.5568,115.765,83.091,43
W131001002,L'Isère au Cheylas - DREAL,L'Isère,CHEYLAS,38,45.366627,5.980651,160.2568,109.931,79.801,6
W140000101,L'Isère à Crolles - DREAL,L'Isère,CROLLES,38,45.265325,5.898879,183.8216,122.843,80.381,5
W140000102,L'Isère à Crolles - SyMBHI,L'Isère,CROLLES,38,45.265316,5.898879,,,,
W141001001,L'Isère à Grenoble [Bastille],L'Isère,GRENOBLE,38,45.192991,5.724998,179.7595,120.0,87.175,58
W141001201,Le ruisseau du Doménon à Domène,Ruisseau du Doménon,DOMENE,38,45.202204,5.837267,1.1177,0.596,0.401,7
W141001203,Le ruisseau du Doménon à Domène - Station vitesse,Ruisseau du Doménon,DOMENE,38,45.202204,5.83728,,,,
W222000101,Le Drac à Corps [EDF - Le Sautet],Le Drac,CORPS,38,44.817548,5.909317,31.5648,13.428,8.196,76
W231401001,La Bonne à Entraigues [Pont Battant],La Bonne,ENTRAIGUES,38,44.900347,5.944454,4.2481,1.695,0.967,74
W233521001,La Roizonne à la Valette [La Rochette],La Roizonne,VALETTE,38,44.949878,5.867454,2.6439,1.183,0.589,93
W240501001,La Jonche à la Mure,La Jonche,MURE,38,44.913886,5.782882,0.7392,0.232,0.101,49
W271000101,La Romanche à Mizoën [EDF - Chambon amont],La Romanche,MIZOEN,38,45.038608,6.182966,7.232,1.854,1.022,76
W271000103,La Romanche à Mizoën [EDF - Chambon amont],La Romanche,MIZOEN,38,45.038608,6.182966,4.7816,2.455,,
W273000102,Le Vénéon à Saint-Christophe-en-Oisans - DREAL,Le Vénéon,SAINT-CHRISTOPHE-EN-OISANS,38,44.937353,6.25198,5.2538,0.921,,4
W274601201,La Romanche au Bourg-d'Oisans [Pont de la Romanche] - DREAL,La Romanche,BOURG-D'OISANS,38,45.058407,6.036768,25.5629,11.548,6.44,5
W274601202,La Romanche au Bourg-d'Oisans [Pont de la Romanche] - Vitesse,La Romanche,BOURG-D'OISANS,38,45.058399,6.036742,,,,
W274601301,La Romanche au Bourg-d'Oisans [Pont Rouge] - EDF,La Romanche,BOURG-D'OISANS,38,45.115542,6.01325,27.7479,11.3,7.167,17
W274601302,La Romanche au Bourg-d'Oisans [Pont Rouge] - DREAL,La Romanche,BOURG-D'OISANS,38,45.115542,6.01325,28.3138,13.813,10.485,5
W275000201,L'Eau d'Olle à Allemond [EDF - La Pernière - QNR],L'Eau d'Olle,ALLEMOND,38,45.120511,6.019754,7.5318,3.19,1.831,73
W275000301,L'Eau d'Olle à Allemond [La Pernière] - EDF,L'Eau d'Olle,ALLEMOND,38,45.120531,6.019666,,,,
W275000302,L'Eau d'Olle à Allemond [La Pernière] - DREAL,L'Eau d'Olle,ALLEMOND,38,45.120531,6.019666,7.3304,2.187,2.204,5
W276721001,[La Duy] à Vizille,,VIZILLE,38,45.066735,5.774926,0.7738,0.543,0.299,44
W276721102,La Romanche à Livet-et-Gavet [Champeau] - DREAL,La Romanche,LIVET-ET-GAVET,38,45.117701,5.977491,,,,
W276721401,La Romanche à Notre-Dame-de-Mésage,La Romanche,NOTRE-DAME-DE-MESAGE,38,45.077063,5.765024,33.6707,14.549,11.724,6
W280402001,La Gresse à Gresse-en-Vercors [Pont Jacquet],La Gresse,GRESSE-EN-VERCORS,38,44.926677,5.57057,0.4712,0.123,0.035,36
W283201001,Le Drac au Pont-de-Claix,Le Drac,PONT-DE-CLAIX,38,45.11974,5.697007,52.224,14.3,4.097,16
W283201002,Le Drac au Pont-de-Claix - rive droite,Le Drac,PONT-DE-CLAIX,38,45.11974,5.697007,,,,
W283201003,Le Drac au Pont-de-Claix - débit,Le Drac,PONT-DE-CLAIX,38,45.11974,5.697007,,,,
W283201101,Le Drac à Fontaine - EDF,Le Drac,FONTAINE,38,45.203111,5.692625,97.3992,57.333,39.623,41
W283201102,Le Drac à Fontaine - DREAL,Le Drac,FONTAINE,38,45.203109,5.692676,,,,
W320001001,L'Isère à Saint-Gervais [Le Port] - EDF,L'Isère,SAINT-GERVAIS,38,45.206804,5.465637,298.7269,201.0,140.565,55
W320001002,L'Isère à Saint-Gervais [Le Port] - DREAL,L'Isère,SAINT-GERVAIS,38,45.206848,5.46569,290.6458,194.261,125.654,6
W320001201,L'Isère à Saint-Gervais [QNR Le Port - EDF],L'Isère,SAINT-GERVAIS,38,45.206804,5.465637,,,,
W322000201,Le Vézy à Têche,Le Vézy,TECHE,38,45.187498,5.3889,,,,
W331501001,Le Méaudret à Méaudre,Le Méaudret,AUTRANS-MEAUDRE EN VERCORS,38,45.112138,5.530963,0.6247,0.149,0.059,48
W333521201,La Vernaisson à Pont-en-Royans [EDF],La Vernaisson,PONT-EN-ROYANS,38,45.058986,5.342892,1.5963,0.536,0.219,59
W334000101,La Bourne à Saint-Just-de-Claix [Pont de Manne] - EDF,La Bourne,SAINT-JUST-DE-CLAIX,38,45.061264,5.28043,19.7368,3.337,1.527,57
W334000102,La Bourne à Saint-Just-de-Claix [Pont de Manne] - DREAL,La Bourne,SAINT-JUST-DE-CLAIX,38,45.061264,5.28043,18.3053,3.965,2.427,8
U254052001,L'Arne à Lavans-lès-Dole,L'Arne,LAVANS-LES-DOLE,39,47.156671,5.624388,0.5518,0.096,0.027,26
U254201001,Le Doubs à Rochefort-sur-Nenon,Le Doubs,ROCHEFORT-SUR-NENON,39,47.122799,5.562372,106.3665,31.616,13.126,63
U255201001,Le Doubs à Dole,Le Doubs,DOLE,39,47.088633,5.492694,,,,
U256502001,La Clauge à la Loye,La Clauge,LOYE,39,47.035597,5.539902,1.1201,0.077,0.037,37
U263401001,La Loue à Champagne-sur-Loue,La Loue,CHAMPAGNE-SUR-LOUE,39,47.043456,5.815071,51.5488,15.7,7.384,62
U263501001,La Furieuse à Salins-les-Bains,La Furieuse,SALINS-LES-BAINS,39,46.942433,5.87814,1.4887,0.286,0.092,44
U264000101,La Loue à Montbarrey [Les trois Ours],La Loue,MONTBARREY,39,47.011364,5.630336,48.4562,13.508,5.926,12
U265402001,La Loue [rivière] à Parcey,La Loue,PARCEY,39,47.015571,5.496065,,,,
U265503001,La Cuisance à Mesnay,La Cuisance,MESNAY,39,46.89089,5.803401,3.2529,0.711,0.296,45
U265503101,La Cuisance à Vaudrey [Champs levés],La Cuisance,VAUDREY,39,46.98406,5.614882,4.67,0.703,0.276,10
U272201001,Le Doubs à Neublans-Abergement,Le Doubs,NEUBLANS-ABERGEMENT,39,46.921643,5.350597,170.73,49.754,19.513,59
U340403001,La Seille à Voiteur [aval],La Seille,VOITEUR,39,46.755244,5.615831,4.1227,0.632,0.108,31
U341502001,La Brenne à Sellières [les forges Baudin],La Brenne,SELLIERES,39,46.824433,5.572686,0.6294,0.09,0.031,54
U345501001,La Vallière à Lons-le-Saunier,La Vallière,LONS-LE-SAUNIER,39,46.672164,5.563932,0.6535,0.113,0.044,43
V201201001,L'Ain à Bourg-de-Sirod,L'Ain,BOURG-DE-SIROD,39,46.723903,5.955839,9.432,2.747,1.384,45
V202401001,La Saine à Foncine-le-Bas,La Saine,FONCINE-LE-BAS,39,46.640053,6.027537,3.3725,0.662,0.319,67
V203041001,La Saine à Syam,La Saine,SYAM,39,46.70407,5.94038,8.3071,1.299,0.554,24
V203501001,La Lemme à Fort-du-Plasne [Pont-de-Lemme],La Lemme,FORT-DU-PLASNE,39,46.623579,5.958304,0.9416,0.147,0.053,64
V211401001,L'Angillon à Champagnole,L'Angillon,CHAMPAGNOLE,39,46.755817,5.86907,2.7456,0.273,0.05,49
V220601001,Le Hérisson à Doucier,Le Hérisson,DOUCIER,39,46.648115,5.77531,1.7035,0.46,0.144,57
V220611101,L'Ain à Marigny [QNR EDF - Chalain],L'Ain,MARIGNY,39,46.685651,5.767111,26.9343,6.531,3.19,63
V231000201,L'Ain à Pont-de-Poitte,L'Ain,PONT-DE-POITTE,39,46.584975,5.700296,36.0424,7.027,2.107,8
V232201001,L'Ain à Cernon [Vouglans - EDF],L'Ain,CERNON,39,46.397531,5.665633,40.2807,10.1,3.555,91
V232201201,L'Ain à Cernon [QNR Vouglans - EDF],L'Ain,CERNON,39,46.397805,5.666245,37.9309,8.15,1.427,18
V241403001,La Bienne à Morez,La Bienne,HAUTS DE BIENNE,39,46.5311,6.015985,2.993,0.494,0.25,27
V242056001,Le Tacon à Saint-Claude,Le Tacon,SAINT-CLAUDE,39,46.378156,5.873192,7.1251,1.258,0.635,28
V244402001,La Bienne à Jeurre,La Bienne,JEURRE,39,46.362726,5.706154,29.3921,5.161,2.702,54
V261912101,Le Valouson à Marigna-sur-Valouse,Le Valouson,MARIGNA-SUR-VALOUSE,39,46.443151,5.536137,2.5256,1.162,,
Q110001002,L'Adour à Aire-sur-l'Adour,L'Adour,AIRE-SUR-L'ADOUR,40,43.703898,-0.261987,37.9391,9.778,4.018,55
Q110501001,Le ruisseau des Arribauts à Aire-sur-l'Adour,Ruisseau des Arribauts,AIRE-SUR-L'ADOUR,40,43.70265,-0.262735,0.6143,0.4,0.235,26
Q116001001,L'Adour à Grenade-sur-l'Adour,L'Adour,GRENADE-SUR-L'ADOUR,40,43.771972,-0.428048,59.0636,9.68,,
Q122402002,Le Bahus à Classun,Le Bahus,CLASSUN,40,43.711595,-0.405211,0.5884,0.085,0.044,24
Q124001001,L'Adour à Saint-Sever,L'Adour,SAINT-SEVER,40,43.766923,-0.56924,44.9046,12.706,5.252,7
Q138571001,Le ruisseau de Laudon à Audignon,Ruisseau de Laudon,AUDIGNON,40,43.732489,-0.603055,0.0538,0.015,,3
Q142001001,L'Adour à Onard - Audon,L'Adour,ONARD,40,43.789284,-0.836261,54.7173,15.0,5.543,39
Q215251001,La Midouze [Le Midou] à Villeneuve-de-Marsan,La Midouze,VILLENEUVE-DE-MARSAN,40,43.901984,-0.304305,4.947,0.617,0.327,34
Q218000101,Le Ludon à Bougue,Le Ludon,BOUGUE,40,43.889909,-0.390218,0.6382,0.339,,4
Q219252003,La Midouze [Le Midou] à Mont-de-Marsan,La Midouze,MONT-DE-MARSAN,40,43.894468,-0.465347,5.9589,1.82,,4
Q229291001,La Douze à Roquefort,La Douze,ROQUEFORT,40,44.029211,-0.310141,2.828,0.645,0.304,50
Q236401001,L'Estampon à Arue,L'Estampon,ARUE,40,44.065513,-0.283556,2.9699,1.398,0.871,29
Q240291002,La Douze à Roquefort [Petit Coutchon] - Petit Coutchon,La Douze,ROQUEFORT,40,44.034808,-0.341458,7.2997,2.749,1.354,7
Q242431001,La Gouaneyre à Arue [Téchené],La Gouaneyre,ARUE,40,44.041119,-0.424613,0.9807,0.462,0.354,14
Q250332001,La Midouze à Mont-de-Marsan,La Midouze,MONT-DE-MARSAN,40,43.890679,-0.503587,15.6301,5.893,3.964,19
Q254431001,Le ruisseau de l'Estrigon à Cère,Ruisseau de l'Estrigon,CERE,40,43.976578,-0.548964,1.9845,0.857,0.594,34
Q258461001,Le ruisseau de Geloux à Saint-Martin-d'Oney,Ruisseau de Geloux,SAINT-MARTIN-D'ONEY,40,43.932308,-0.627412,1.0361,0.494,0.341,31
Q259331001,La Midouze à Campagne,La Midouze,CAMPAGNE,40,43.907637,-0.659127,20.7838,9.3,5.759,57
Q265401001,Le Bès à Saint-Yaguen,Le Bès,SAINT-YAGUEN,40,43.876134,-0.756332,4.0666,1.809,1.34,16
Q266311001,La Midouze à Tartas,La Midouze,TARTAS,40,43.833024,-0.807512,26.3565,11.388,7.455,16
Q303001001,L'Adour à Pontonx-sur-l'Adour,L'Adour,PONTONX-SUR-L'ADOUR,40,43.784182,-0.92532,81.3355,25.804,14.968,13
Q305401001,Le Louts à Hagetmau,Le Louts,HAGETMAU,40,43.64986,-0.592228,1.0317,0.127,0.044,30
Q308040001,Le Louts à Gamarde-les-Bains,Le Louts,GAMARDE-LES-BAINS,40,43.739694,-0.839907,3.6862,0.49,0.3,8
Q312001002,L'Adour à Saint-Vincent-de-Paul,L'Adour,SAINT-VINCENT-DE-PAUL,40,43.734413,-0.999516,88.847,31.5,15.441,68
Q312003001,L'Adour à Dax [Pont des arènes],L'Adour,DAX,40,43.7122,-1.053885,97.0735,35.434,19.112,13
Q322401001,Le Luy à Monget,Le Luy,MONGET,40,43.571543,-0.518859,2.9767,0.35,0.115,55
Q346401001,Le Luy à Saint-Pandelon,Le Luy,SAINT-PANDELON,40,43.67684,-1.041922,17.8619,2.836,1.225,57
Q745101001,Le Gave de Pau [Les Gaves réunis] à Peyrehorade,Gave de Pau,PEYREHORADE,40,43.543142,-1.10564,,,,
Q836001001,L'Adour à Saint-Laurent-de-Gosse [Urt],L'Adour,SAINT-LAURENT-DE-GOSSE,40,43.503746,-1.304136,,,,
S204000101,La Grande Leyre à Pissos,La Grande Leyre,PISSOS,40,44.31055,-0.758745,6.1962,2.224,1.496,8
S213401001,La Petite Leyre à Belhade,La Petite Leyre,BELHADE,40,44.374655,-0.686423,3.4646,1.334,0.997,30
S222461001,Le ruisseau de Castera à Moustey [Biganon],Ruisseau de Castera,MOUSTEY,40,44.410806,-0.752408,1.04,0.235,0.111,56
S312431001,Le ruisseau des Forges à Parentis-en-Born,Ruisseau des Forges,PARENTIS-EN-BORN,40,44.337264,-1.050921,1.595,0.674,0.509,16
S321401001,Le ruisseau de Canteloup à Saint-Paul-en-Born,ruisseau de la forge-pontenx,SAINT-PAUL-EN-BORN,40,44.233726,-1.151112,2.2851,1.039,0.794,32
S411401101,Le ruisseau de la Palue à Saint-Michel-Escalus,Ruisseau de la Palue,SAINT-MICHEL-ESCALUS,40,43.887431,-1.293942,,,,
S421401001,Le courant de Soustons à Magescq,Courant de Soustons,MAGESCQ,40,43.781389,-1.225079,1.0649,0.771,0.656,54
K447001001,La Loire à Blois,la Loire,BLOIS,41,47.584957,1.335148,357.9187,123.92,53.031,117
K455000201,Le Beuvron à Chaumont-sur-Tharonne,le Beuvron,CHAUMONT-SUR-THARONNE,41,1.91924,47.575633,,,,
K457221001,Le Beuvron à Montrieux-en-Sologne - Bois Olympe,le Beuvron,MONTRIEUX-EN-SOLOGNE,41,47.52962,1.707556,2.6928,0.44,0.116,13
K462000101,Le Néant à Vernou-en-Sologne - Le Néant à Vernou-en-Sologne,le Néant,VERNOU-EN-SOLOGNE,41,1.691328,47.517453,,,,
K465000101,La Bonne Heure à Vernou-en-Sologne,la Bonne Heure,VERNOU-EN-SOLOGNE,41,1.706536,47.499032,,,,
K467000101,Le Beuvron à Cellettes - Clénord,le Beuvron,CELLETTES,41,47.532512,1.420534,4.8698,0.746,,4
K467000103,Le Beuvron à Cellettes - Clénord - Station débitmétrique,le Beuvron,CELLETTES,41,47.532422,1.420658,3.4963,0.544,,1
K467000301,Le Beuvron à Tour-en-Sologne,le Beuvron,TOUR-EN-SOLOGNE,41,1.510848,47.543335,,,,
K468000201,Le Conon à Cour-Cheverny,le Conon,COUR-CHEVERNY,41,1.519044,47.49183,,,,
K469000201,La Bièvre à Contres,la Bièvre,CONTRES,41,1.427912,47.416292,,,,
K469000202,La Bièvre à Contres - La Bièvre à Contres,la Bièvre,CONTRES,41,1.42796,47.416241,,,,
K478000301,Le Cosson à Thoury,le Cosson,THOURY,41,1.587735,47.638616,,,,
K478000401,à Huisseau-sur-Cosson,,HUISSEAU-SUR-COSSON,41,1.451584,47.59362,,,,
K479301001,Le Cosson à Chailles,le Cosson,CHAILLES,41,47.543684,1.309387,3.0095,0.529,0.145,21
K480001001,La Loire à Onzain - Pont de Chaumont,la Loire,VEUZAIN-SUR-LOIRE,41,47.485578,1.190335,335.5865,119.598,68.145,31
K484000102,La Cisse à Coulanges - Moulin Jouan,la Cisse,COULANGES,41,47.546587,1.235465,1.3038,0.54,0.255,8
K620090010,Le Cher à Mennetou-sur-Cher,le Cher,MENNETOU-SUR-CHER,41,47.267909,1.870066,,,,
K622091003,Le Cher à Selles-sur-Cher - Pont D 956A,le Cher,SELLES-SUR-CHER,41,47.278245,1.557872,55.0513,12.251,5.592,12
K640252001,La Sauldre à Salbris - Valaudran,la Sauldre,SALBRIS,41,47.423802,2.032186,8.9549,2.787,1.49,19
K645301001,La Rère à Theillay - La Loge,la Rère,THEILLAY,41,47.345463,2.056646,1.3173,0.214,0.094,15
K648251001,La Sauldre à Pruniers-en-Sologne,la Sauldre,PRUNIERS-EN-SOLOGNE,41,47.320917,1.671548,13.1494,3.221,1.257,11
K650091001,Le Cher à Châtillon-sur-Cher,le Cher,CHATILLON-SUR-CHER,41,47.27025,1.488143,72.2487,19.6,7.977,29
K659302001,Le Fouzon à Meusnes - Le Gué au Loup,le Fouzon,MEUSNES,41,47.260327,1.484626,4.7623,1.031,0.404,22
K664090010,Le Cher à Montrichard,le Cher,MONTRICHARD VAL DE CHER,41,47.342028,1.186685,,,,
M114161010,Le Loir à Vendôme,,VENDOME,41,47.794068,1.060309,,,,
M115161010,Le Loir à Villavard,le Loir,VILLAVARD,41,47.759345,0.890596,14.4716,6.238,3.32,48
M123304010,La Braye à Sargé-sur-Braye,la Braye,SARGE-SUR-BRAYE,41,47.911376,0.841456,3.0947,1.101,0.709,33
K054301201,L'Andrable à Apinac - Les Terrasses,l'Andrable,APINAC,42,45.391472,4.016836,0.3779,0.123,0.045,8
K056753001,La Semène à Jonzieux,la Semène,JONZIEUX,42,45.299895,4.363366,0.8443,0.291,0.121,47
K056831001,[L'Ecotay] à Marlhes,,MARLHES,42,45.273645,4.385963,0.0897,0.024,0.009,47
K058000101,L'Ondaine à Unieux - Le Pertuiset,l'Ondaine,UNIEUX,42,45.408578,4.252086,0.8718,0.274,0.139,5
K060001001,La Loire à Saint-Just-Saint-Rambert - Barrage de Grangent,la Loire,SAINT-JUST-SAINT-RAMBERT,42,45.46674,4.248623,33.364,5.0,4.0,9
K061401001,Le Furan à Andrézieux-Bouthéon,le Furan,ANDREZIEUX-BOUTHEON,42,45.522632,4.258106,2.3454,1.06,0.816,43
K061401002,Le Furan à Andrézieux-Bouthéon - Pont de l'Avenue de l'Europe,le Furan,ANDREZIEUX-BOUTHEON,42,45.519072,4.264275,1.7042,0.804,,4
K062451002,Le Bonson à Saint-Marcellin-en-Forez - Le Bled - Pont,le Bonson,SAINT-MARCELLIN-EN-FOREZ,42,45.470199,4.187098,0.609,0.092,0.004,13
K064311001,La Mare à Saint-Marcellin-en-Forez - Vérines,la Mare,SAINT-MARCELLIN-EN-FOREZ,42,45.490037,4.13057,0.8253,0.246,0.1,47
K067331001,La Coise à Saint-Médard-en-Forez - Moulin Brûlé,la Coise,SAINT-MEDARD-EN-FOREZ,42,45.607679,4.375442,1.5363,0.278,0.044,52
K069001001,La Loire à Montrond-les-Bains,la Loire,MONTROND-LES-BAINS,42,45.64333,4.225359,44.5887,10.628,5.589,41
K070001020,La Loire à Feurs - Amont,la Loire,FEURS,42,45.742475,4.210463,,,,
K070451001,La Toranche à Saint-Cyr-les-Vignes,la Toranche,SAINT-CYR-LES-VIGNES,42,45.673266,4.295393,0.4138,0.054,0.002,46
K072451001,Le Gourtarou [Chanasson] à Civens [La rivière],le Gourtarou,CIVENS,42,45.785477,4.243754,0.0811,0.012,0.002,49
K073322001,Le Lignon à Chalmazel - Chevelières,le Lignon,CHALMAZEL-JEANSAGNIERE,42,45.696784,3.867012,1.7241,0.68,0.334,55
K074401001,L'Anzon à Débats-Rivière-d'Orpra - Cotes,l'Anzon,DEBATS-RIVIERE-D'ORPRA,42,45.763663,3.952454,2.4493,0.661,0.099,47
K075321001,Le Lignon à Boën,le Lignon,BOEN-SUR-LIGNON,42,45.743323,4.002999,5.3138,1.643,0.5,43
K076331201,Le Vizezy à Poncins - Précivet,le Vizezy,PONCINS,42,45.70711,4.138632,1.3036,0.595,0.284,6
K077322001,Le Lignon à Poncins - Le Bourg,le Lignon,PONCINS,42,45.730292,4.160636,7.7671,2.732,1.034,59
K079001010,La Loire à Balbigny,la Loire,BALBIGNY,42,45.816048,4.182092,,,,
K081302001,L'Aix à Saint-Germain-Laval,l'Aix,SAINT-GERMAIN-LAVAL,42,45.834274,3.987246,2.874,0.647,0.189,46
K091001010,La Loire à Villerest - Aval,la Loire,VILLEREST,42,46.00155,4.04195,65.3283,17.2,7.742,104
K091001011,La Loire à Villerest - Pont de Villerest,la Loire,VILLEREST,42,45.995864,4.046223,54.3233,16.257,12.405,20
K091001012,La Loire à Villerest - Sortie barrage,la Loire,VILLEREST,42,45.987423,4.04844,68.8836,19.496,,1
K091003010,La Loire à Commelle-Vernay - Barrage de Villerest,la Loire,COMMELLE-VERNAY,42,45.986916,4.048727,,,,
K097401001,Le Gand à Neaux,le Gand,NEAUX,42,45.954762,4.187665,0.839,0.115,0.009,52
K098301101,Le Rhins à Saint-Vincent-de-Boisset - Pont Maréchal,rivière le rhins,SAINT-VINCENT-DE-BOISSET,42,46.018524,4.098373,4.298,0.681,0.165,8
K106301002,Le Sornin à Pouilly-sous-Charlieu,le Sornin,POUILLY-SOUS-CHARLIEU,42,46.150316,4.151683,5.6421,1.129,0.295,20
K106301201,Le Bezo [Bras principal] à Charlieu [Rue Jean Laures],le Bezo,CHARLIEU,42,46.163414,4.177951,,,,
K108402001,La Teyssonne à la Bénisson-Dieu,la Teyssonne,BENISSON-DIEU,42,46.150464,4.041435,0.873,0.136,0.041,11
V311401001,Le Gier à Rive-de-Gier,Le Gier,RIVE-DE-GIER,42,45.540687,4.648208,2.4618,0.681,0.406,50
V331501002,La Valencize à Chavanay - Aval,La Valencize,CHAVANAY,42,45.413262,4.731796,0.2496,0.047,0.013,9
K004551001,La Méjeanne à Saint-Arcons-de-Barges - Montbel,la Méjeanne,SAINT-ARCONS-DE-BARGES,43,44.825941,3.944342,0.6042,0.215,0.124,12
K010002010,La Loire à Goudet,la Loire,GOUDET,43,44.88905,3.921883,4.7174,1.843,1.318,43
K010002011,La Loire à Goudet - Station débitmétrique,la Loire,GOUDET,43,44.88905,3.921883,,,,
K011403001,La Gazeille à Chadron - Colempce Bas,la Gazeille,CHADRON,43,44.952654,3.936053,1.5076,0.377,0.178,10
K013401001,La Laussonne à Lantriac - Pont de Moulines,la Laussonne,LANTRIAC,43,44.965337,3.975279,0.3469,0.043,0.011,12
K021401001,La Gagne à Saint-Germain-Laprade - Les Pandraux,la Gagne,SAINT-GERMAIN-LAPRADE,43,45.012799,3.980384,1.3862,0.269,0.102,26
K024301001,La Borne à Saint-Paulien - La Rochelambert,la Borne,SAINT-PAULIEN,43,45.120266,3.793958,1.1486,0.259,0.092,22
K025302002,La Borne à Aiguilhe,la Borne,AIGUILHE,43,45.050178,3.887928,2.7822,0.873,0.537,12
K025801001,Le Dolaizon à Vals-près-le-Puy - Les Vigneaux,le Dolaizon,VALS-PRES-LE-PUY,43,45.024229,3.862478,0.2558,0.119,0.096,23
K026001002,La Loire à Chadrac - Pont du Monteil,la Loire,CHADRAC,43,45.068012,3.901845,12.3367,4.392,2.93,27
K027401002,La Sumène à Blavozy - Le Bourg,la Sumène,BLAVOZY,43,45.055764,3.980971,0.5473,0.101,0.018,14
K033301001,L'Arzon à Vorey - Pont Eytravazet,l'Arzon,VOREY,43,45.206456,3.879561,1.3916,0.253,0.065,27
K034000101,La Loire à Vorey - Le Chambon de Vorey,la Loire,VOREY,43,45.203273,3.933441,55.441,29.039,,
K035631001,Le Ramel à Beaux - Malataverne,le Ramel,BEAUX,43,45.170146,4.075351,0.38,0.061,0.013,14
K040301001,Le Lignon au Chambon-sur-Lignon,le Lignon,CHAMBON-SUR-LIGNON,43,45.057764,4.300928,3.0748,0.675,0.233,56
K040302002,Le Lignon aux Vastres - Pont Marie,le Lignon,VASTRES,43,44.990468,4.241931,0.9157,0.213,0.085,10
K041031001,Le Lignon à Tence - Seuil levée Morin,le Lignon,TENCE,43,45.140188,4.275223,5.3151,1.063,,3
K041031002,Le Lignon à Tence - Seuil levée Morin - Station débitmétrique,le Lignon,TENCE,43,45.140188,4.275223,,,,
K043302010,Le Lignon à Saint-Jeures - Barrage de la Valette,le Lignon,SAINT-JEURES,43,45.149902,4.209982,,,,
K043303001,Le Lignon à Grazac - Barrage de la Chapelette,le Lignon,GRAZAC,43,45.167714,4.178836,1.9938,0.0,0.0,9
K043651101,Le Lignon à Yssingeaux [EDF - Versilhac-la-Valette - QNR],le Lignon,YSSINGEAUX,43,45.149795,4.211981,5.9566,1.4,0.38,86
K045401001,La Dunières à Sainte-Sigolène - Vaubarlet,la Dunières,SAINTE-SIGOLENE,43,45.214752,4.214586,3.1897,1.02,0.397,55
K045402001,La Dunières à Dunières,la Dunières,DUNIERES,43,45.220077,4.33207,2.0852,0.758,0.326,25
K046301001,Le Lignon à Monistrol-sur-Loire [Pont de Lignon] - Station débitmétrique,le Lignon,MONISTROL-SUR-LOIRE,43,45.256803,4.150284,9.4304,3.0,1.956,11
K046301002,Le Lignon à Monistrol-sur-Loire [Pont de Lignon] - Station Limnimétrique,le Lignon,MONISTROL-SUR-LOIRE,43,45.256803,4.150284,9.3393,2.556,1.334,11
K053000101,L'Ance à Saint-Julien-d'Ance [Laprat - EDF],l'Ance,SAINT-JULIEN-D'ANCE,43,45.30884,3.939587,4.2323,1.3,0.506,72
K053000102,L'Ance à Saint-Julien-d'Ance [Laprat - EDF],l'Ance,SAINT-JULIEN-D'ANCE,43,45.30884,3.939587,5.907,3.21,,
K054301001,L'Ance à Beauzac - Bérard,l'Ance,BEAUZAC,43,45.276224,4.081134,4.6524,1.355,0.482,12
K054301002,L'Ance à Beauzac - Station débitmétrique,l'Ance,BEAUZAC,43,45.276224,4.081134,,,,
K055001010,La Loire à Bas-en-Basset,la Loire,BAS-EN-BASSET,43,45.295232,4.117993,37.0244,10.761,5.198,106
K055001011,La Loire à Bas-en-Basset - Station débitmétrique,la Loire,BAS-EN-BASSET,43,45.295232,4.117993,,,,
K056752001,La Semène à Saint-Didier-en-Velay - Le Crouzet,la Semène,SAINT-DIDIER-EN-VELAY,43,45.314516,4.249602,1.8242,0.537,0.183,54
K221084201,L'Allier à Monistrol-d'Allier [EDF - QNR],l'Allier,MONISTROL-D'ALLIER,43,44.947326,3.673254,16.3785,3.8,0.929,72
K221084301,L'Allier à Alleyras [Pont D33],l'Allier,ALLEYRAS,43,44.919331,3.671939,21.7304,7.674,,1
K221084401,Le Gourlong à Alleyras [Pont RD40],le Gourlong,ALLEYRAS,43,44.920703,3.677367,0.0796,0.009,,
K222303002,L'Ance [du sud] à Saint-Préjet-d'Allier,,SAINT-PREJET-D'ALLIER,43,44.914905,3.624989,2.6611,0.754,,2
K223402001,La Virlange à Saugues [Freycenet],la Virlange,SAUGUES,43,44.926556,3.573192,0.7177,0.254,0.12,43
K223403201,L'Ance à Monistrol-d'Allier [Pouzas EDF - QNR],,MONISTROL-D'ALLIER,43,44.933032,3.62618,2.8149,0.782,0.309,51
K224082001,L'Allier à Prades - Pont amont Seuges,l'Allier,PRADES,43,45.029502,3.594689,17.9251,7.887,6.214,22
K225401001,La Seuge à Saugues,la Seuge,SAUGUES,43,44.971202,3.550792,1.5199,0.478,0.183,73
K228311002,La Desges à Chanteuges - Bourg Chanteuges,la Desges,CHANTEUGES,43,45.072323,3.532968,1.6188,0.548,0.27,31
K230081001,L'Allier à Langeac,l'Allier,LANGEAC,43,45.116849,3.490557,21.8717,9.431,7.191,37
K231621001,La Cronce à Aubazat,la Cronce,AUBAZAT,43,45.141672,3.438144,1.2076,0.254,0.095,49
K233081001,L'Allier à Vieille-Brioude,l'Allier,VIEILLE-BRIOUDE,43,45.260991,3.408877,28.2062,8.95,2.868,106
K233551001,Le Ceroux à Saint-Just-près-Brioude [Le Mas],le Ceroux,SAINT-JUST-PRES-BRIOUDE,43,45.24135,3.357164,0.5082,0.052,0.007,23
K236302002,La Senouire à Salzuit - Pont RD 641,la Senouire,SALZUIT,43,45.209573,3.502458,1.2905,0.305,0.074,11
K238311001,Le Doulon à Domeyrat,le Doulon,DOMEYRAT,43,45.252117,3.508807,1.1237,0.253,0.104,22
K239000201,La Senouire à Domeyrat [Blannat],la Senouire,DOMEYRAT,43,45.258036,3.498114,,,,
K243081001,L'Allier à Auzon - Pont d'Auzon,l'Allier,AUZON,43,45.38564,3.356327,29.3178,11.024,8.267,32
K256000101,La Sianne à Blesle [La Bessière] - La Bessière,la Sianne,BLESLE,43,45.312594,3.180527,1.16,0.273,,4
K259301301,L'Alagnon à Lempdes-sur-Allagnon [Passerelle],l'Alagnon,LEMPDES-SUR-ALLAGNON,43,45.38687,3.267241,11.5325,2.261,,2
K259301401,[Béal] à Lempdes-sur-Allagnon [Bief],,LEMPDES-SUR-ALLAGNON,43,45.386596,3.268735,0.7638,0.419,,2
J780302010,La Chère à Châteaubriant [Béré],la Chère,CHATEAUBRIANT,44,47.719062,-1.388553,0.4722,0.064,0.032,29
J782401001,L'Aron à Mouais - La Bernardais,l'Aron,MOUAIS,44,47.713194,-1.689849,0.7329,0.03,0.004,56
J783301020,La Chère à Derval - Pont RN 137,la Chère,DERVAL,44,47.700483,-1.703475,2.3773,0.167,0.03,34
J783301030,La Chère à Derval - Sonde 4m (Aval pont RN 137),la Chère,DERVAL,44,47.700523,-1.703826,2.7115,0.194,0.049,5
J793301010,Le Don à Treffieux [Le Bourg],le Don,TREFFIEUX,44,47.616853,-1.538878,1.9823,0.056,0.001,19
J795301010,Le Don à Conquereuil - Les Rivières,le Don,CONQUEREUIL,44,47.616052,-1.747691,6.0114,0.764,0.007,6
J795301020,Le Don à Guémené-Penfao - Juzet,le Don,GUEMENE-PENFAO,44,47.62298,-1.789096,4.0336,0.17,0.021,42
J798061001,La Vilaine à Avessac - Painfaut,,AVESSAC,44,47.678793,-1.976627,,,,
J910000101,L'Isac à Saffré - La Noe Peguille,,SAFFRE,44,47.475782,-1.612061,0.5115,0.003,0.001,8
M612001010,La Loire à Ancenis,la Loire,ANCENIS,44,47.363503,-1.177256,,,,
M612001020,La Loire à Oudon,la Loire,OUDON,44,47.340765,-1.278298,,,,
M620401010,Le Hâvre à Mésanger [Pont-Esnault],le Hâvre,MESANGER,44,47.419951,-1.297641,0.5536,0.034,0.0,24
M622001010,La Loire à Mauves-sur-Loire,la Loire,MAUVES-SUR-LOIRE,44,47.295597,-1.379008,,,,
M622001020,La Loire à Thouaré-sur-Loire,la Loire,THOUARE-SUR-LOIRE,44,47.258674,-1.429092,,,,
M622001030,La Loire à Sainte-Luce-sur-Loire - Pont de Bellevue,la Loire,SAINTE-LUCE-SUR-LOIRE,44,47.229718,-1.46884,,,,
M622001031,La Loire à Saint-Julien-de-Concelles - L'Officière,la Loire,SAINT-JULIEN-DE-CONCELLES,44,47.242529,-1.453686,,,,
M633302010,L'Erdre à Nort-sur-Erdre [Moulin de Vault],l'Erdre,NORT-SUR-ERDRE,44,47.464395,-1.482183,2.7856,0.292,0.092,57
M635702301,Le Gesvres à Treillières,,TREILLIERES,44,47.320326,-1.616064,0.5283,0.044,0.009,10
M730242010,La Sèvre Nantaise à Clisson - La Moine à Clisson,la Sèvre Nantaise,CLISSON,44,47.086638,-1.27817,,,,
M730242011,La Sèvre Nantaise à Clisson - Pont de Nid d'Oie,la Sèvre Nantaise,CLISSON,44,47.09073,-1.281624,14.9257,2.029,0.769,31
M745301010,La Maine à Remouillé,la Maine,REMOUILLE,44,47.055702,-1.371329,5.6007,0.27,0.045,50
M750242010,La Sèvre Nantaise à Vertou,la Sèvre Nantaise,VERTOU,44,47.165241,-1.482471,,,,
M800001010,La Loire à Nantes - Pont Anne de Bretagne,la Loire,NANTES,44,47.208809,-1.566759,,,,
M800001021,La Loire à Nantes - Salorges,la Loire,NANTES,44,47.204221,-1.574243,,,,
M800002001,La Loire [totale] à Nantes [Roche Maurice] - Usine brulée,la Loire,NANTES,44,47.193451,-1.633682,,,,
M800002201,La Loire au Pellerin,la Loire,PELLERIN,44,47.205392,-1.765158,,,,
M814401010,La Logne à Saint-Colomban [La Roussière],la Logne,SAINT-COLOMBAN,44,47.015937,-1.589979,1.206,0.025,0.0,43
M814402010,La Logne à Legé [Le Paradis],la Logne,LEGE,44,46.883726,-1.604799,0.4201,0.006,0.0,31
M820502010,L'Ognon aux Sorinières [Villeneuve],l'Ognon,SORINIERES,44,47.121541,-1.531964,1.2398,0.068,0.007,51
M840000101,La Loire à Cordemais,la Loire,CORDEMAIS,44,47.277231,-1.889804,,,,
M841000101,La Loire à Paimbœuf,la Loire,PAIMBŒUF,44,47.286591,-2.000421,,,,
M842001201,La Loire à Montoir-de-Bretagne,la Loire,MONTOIR-DE-BRETAGNE,44,47.305678,-2.088325,,,,
N011303010,Le Falleron à Saint-Étienne-de-Mer-Morte,,SAINT-ETIENNE-DE-MER-MORTE,44,46.930425,-1.75035,1.012,0.025,0.001,29
F410000601,Le Loing à Montbouy,Le Loing,MONTBOUY,45,47.860761,2.821546,2.0876,0.5,0.214,42
F411000101,L'Aveyron à la Chapelle-sur-Aveyron,L'Aveyron,CHAPELLE-SUR-AVEYRON,45,47.86278,2.870862,0.4729,0.098,0.055,29
F416000101,L'Ouanne à Château-Renard,L'Ouanne,CHATEAU-RENARD,45,47.931991,2.927687,,,,
F416000201,L'Ouanne à Gy-les-Nonains,L'Ouanne,GY-LES-NONAINS,45,47.9484,2.846247,4.9521,1.836,0.911,50
F420000101,Le Loing à Montargis - Pont de Tivoli,Le Loing,MONTARGIS,45,48.001116,2.734398,,,,
F422000201,Le Loing à Châlette-sur-Loing [Gué de Lancy],Le Loing,CHALETTE-SUR-LOING,45,48.035505,2.7322,12.4709,3.423,1.577,58
F428000101,La Cléry à Ferrières-en-Gâtinais - Les Collumeaux,La Clery,FERRIERES-EN-GATINAIS,45,48.112325,2.783382,1.4673,0.866,0.556,28
H320331001,Le Puiseaux à Saint-Hilaire-sur-Puiseaux,Le Puiseaux,SAINT-HILAIRE-SUR-PUISEAUX,45,47.922291,2.700892,0.4626,0.098,0.005,47
H332201001,La Bezonde à Pannes,La Bezonde,PANNES,45,48.002885,2.675657,1.4468,0.197,0.048,45
H352201010,Le Fusain à Courtempierre - Station débitmétrique,Le Fusain,COURTEMPIERRE,45,48.110408,2.637052,1.6123,0.518,0.157,5
H352201011,Le Fusain à Courtempierre,Le Fusain,COURTEMPIERRE,45,48.110408,2.637052,1.7004,0.606,0.175,8
K418001010,La Loire à Gien - Vieux Pont,la Loire,GIEN,45,47.683651,2.6318,300.0131,101.773,59.2,38
K418001022,La Loire à Gien - Nouveau Pont,la Loire,GIEN,45,47.676807,2.641573,287.9926,115.91,,4
K418001201,La Loire à Gien [débit complet après Villerest] - débit complet après Villerest,la Loire,GIEN,45,47.683651,2.6318,320.5705,107.0,62.565,25
K419000201,La Notreure à Autry-le-Châtel,la Notreure,AUTRY-LE-CHATEL,45,47.604058,2.589719,0.4529,0.166,0.113,6
K428000301,La Bonnée à Saint-Martin-d'Abbat,la Bonnée,SAINT-MARTIN-D'ABBAT,45,47.849915,2.25701,1.0225,0.155,,2
K428000302,La Bonnée à Saint-Martin-d'Abbat - station débitmétrique,la Bonnée,SAINT-MARTIN-D'ABBAT,45,47.849915,2.25701,,,,
K435001010,La Loire à Orléans - Pont Royal,la Loire,ORLEANS,45,47.897965,1.904523,331.0015,99.342,49.632,57
K435001020,La Loire à Orléans - Quai du Roi,la Loire,ORLEANS,45,47.899368,1.925717,291.2161,89.97,38.607,17
K437311001,La Dhuy à Sandillon - La ferme de Louy,,SANDILLON,45,47.821186,2.018526,0.5132,0.05,0.006,11
K439000101,Le Loiret à Olivet - Pont Maréchal Leclerc,le Loiret,OLIVET,45,47.868263,1.902164,,,,
K441409001,La Mauve de Détourbe à Meung-sur-Loire,la Mauve de la Détourbe,MEUNG-SUR-LOIRE,45,47.820223,1.694613,1.0766,0.651,0.444,19
K442701001,Le Lien à Tavers,le Lien,TAVERS,45,47.754893,1.614975,0.2457,0.161,0.077,5
K444301001,L'Ardoux à Lailly-en-Val,l'Ardoux,LAILLY-EN-VAL,45,47.74751,1.655755,,,,
K471000201,Le Cosson à Marcilly-en-Villette,le Cosson,MARCILLY-EN-VILLETTE,45,2.016897,47.739459,,,,
K473000101,Le Cosson à la Ferté-Saint-Aubin,le Cosson,FERTE-SAINT-AUBIN,45,47.725525,1.928505,0.879,0.107,0.059,7
K476000101,Le Cosson à Ligny-le-Ribault,le Cosson,LIGNY-LE-RIBAULT,45,1.783509,47.682307,,,,
K476000102,Le Cosson à Ligny-le-Ribault,le Cosson,LIGNY-LE-RIBAULT,45,1.783509,47.682307,,,,
O612501001,La Petite Barguelonne à Montcuq,La Petite Barguelonne,MONTCUQ-EN-QUERCY-BLANC,46,44.333691,1.190022,0.5957,0.052,0.0,43
O795151001,Le Lot à Capdenac,Le Lot,CAPDENAC,46,44.573544,2.070259,,,,
O797151001,Le Lot à Faycelles,Le Lot,FAYCELLES,46,44.556523,2.015665,108.3902,26.533,14.117,46
O811352001,Le Célé à Figeac,Le Célé,FIGEAC,46,44.607032,2.034167,9.8336,2.364,1.076,19
O811353001,Le Célé à Bagnac-sur-Célé,Le Célé,BAGNAC-SUR-CELE,46,44.664675,2.158126,8.2394,2.803,1.321,12
O813352001,Le Célé à Orniac [Les Amis du Célé],Le Célé,ORNIAC,46,44.520192,1.679109,17.9141,3.592,1.527,54
O819000201,Le Girou à Cénevières [Source de Trou madame] - Ruisseau du Girou à Cénevières (source de Trou madame),Le Girou,CENEVIERES,46,44.453202,1.752923,0.4077,0.019,0.004,18
O820151001,Le Lot à Bouziès,Le Lot,BOUZIES,46,44.485447,1.642719,159.8692,39.609,,4
O823153001,Le Lot à Cahors - Lacombe,Le Lot,CAHORS,46,44.47124,1.461591,125.5516,31.257,16.776,24
O823153002,Le Lot à Cahors - HE,Le Lot,CAHORS,46,44.442167,1.442464,128.8783,43.94,36.632,22
O825501001,Le Vert à Castelfranc [Les Campagnes],Le Vert,CASTELFRANC,46,44.511204,1.231889,1.3623,0.203,0.057,56
O828000201,Le Veyre à Bagnac-sur-Célé [Lafage] - Le Veyre à Bagnac (Lafage),Le Veyre,BAGNAC-SUR-CELE,46,44.690792,2.13797,2.4778,0.495,0.233,10
O830000201,Le Bervezou à Montet-et-Bouxal - Le bervezou à Montet et Bouxal (Longuecoste),Le Bervezou,MONTET-ET-BOUXAL,46,44.755818,2.057969,0.123,0.086,,
O831000201,Le ruisseau de Planioles à Planioles,Ruisseau de Planioles,PLANIOLES,46,2.028415,44.633866,,,,
O831000301,Le ruisseau de Planioles à Figeac,Ruisseau de Planioles,FIGEAC,46,2.029914,44.61465,,,,
O834402001,La Thèze à Saint-Martin-le-Redon - Boussac,La Thèze,SAINT-MARTIN-LE-REDON,46,44.518887,1.016639,0.3123,0.117,0.057,54
O845000401,Le Vert à Saint-Médard [Source du Martinet],Le Vert,SAINT-MEDARD,46,44.540877,1.304412,0.1211,0.0,0.0,16
O845000501,Le Vert à Saint-Médard - Source de Font Vincent,Le Vert,SAINT-MEDARD,46,44.54084,1.300258,0.1048,0.008,0.001,19
P194291001,La Cère à Gagnac-sur-Cère [Brugale],La Cère,GAGNAC-SUR-CERE,46,44.943091,1.918024,,,,
P196291001,La Cère à Biars-sur-Cère [Bretenoux],La Cère,BIARS-SUR-CERE,46,44.916099,1.838161,26.4474,8.1,3.387,42
P200000201,Le Mamoul à Prudhomat,Le Mamoul,PRUDHOMAT,46,44.899853,1.812232,,,,
P200000301,Le Mamoul à Cornac,Le Mamoul,CORNAC,46,44.91267,1.892048,,,,
P203000101,Le Tolerme à Sénaillac-Latronquière [Station AEP] - Le tolerme à Sénaillac (Captage AEP),Le Tolerme,SENAILLAC-LATRONQUIERE,46,44.824314,2.063453,0.2642,0.091,0.035,9
P203000301,Le Tolerme à Sénaillac-Latronquière,Le Tolerme,SENAILLAC-LATRONQUIERE,46,44.827421,2.04095,,,,
P204000101,La Bave à Saint-Céré,La Bave,SAINT-CERE,46,44.859093,1.897328,,,,
P204000201,La Bave à Frayssinhes,La Bave,FRAYSSINHES,46,44.857852,1.948176,,,,
P205401001,La Bave à Frayssinhes [Le Martinet],La Bave,FRAYSSINHES,46,44.857839,1.948137,4.091,1.29,0.593,54
P206000101,La Dordogne à Calviac [EDF - Carennac],La Dordogne,CALVIAC,46,44.910143,1.743081,158.6527,48.622,20.69,56
P207002001,La Dordogne à Carennac,La Dordogne,CARENNAC,46,44.915376,1.744308,272.7819,134.745,,
P207002002,La Dordogne à Carennac - Ile de la Prade,La Dordogne,CARENNAC,46,44.910161,1.743386,146.4747,48.785,21.053,23
P212000301,Le Maumont à Vayrac,Le Maumont,VAYRAC,46,46.227629,2.213744,,,,
P212000401,Le bras de la Sourdoire à Vayrac,Bras de la Sourdoire,VAYRAC,46,44.954575,1.713373,,,,
P212000501,Le bras de la Sourdoire à Vayrac,Bras de la Sourdoire,VAYRAC,46,46.227629,2.213744,,,,
P217541101,La Tourmente à Saint-Denis-lès-Martel,La Tourmente,SAINT-DENIS-LES-MARTEL,46,44.946475,1.667981,,,,
P222000101,L'Ouysse à Thémines - Themines,L'Ouysse,THEMINES,46,44.745751,1.841046,0.1269,0.061,,1
P222000201,[Source de Fontbelle] à Calès - L'ouysse à Calès (Source de Fontbelle),,CALES,46,44.795624,1.563955,0.1548,0.093,0.0,21
P224000201,L'Alzou à Gramat,L'Alzou,GRAMAT,46,44.776862,1.729306,,,,
P224000301,L'Alzou à Rocamadour,L'Alzou,ROCAMADOUR,46,44.801628,1.622608,,,,
P230001001,La Dordogne à Lanzac - Souillac,La Dordogne,LANZAC,46,44.882462,1.484331,167.9221,54.403,22.646,45
P231502001,La Borrèze à Lachapelle-Auzac [Lamothe],La Borrèze,LACHAPELLE-AUZAC,46,44.907627,1.471575,1.5292,0.443,0.227,46
P231502301,Le ruisseau de Blagour à Lachapelle-Auzac - Le Blagour,Ruisseau de Blagour,LACHAPELLE-AUZAC,46,44.92745,1.477664,0.5596,0.249,0.14,19
P231502401,Le ruisseau du Boulet à Lachapelle-Auzac - Le Boulet,Ruisseau du Boulet,LACHAPELLE-AUZAC,46,44.933473,1.468335,,,,
P231502501,La Borrèze à Lachapelle-Auzac,La Borrèze,LACHAPELLE-AUZAC,46,44.907702,1.471442,,,,
P231502701,Le ruisseau de Blagour à Lachapelle-Auzac,Ruisseau de Blagour,LACHAPELLE-AUZAC,46,44.92743,1.477747,,,,
P231502801,Le ruisseau du Boulet à Lachapelle-Auzac,Ruisseau du Boulet,LACHAPELLE-AUZAC,46,44.933524,1.468268,,,,
P240401001,Le Céou à Frayssinet [Pont de Rhodes],Le Céou,FRAYSSINET,46,44.673612,1.47699,0.4413,0.038,0.009,23
P245431001,Le ruisseau de l'Ourajoux à Salviac [Lafuste],Ruisseau de l'Ourajoux,SALVIAC,46,44.702042,1.296175,1.0002,0.091,0.0,28
P245431101,Le ruisseau de l'Ourajoux à Gindou - Rigal_Bas,Ruisseau de l'Ourajoux,GINDOU,46,44.650917,1.266309,0.0235,0.011,,
P246401001,Le Céou à Léobard [Jardel],Le Céou,LEOBARD,46,44.714679,1.287015,2.2005,0.069,0.0,21
O615000301,L'Auroue à Caudecoste,Rivière de l'Auroue,CAUDECOSTE,47,44.107112,0.756279,0.7492,0.087,0.012,39
O619461001,La Séoune à Saint-Pierre-de-Clairac,La Séoune,SAINT-PIERRE-DE-CLAIRAC,47,44.184155,0.754199,2.873,0.396,0.05,54
O637000201,Le Gers à Layrac,Le Gers,LAYRAC,47,44.09527,0.660667,7.411,1.77,0.95,38
O640001001,La Garonne à Agen,La Garonne,AGEN,47,44.202321,0.609077,453.6593,135.696,70.737,6
O644501001,La Masse de Prayssas à Frégimont,Masse de Prayssas,FREGIMONT,47,44.266114,0.48446,0.2926,0.053,0.006,47
O648000101,L'Auvignon à Calignac,L'Auvignon,CALIGNAC,47,44.14974,0.438356,1.1166,0.078,0.011,38
O669292001,La Baïse à Nérac - HE,La Baïse,NERAC,47,44.134888,0.34108,11.6823,2.081,1.305,10
O669292002,La Baïse à Nérac - Digue,La Baïse,NERAC,47,44.147404,0.335829,11.4129,2.447,1.057,7
O669292003,La Baïse à Nérac - (digue+moulin+éclusées),La Baïse,NERAC,47,44.147386,0.33583,11.7215,3.1,1.701,43
O679333001,La Gélise à Mézin,La Gélise,MEZIN,47,44.075077,0.246413,5.6537,1.285,1.004,8
O689000101,L'Osse à Andiran,L'Osse,ANDIRAN,47,44.122403,0.292406,3.6629,0.553,0.296,7
O691292001,La Baïse à Lavardac,La Baïse,LAVARDAC,47,44.181686,0.298153,22.8464,9.372,6.587,15
O839431001,La Lémance à Cuzorn,La Lémance,CUZORN,47,44.536265,0.945904,1.2345,0.552,0.245,57
O848153003,Le Lot à Villeneuve-sur-Lot,Le Lot,VILLENEUVE-SUR-LOT,47,44.409311,0.701216,140.4703,47.414,31.755,12
O858401001,La Lède à Casseneuil,La Lède,CASSENEUIL,47,44.446388,0.634436,2.2037,0.27,0.027,53
O866151002,Le Lot à Aiguillon - Ville,Le Lot,AIGUILLON,47,44.306161,0.341661,38.5624,21.286,,
O900001002,La Garonne à Tonneins,La Garonne,TONNEINS,47,44.388928,0.301147,526.6144,187.364,103.92,36
O903401001,Le Tolzac à Varès,Le Tolzac,VARES,47,44.432953,0.353439,1.3677,0.12,0.038,50
O909001001,La Garonne à Marmande,La Garonne,MARMANDE,47,44.499678,0.156215,549.2426,204.688,105.461,35
O913401001,L'Avance à Montpouillan,L'Avance,MONTPOUILLAN,47,44.467158,0.125963,2.0119,1.024,0.541,54
K206401002,Le Langouyrou à Langogne - Passerelle bois,le Langouyrou,LANGOGNE,48,44.730315,3.857646,1.3121,0.324,0.137,25
K206401003,Le Langouyrou à Langogne - Cinéma,le Langouyrou,LANGOGNE,48,44.726096,3.857203,2.4905,1.026,,
K206401101,[Source Pous] à Saint-Flour-de-Mercoire - Pous,,SAINT-FLOUR-DE-MERCOIRE,48,44.689865,3.81625,,,,
K207081010,L'Allier à Langogne,l'Allier,LANGOGNE,48,44.734147,3.856896,8.1261,1.786,0.687,38
K207081011,L'Allier à Langogne - Station débitmétrique,l'Allier,LANGOGNE,48,44.734147,3.856896,,,,
K207502001,Le Donozau à Naussac - Aval,le Donozau,NAUSSAC-FONTANES,48,44.750631,3.828719,7.0196,2.662,,
K207503001,Le Donozau à Naussac - Barrage de Naussac,le Donozau,NAUSSAC-FONTANES,48,44.747776,3.82519,,,,
K207503101,Le Donozau à Langogne [Pont de Bonjour],le Donozau,LANGOGNE,48,44.715,3.808534,0.282,0.035,,1
K208082001,L'Allier à Naussac - La Valette,l'Allier,NAUSSAC-FONTANES,48,44.756853,3.832382,9.8696,4.341,2.543,18
K212301002,Le Chapeauroux à Pierrefiche - Pont de Baves,le Chapeauroux,PIERREFICHE,48,44.669852,3.696897,1.4614,0.216,0.068,12
K213401001,La Clamouse à Chastanier,la Clamouse,CHASTANIER,48,44.724307,3.755399,0.722,0.088,0.011,62
K216311001,Le Grandrieu à Grandrieu,le Grandrieu,GRANDRIEU,48,44.788823,3.6369,1.1077,0.295,0.105,55
K217302001,Le Chapeauroux à Saint-Bonnet-de-Montauroux,le Chapeauroux,SAINT BONNET-LAVAL,48,44.817519,3.712074,3.2431,0.839,0.232,42
O300671001,Le ruisseau de Goudesche à Saint-Maurice-de-Ventalon [La Cépède],Ruisseau de Goudesche,SAINT-MAURICE-DE-VENTALON,48,44.341434,3.788503,0.5133,0.07,0.021,57
O301101001,Le Tarn au Pont-de-Montvert [Fontchalettes],Le Tarn,PONT DE MONTVERT - SUD MONT LOZERE,48,44.36058,3.755317,3.0854,0.56,0.136,75
O301552001,Le Rieumalet au Pont-de-Montvert,Le Rieumalet,PONT DE MONTVERT - SUD MONT LOZERE,48,44.364721,3.744719,0.8589,0.22,0.067,68
O301552102,Le Tarn au Pont-de-Montvert [Ancien] - Corrigé,,PONT DE MONTVERT - SUD MONT LOZERE,48,44.359854,3.725432,2.5348,0.386,0.11,9
O303101001,Le Tarn à Bédouès [Cocures],Le Tarn,BEDOUES,48,44.345912,3.620507,6.3677,1.458,0.326,54
O303521001,Le Briançon aux Bondons [Cocures],Le Briançon,BONDONS,48,44.355669,3.61276,0.5459,0.098,0.033,72
O306401001,Le Tarnon à Florac,Le Tarnon,FLORAC TROIS RIVIERES,48,44.313801,3.598203,3.6174,0.474,0.129,55
O306403001,Le Tarnon à Florac - HE,Le Tarnon,FLORAC TROIS RIVIERES,48,44.331212,3.590725,7.491,0.868,0.372,27
O306404001,Le Tarnon à Vebron,Le Tarnon,VEBRON,48,44.238223,3.578311,6.9456,3.411,,
O308432001,La Mimente à Florac,La Mimente,FLORAC TROIS RIVIERES,48,44.31552,3.603111,3.4849,0.488,0.16,49
O308435001,La Mimente à Cassagnas,La Mimente,CASSAGNAS,48,44.271035,3.730279,6.5319,2.353,,3
O312102002,Le Tarn à Montbrun - Pont de Montbrun,Le Tarn,MONTBRUN,48,44.33302,3.49677,17.0414,3.11,0.885,63
O312102101,Le Tarn [Source Affluent du Tarn au centre du village de Saint Chély] à Mas-Saint-Chély - Saint Chély centre,Le Tarn,MAS-SAINT-CHELY,48,3.384095,44.335945,,,,
O312102201,Le Tarn [Source du Moulin de Cénaret affluent du Tarn] à Mas-Saint-Chély - Saint Chély Cénarette,Le Tarn,MAS-SAINT-CHELY,48,44.335313,3.38361,,,,
O312102301,Le Tarn [Le Burle - Affluent du Tarn] à Sainte-Enimie - Burle,Le Tarn,GORGES DU TARN CAUSSES,48,44.366272,3.410322,,,,
O313000101,Le Tarn aux Vignes [Source de Beldoire] - Station de Beldoire,Le Tarn,VIGNES,48,44.287666,3.235923,0.3263,0.246,0.123,16
O319401001,La Jonte à Meyrueis [aval],La Jonte,MEYRUEIS,48,44.180432,3.42787,2.0486,0.385,0.138,56
O319401002,La Jonte à Meyrueis [aval] - HE,La Jonte,MEYRUEIS,48,44.180086,3.428805,2.1684,0.304,0.142,8
O700151002,Le Lot à Bagnols-les-Bains,Le Lot,BAGNOLS-LES-BAINS,48,44.506909,3.66496,1.9497,0.47,0.191,42
O700151201,Le ruisseau de Coste Rouge à Saint-Julien-du-Tournel - Saint Julien du Tournel,Ruisseau de Coste Rouge,SAINT-JULIEN-DU-TOURNEL,48,44.47881,3.663081,,,,
O701581001,Le ruisseau de l'Esclancide à Pelouse [Les Salces],Ruisseau de l'Esclancide,PELOUSE,48,44.541045,3.618724,0.4746,0.072,0.018,46
O702153002,Le Lot à Mende - Aval,Le Lot,MENDE,48,44.518277,3.489361,4.3183,0.888,0.329,37
O702153003,Le Lot à Mende - HE,Le Lot,MENDE,48,44.520892,3.494911,10.8251,4.866,,
O703501001,Le Bramont à Saint-Bauzile [Les Fonts],Le Bramont,SAINT-BAUZILE,48,44.471536,3.471498,1.7256,0.393,0.169,55
O703501201,Le Bramont [Les Fonts Droit - Affluent du Bramont] à Saint-Bauzile - Les Fonts Droits,Le Bramont,SAINT-BAUZILE,48,44.46965,3.470681,,,,
O703501301,Le Bramont [Les Fonts Gauche - Affluent du Bramont] à Saint-Bauzile - Les Fonts Gauche,Le Bramont,SAINT-BAUZILE,48,44.469649,3.470656,,,,
O704000101,Le Lot à Balsièges [EDF - Bramonas],Le Lot,BALSIEGES,48,44.480657,3.424421,7.615,1.7,0.702,58
O704000201,Le Lot [Ruisseau du Triadou - Affluent du Lot] à Chanac - Bernades,Le Lot,CHANAC,48,44.46003,3.337268,,,,
O708501001,Le ruisseau du Coulagnet à Marvejols,Ruisseau du Coulagnet,MARVEJOLS,48,44.550987,3.309628,0.861,0.111,0.012,48
O709401002,La Colagne au Monastier-Pin-Moriès - Échelle DREAL 31,La Colagne,BOURGS SUR COLAGNE,48,44.515579,3.261661,4.9277,1.226,0.482,54
O710060101,L'Urugne à la Canourgue,L'Urugne,CANOURGUE,48,44.429138,3.221928,0.3695,0.166,0.103,25
O710151001,Le Lot à Banassac [La Mothe],Le Lot,BANASSAC-CANILHAC,48,44.44255,3.198483,15.5951,3.87,1.437,103
O711050201,Le Doulou à Saint-Pierre-de-Nogaret [Ferrière],Le Doulou,SAINT-PIERRE-DE-NOGARET,48,44.441373,3.15239,1.8051,0.294,0.102,25
O711502101,La Colagne à Ribennes [EDF - Ganivet],La Colagne,RIBENNES,48,44.647331,3.407415,1.4814,0.401,0.18,62
O711502201,[Source Saint Gal - alimente Ruisseau de Chanisse] à Ribennes - Ribennes,,RIBENNES,48,44.632087,3.408749,,,,
O717501201,Le ruisseau del Bouos [Source affluent du ruisseau del Bouos] aux Salces - Monastier,valat de las rives,SALCES,48,44.549672,3.177499,,,,
O720251001,La Truyère à Serverette,La Truyère,SERVERETTE,48,44.703254,3.385703,2.1508,0.457,0.146,71
O720251201,Le ruisseau de Saint-Saturnin à Banassac - Station de Roquaizou,Ruisseau de Saint-Saturnin,BANASSAC-CANILHAC,48,44.403852,3.171125,0.0189,0.003,0.002,18
O720251301,L'Urugne [Saint Frézal Haut - source affluent de l'Urugne] à la Canourgue - Saint Frézal Haut,L'Urugne,CANOURGUE,48,44.429237,3.225414,,,,
O720251401,L'Urugne [Saint Frézal Bas - source affluent de l'Urugne] à la Canourgue - Saint Frézal Bas,L'Urugne,CANOURGUE,48,44.428795,3.224083,,,,
O721000101,Le ruisseau de l'Hermet à Trélans - Monfalgoux,Ruisseau de l'Hermet,TRELANS,48,44.526223,3.083959,,,,
O723401001,La Rimeize à Rimeize,La Rimeize,RIMEIZE,48,44.766005,3.320972,1.7815,0.486,0.2,54
O723403001,La Rimeize à Fau-de-Peyre [Vareilles],La Rimeize,FAU-DE-PEYRE,48,44.749103,3.23585,1.4486,0.419,0.17,55
O724501001,Le Chapouillet à Rimeize [Chassignoles],Le Chapouillet,RIMEIZE,48,44.79178,3.295276,0.8007,0.23,0.091,54
O726501001,La Limagnole à Fontans [Saint-Alban],La Limagnole,FONTANS,48,44.777259,3.359046,0.9958,0.322,0.123,55
O730000201,[Source Saint Amans] à Estables - Saint Amans,,ESTABLES,48,44.677929,3.475985,,,,
O737000201,La Truyère au Malzieu-Ville [QNR EDF - Le Soulier],La Truyère,MALZIEU-VILLE,48,44.834796,3.348608,7.5811,2.3,0.816,68
O741040101,Le Bès à Marchastel [Pont de Marchastel],Le Bès,MARCHASTEL,48,44.654941,3.090055,2.3635,0.362,0.124,29
O750252201,[Ruisseau Fontanilles] à Nasbinals - Fontrouge,,NASBINALS,48,44.619866,3.035461,,,,
V504661001,L'Altier à Altier [La Goulette],L'Altier,ALTIER,48,44.459961,3.889673,3.1381,0.572,0.239,40
V504661002,L'Altier à Altier [La Goulette] - EDF,L'Altier,ALTIER,48,44.459961,3.889673,3.0699,0.609,0.211,54
V710521601,Le ruisseau de Mirabelle [Source de Mirabelle] à Saint-Germain-de-Calberte - Saint Germain de Calberte,Ruisseau de Mirabelle,SAINT-GERMAIN-DE-CALBERTE,48,44.227461,3.794039,,,,
V711501002,Le Gardon de Sainte-Croix à Gabriac - Pont Campéménard,Le Gardon de Sainte-Croix,GABRIAC,48,44.192196,3.71502,,,,
L800001020,La Loire à Saumur,la Loire,SAUMUR,49,47.263292,-0.074335,605.3884,214.761,110.606,36
L800001030,La Loire à Montsoreau,la Loire,MONTSOREAU,49,47.215632,0.062725,,,,
L840211001,Le Thouet à Montreuil-Bellay - Pont Napoléon,le Thouet,MONTREUIL-BELLAY,49,47.135905,-0.154411,91.193,24.754,,
L840211002,Le Thouet à Montreuil-Bellay - Montreuil St Eloi,le Thouet,MONTREUIL-BELLAY,49,47.144899,-0.142075,15.5133,1.181,0.395,14
L860211002,Le Thouet à Chacé - Pont de Chacé,le Thouet,CHACE,49,47.215745,-0.080336,18.0231,2.313,0.621,19
L870001010,La Loire aux Ponts-de-Cé,la Loire,PONTS-DE-CE,49,47.418662,-0.521679,655.0303,249.243,125.315,10
L870001020,La Loire à Gennes,la Loire,GENNES,49,47.345018,-0.230905,,,,
L870001030,La Loire à Saint-Mathurin-sur-Loire,la Loire,LOIRE-AUTHION,49,47.408686,-0.318663,,,,
L911000602,Le Lathan à Vernantes - Moulin Guet active depuis 2012,,VERNANTES,49,47.408203,-0.026256,1.1168,0.367,0.187,7
L911000701,Le Lathan à Longué-Jumelles [La Moutonnerie],,LONGUE-JUMELLES,49,47.381378,-0.148014,,,,
L921000401,Le Couasnon à Beaufort-en-Vallée,le Couasnon,BEAUFORT-EN-ANJOU,49,47.454998,-0.236387,0.8616,0.25,0.112,12
L922000102,L'Authion aux Ponts-de-Cé [Pont Bourguignon] - Station Ultraflux,l'Authion,PONTS-DE-CE,49,47.43068,-0.527917,5.3951,1.406,0.512,8
L922000103,L'Authion aux Ponts-de-Cé [Pont Bourguignon] - Station CM1200,l'Authion,PONTS-DE-CE,49,47.43068,-0.527917,,,,
M072061010,La Sarthe à Châteauneuf-sur-Sarthe,la Sarthe,CHATEAUNEUF-SUR-SARTHE,49,47.678282,-0.486632,,,,
M073061010,La Sarthe à Cheffes,,CHEFFES,49,47.620862,-0.506374,,,,
M153161010,Le Loir à Durtal,le Loir,DURTAL,49,47.669491,-0.245142,31.6525,13.671,6.539,56
M156161010,Le Loir à Seiches-sur-le-Loir,le Loir,SEICHES-SUR-LE-LOIR,49,47.576661,-0.365783,,,,
M363091010,La Mayenne à Chambellay,la Mayenne,CHAMBELLAY,49,47.67812,-0.688249,39.689,8.319,3.773,54
M377181010,L'Oudon à Châtelais [Marcillé],l'Oudon,CHATELAIS,49,47.773925,-0.926545,4.2563,0.358,0.028,49
M382301010,La Verzée au Bourg-d'Iré [La Pommeraye],la Verzée,BOURG-D'IRE,49,47.678908,-0.951341,1.2984,0.102,0.021,35
M383401010,L'Argos à Sainte-Gemmes-d'Andigné - Basse Rivière,l'Argos,SAINTE-GEMMES-D'ANDIGNE,49,47.645855,-0.866716,0.7804,0.065,0.017,43
M385181010,L'Oudon à Segré [écluse de Maingué],l'Oudon,SEGRE-EN-ANJOU BLEU,49,47.68637,-0.860742,8.4311,0.664,0.064,28
M385181011,L'Oudon à Segré [écluse de Maingué] - station écourues,l'Oudon,SEGRE-EN-ANJOU BLEU,49,47.686829,-0.861055,7.3875,1.075,,
M410191010,La Maine à Angers - Pont de Verdun,la Maine,ANGERS,49,47.472904,-0.557874,127.5624,41.0,19.545,42
M410191040,La Maine à Angers - Haute Chaîne,la Maine,ANGERS,49,47.477437,-0.554044,136.8071,38.119,21.659,10
M410191050,La Maine à Angers - Basse Chaîne,la Maine,ANGERS,49,47.470106,-0.563072,,,,
M411401201,Le Brionneau à la Meignanne - Le Brionneau,le Brionneau,MEIGNANNE,49,47.518445,-0.667707,0.4898,0.022,,
M500001020,La Loire à la Possonnière,la Loire,POSSONNIERE,49,47.37097,-0.683961,,,,
M501421020,L'Aubance à Soulaines-sur-Aubance - Charuau,l'Aubance,SOULAINES-SUR-AUBANCE,49,47.375304,-0.50717,0.5977,0.098,0.009,40
M510201010,Le Layon à Saint-Georges-sur-Layon,le Layon,SAINT-GEORGES-SUR-LAYON,49,47.192996,-0.374479,0.9782,0.018,0.0,57
M512431010,Le Lys à Aubigné-sur-Layon [La Guimardière],le Lys,AUBIGNE-SUR-LAYON,49,47.223634,-0.481931,0.7883,0.045,0.001,25
M521401020,L'Hyrôme à Saint-Lambert-du-Lattay,l'Hyrôme,VAL-DU-LAYON,49,47.302061,-0.621667,0.9099,0.13,0.031,45
M522201010,Le Layon à Saint-Lambert-du-Lattay - Pont de Bézigon,le Layon,VAL-DU-LAYON,49,47.316359,-0.63216,4.1245,0.302,0.04,53
M530001010,La Loire à Montjean-sur-Loire,la Loire,MONTJEAN-SUR-LOIRE,49,47.392237,-0.861087,857.6398,294.0,137.297,125
M530001020,La Loire à Chalonnes-sur-Loire,la Loire,CHALONNES-SUR-LOIRE,49,47.353952,-0.762217,,,,
M530001030,La Loire à Ingrandes,la Loire,INGRANDES-LE FRESNE SUR LOIRE,49,47.402229,-0.92201,,,,
M530001040,La Loire à Saint-Florent-le-Vieil,la Loire,SAINT-FLORENT-LE-VIEIL,49,47.364279,-1.014711,,,,
M601301010,L'Evre à la Chapelle-Saint-Florent - Pont Dalaine,rivière l'èvre,CHAPELLE-SAINT-FLORENT,49,47.310212,-1.052109,3.5061,0.399,0.05,55
M601303010,L'Evre à Beaupréau [Moulin de la Gobinière],rivière l'èvre,BEAUPREAU-EN-MAUGES,49,47.192603,-0.96853,1.8062,0.211,0.065,23
M601401010,Le Beuvron à Andrezé [Tuvache],le Beuvron,ANDREZE,49,47.177984,-0.962137,0.3154,0.035,0.007,47
M632301010,L'Erdre à Candé - La Grée,l'Erdre,CANDE,49,47.559791,-1.047997,1.0218,0.135,0.046,56
M720302010,La Moine à Cholet [Pont RN249],la Moine,CHOLET,49,47.054559,-0.92521,1.3659,0.45,0.274,25
M721301010,La Moine à Roussay [Clopin],la Moine,ROUSSAY,49,47.095875,-1.057387,2.3122,0.584,0.299,30
M721302010,La Moine à Saint-Crespin-sur-Moine,la Moine,SAINT-CRESPIN-SUR-MOINE,49,47.095731,-1.184771,3.2698,0.766,0.316,32
M731401010,La Sanguèze à Tillières [Moulin Pichon],la Sanguèze,TILLIERES,49,47.141331,-1.222235,0.7751,0.022,0.0,43
I501361701,La Douve à Sottevast,La Douve,SOTTEVAST,50,49.523736,-1.590017,1.2828,0.251,0.158,11
I506000201,La Scye à Bricquebec [Le Valdécie - RD 50],La Scye,BRICQUEBEC-EN-COTENTIN,50,49.438806,-1.655212,2.0264,0.252,,4
I512102001,La Vire à Tessy-sur-Vire,La Vire,TESSY-BOCAGE,50,48.974959,-1.055408,10.1946,1.835,0.682,26
I522101001,La Vire à Saint-Lô [Pont de Gourfaleur],La Vire,SAINT-LO,50,49.085273,-1.091729,12.8102,2.519,0.825,44
I524301001,Le bras de l'Elle à Saint-Jean-de-Savigny,Bras de l'Elle,SAINT-JEAN-DE-SAVIGNY,50,49.201071,-1.007038,0.6896,0.198,0.091,32
I621101001,La Douve à Saint-Sauveur-le-Vicomte,La Douve,SAINT-SAUVEUR-LE-VICOMTE,50,49.386632,-1.525496,,,,
I650201001,La Taute à Saint-Sauveur-Lendelin,La Taute,SAINT-SAUVEUR-LENDELIN,50,49.116585,-1.393234,0.3006,0.085,0.038,31
I692301001,La Saire à Anneville-en-Saire,La Saire,ANNEVILLE-EN-SAIRE,50,49.635062,-1.289138,1.7164,0.868,0.62,31
I694301001,Le Trottebec à la Glacerie [Le Val Joli],Le Trottebec,GLACERIE,50,49.615641,-1.568186,0.2922,0.067,0.043,30
I694311001,La Divette à Cherbourg-Octeville,La Divette,CHERBOURG-EN-COTENTIN,50,49.62122,-1.624576,1.6425,0.535,0.317,44
I696401001,Le Petit Douet à Héauville,Le Petit Douet,HEAUVILLE,50,49.572514,-1.826896,0.1759,0.067,0.048,46
I698301001,L'Ay à Ancteville,L'Ay,ANCTEVILLE,50,49.108008,-1.467097,0.16,0.049,0.023,29
I702102001,La Sienne à Sainte-Cécile [2],La Sienne,SAINTE-CECILE,50,48.836996,-1.201701,1.7656,0.573,0.256,44
I710202001,L'Airou au Mesnil-Rogues,L'Airou,MESNIL-ROGUES,50,48.867056,-1.365177,1.7497,0.397,0.199,26
I711101001,La Sienne à Cérences,La Sienne,CERENCES,50,48.921041,-1.42651,7.7544,1.489,0.706,16
I722202001,La Soulles à Coutances,La Soulles,COUTANCES,50,49.036394,-1.444313,2.5418,0.42,0.123,47
I791361001,Le Thar à Jullouville,Le Thar,JULLOUVILLE,50,48.783936,-1.532467,1.0258,0.319,0.163,55
I800201001,La Sée à Chérencé-le-Roussel,La See,CHERENCE-LE-ROUSSEL,50,48.71212,-1.016441,1.5759,0.491,0.258,32
I803381001,La Braize à Lolif,La Braize,LOLIF,50,48.725532,-1.379889,0.3969,0.194,0.127,32
I807000101,La Sée à Brécey [La Grattemondière],La See,BRECEY,50,48.712115,-1.199544,5.2215,1.409,,3
I903101001,La Sélune à Notre-Dame-du-Touchet,La Selune,NOTRE-DAME-DU-TOUCHET,50,48.598371,-0.969947,2.7364,0.563,0.214,33
I922102001,La Sélune à Saint-Aubin-de-Terregatte [Signy],La Selune,SAINT-AUBIN-DE-TERREGATTE,50,48.596227,-1.292804,9.6287,3.12,1.729,34
I923301001,Le Beuvron à Saint-Senier-de-Beuvron,Le Beuvron,SAINT-SENIER-DE-BEUVRON,50,48.577408,-1.313947,1.1846,0.558,0.31,30
I925351101,Le Beuvron à Saint-James [Moulin du Prieur],Le Beuvron,SAINT-JAMES,50,48.525631,-1.31873,0.9394,0.46,0.297,9
I929000201,[La Manche] à Courtils - La Roche-Torin,,COURTILS,50,48.642537,-1.423274,,,,
F200000101,La Seine à Conflans-sur-Seine - Barrage (amont) [VNF],La Seine,CONFLANS-SUR-SEINE,51,48.547082,3.687643,,,,
F200000102,La Seine à Conflans-sur-Seine - Barrage (aval) [VNF],La Seine,CONFLANS-SUR-SEINE,51,48.5474,3.687733,,,,
F200000201,Le canal de dérivation de Bernières à Conflans à Conflans-sur-Seine - VNF,Canal de Derivation de Bernieres a Conflans,CONFLANS-SUR-SEINE,51,48.543884,3.686585,,,,
F606000101,La Marne à Sogny-aux-Moulins,La Marne,SOGNY-AUX-MOULINS,51,48.903201,4.399236,,,,
F613000102,La Marne à Reuil - Station débitmétrique,La Marne,REUIL,51,49.081411,3.797567,86.6841,36.64,21.635,13
F613000201,La Marne à Épernay,La Marne,EPERNAY,51,49.051227,3.961793,,,,
F624000201,Le Petit Morin à Montmirail - Amont,Le Petit Morin,MONTMIRAIL,51,48.863216,3.536148,1.5985,0.535,0.368,21
H155000101,La Vesle au Breuil,La Vesle,BREUIL,51,49.312907,3.768576,,,,
H160301001,La Superbe à Saint-Saturnin,La Superbe,SAINT-SATURNIN,51,48.614104,3.904854,1.6198,0.492,0.067,55
H509101002,La Marne à Frignicourt - après création grand lac,La Marne,FRIGNICOURT,51,48.700903,4.587459,42.461,17.488,9.254,49
H514262001,La Chée à Bettancourt-la-Longue,La Chee,BETTANCOURT-LA-LONGUE,51,48.819222,4.884938,2.5161,0.409,0.112,46
H515301001,La Vière à Val-de-Vière,La Viere,VAL-DE-VIERE,51,48.801363,4.758148,1.4376,0.321,0.129,50
H517201001,La Saulx à Vitry-en-Perthois,La Saulx,VITRY-EN-PERTHOIS,51,48.746152,4.626325,26.2761,5.656,1.937,56
H517311001,La Bruxenelle à Brusson,La Bruxenelle,BRUSSON,51,48.747197,4.697285,1.0777,0.207,0.1,51
H520100501,La Marne à la Chaussée-sur-Marne,La Marne,CHAUSSEE-SUR-MARNE,51,48.838973,4.505039,,,,
H520101003,La Marne à Châlons-en-Champagne,La Marne,CHALONS-EN-CHAMPAGNE,51,48.950951,4.353723,71.0583,28.055,14.315,35
H520101004,La Marne à Châlons-en-Champagne - Observateur,La Marne,CHALONS-EN-CHAMPAGNE,51,48.95112,4.353878,,,,
H520421001,La Coole à Écury-sur-Coole,La Coole,ECURY-SUR-COOLE,51,48.902011,4.339681,0.7099,0.134,0.0,24
H521331001,La Soude à Soudron,La Soude,SOUDRON,51,48.838848,4.202138,0.549,0.138,0.026,54
H522431001,Le Cubry à Pierry,Le Cubry,PIERRY,51,49.026196,3.947833,0.4953,0.239,0.167,31
H523102501,La Marne à Damery,La Marne,DAMERY,51,49.070304,3.860433,,,,
H524301001,La Semoigne à Verneuil,La Semoigne,VERNEUIL,51,49.093378,3.674376,0.6012,0.257,0.172,25
H541203001,Le Petit Morin au Thoult-Trosnay,Le Petit Morin,THOULT-TROSNAY,51,48.850957,3.689597,1.1847,0.273,0.162,22
H602102001,L'Aisne à Verrières,L'Aisne,VERRIERES,51,49.067921,4.914315,3.7885,0.563,0.111,28
H602321001,L'Ante à Châtrices,L'Ante,CHATRICES,51,49.052428,4.911759,0.9202,0.213,0.071,48
H603321001,L'Auve à Dommartin-Dampierre,L'Auve,DOMMARTIN-DAMPIERRE,51,49.067679,4.8232,1.4053,0.515,0.243,31
H631303002,La Suippe à Selles,La Suippe,SELLES,51,49.306541,4.287822,2.8527,1.202,0.48,35
H640201001,La Vesle à Bouy,La Vesle,BOUY,51,49.089073,4.350907,1.6434,0.396,0.058,47
H640203001,La Vesle à Puisieulx,La Vesle,PUISIEULX,51,49.206298,4.122645,2.6484,0.946,0.259,41
H641201001,La Vesle à Saint-Brice-Courcelles,La Vesle,SAINT-BRICE-COURCELLES,51,49.265049,3.979757,3.2996,1.24,0.43,47
H641202001,La Vesle à Châlons-sur-Vesle,La Vesle,CHALONS-SUR-VESLE,51,49.278314,3.922077,4.3671,2.08,1.1,49
H641321001,Le Rouillat à Villers-aux-Nœuds,Le Rouillat,VILLERS-AUX-NŒUDS,51,49.192863,3.993476,,,,
H642301001,L'Ardre à Fismes,L'Ardre,FISMES,51,49.306948,3.672862,1.5008,0.692,0.412,55
H642302001,L'Ardre à Faverolles-et-Coëmy,L'Ardre,FAVEROLLES-ET-COEMY,51,49.232675,3.789769,0.7378,0.289,0.14,28
B022001001,La Meuse à Goncourt,La Meuse,GONCOURT,52,48.240913,5.614415,4.0586,0.283,0.06,54
B105201001,Le Mouzon à Sommerécourt,Le Mouzon,SOMMERECOURT,52,48.224397,5.664011,2.1433,0.224,0.1,27
F521000201,Le Rongeant à Suzannecourt,Le Rongeant,SUZANNECOURT,52,48.443311,5.168638,2.7275,0.387,0.072,8
H100101001,L'Aube à Auberive,L'Aube,AUBERIVE,52,47.777488,5.08051,0.6229,0.093,0.026,25
H110200901,L'Aujon à Saint-Loup-sur-Aujon,L'Aujon,SAINT-LOUP-SUR-AUJON,52,47.885758,5.092783,0.6511,0.115,0.032,20
H112202001,L'Aujon à Maranville,L'Aujon,MARANVILLE,52,48.137303,4.85929,5.437,1.414,0.673,25
H130201001,La Voire à Droyes [Gervilliers],La Voire,DROYES,52,48.498376,4.725222,,,,
H501102001,La Marne à Marnay-sur-Marne,La Marne,MARNAY-SUR-MARNE,52,48.012035,5.248547,3.7669,1.297,0.841,42
H502301001,La Traire à Louvières,La Traire,LOUVIERES,52,48.038853,5.281353,1.7517,0.24,0.049,31
H503101001,La Marne à Chaumont [Reclancourt],La Marne,CHAUMONT,52,48.126356,5.154544,7.3686,1.69,,2
H503102001,La Marne à Condes,La Marne,CONDES,52,48.141464,5.138012,8.5805,1.491,0.705,20
H503331001,La Suize à Villiers-sur-Suize,La Suize,VILLIERS-SUR-SUIZE,52,47.987861,5.186557,1.0604,0.183,0.041,40
H504201001,Le Rognon à Bourdons-sur-Rognon [Lacrète],Le Rognon,BOURDONS-SUR-ROGNON,52,48.209768,5.315912,2.0424,0.257,0.029,38
H505321001,La Manoise à Humberville,La Manoise,HUMBERVILLE,52,48.286066,5.378497,0.8286,0.169,0.066,22
H506201001,Le Rognon à Doulaincourt-Saucourt,Le Rognon,DOULAINCOURT-SAUCOURT,52,48.343833,5.165229,9.5047,1.734,0.67,56
H507101002,La Marne à Saint-Dizier - Hôpital,La Marne,SAINT-DIZIER,52,48.632771,4.95318,23.4081,6.879,4.184,17
H507102001,La Marne à Joinville,La Marne,JOINVILLE,52,48.442817,5.143339,,,,
H507104001,La Marne à Chamouilley,La Marne,CHAMOUILLEY,52,48.606232,5.040314,31.7711,7.062,3.374,26
H507105001,La Marne à Mussey-sur-Marne,La Marne,MUSSEY-SUR-MARNE,52,48.376003,5.161096,25.3609,5.674,2.589,24
H508305001,La Blaise à Louvemont [Pont-Varin],La Blaise,LOUVEMONT,52,48.515805,4.93071,4.8837,0.949,0.275,34
H508305002,La Blaise à Louvemont [Pont-Varin] - Station IIBRBS,La Blaise,LOUVEMONT,52,48.515809,4.930716,5.555,1.37,0.175,12
H508307001,La Blaise à Daillancourt,La Blaise,DAILLANCOURT,52,48.302488,4.957307,2.0315,0.346,0.154,25
U004500401,L'Apance [amont] à Bourbonne-les-Bains,L'Apance,BOURBONNE-LES-BAINS,52,47.962277,5.749083,0.9426,0.255,0.109,19
U004500501,[Source de Flanrupt] à Bourbonne-les-Bains,,BOURBONNE-LES-BAINS,52,47.962537,5.749486,0.1265,0.044,0.024,8
U020400101,L'Amance à Maizières-sur-Amance,L'Amance,MAIZIERES-SUR-AMANCE,52,47.82892,5.630343,1.3278,0.117,0.037,15
I912201002,L'Airon à Landivy,L'Airon,LANDIVY,53,48.480806,-1.073774,1.8927,0.681,0.389,23
J700061001,La Vilaine à Bourgon - Pont D 106,,BOURGON,53,48.186551,-1.058406,0.5039,0.05,0.011,36
M006435101,Le Sarthon à Ravigny [Les Vauguiberts],le Sarthon,RAVIGNY,53,48.429181,-0.057315,1.7883,0.141,,2
M010401010,L'Ornette à Saint-Pierre-des-Nids [Larray],l'Ornette,SAINT-PIERRE-DES-NIDS,53,48.375222,-0.092088,0.5222,0.041,0.005,33
M010561010,Le Terrançon à Saint-Pierre-des-Nids [Pont des Terriers],le Terrançon,SAINT-PIERRE-DES-NIDS,53,48.377228,-0.089379,0.3948,0.039,0.006,31
M061301010,L'Erve à Voutré [La Crousille],l'Erve,VOUTRE,53,48.132274,-0.322429,0.607,0.232,0.153,26
M065311010,La Vaige à Bouessay,la Vaige,BOUESSAY,53,47.868103,-0.380211,1.4892,0.104,0.016,45
M067401010,La Taude à Saint-Brice,la Taude,SAINT-BRICE,53,47.860604,-0.440439,0.276,0.042,0.016,42
M068061010,La Sarthe à Saint-Denis-d'Anjou [Beffes],la Sarthe,SAINT-DENIS-D'ANJOU,53,47.80316,-0.385897,48.2356,15.775,8.662,54
M301401010,L'Aisne à Javron-les-Chapelles [Les Chapelles],l'Aisne,JAVRON-LES-CHAPELLES,53,48.439025,-0.332269,1.6681,0.178,0.056,28
M302091010,La Mayenne à Madré,la Mayenne,MADRE,53,48.48859,-0.369389,3.7027,0.376,0.085,31
M306091010,La Mayenne à Ambrières-les-Vallées [Cigné],la Mayenne,AMBRIERES-LES-VALLEES,53,48.445247,-0.586379,8.9587,1.291,0.399,32
M321301010,La Colmont à Lesbois [La Bigottière] - La Bigottière,la Colmont,LESBOIS,53,48.441773,-0.807208,1.299,0.403,0.171,29
M322301010,La Colmont à Oisseau,la Colmont,OISSEAU,53,48.361228,-0.663846,2.7721,0.92,0.423,33
M323091020,La Mayenne à Mayenne,la Mayenne,MAYENNE,53,48.298776,-0.619975,,,,
M323092010,La Mayenne à Saint-Fraimbault-de-Prières,la Mayenne,SAINT-FRAIMBAULT-DE-PRIERES,53,48.350064,-0.583996,20.8014,4.21,2.005,52
M323092011,La Mayenne à Saint-Fraimbault-de-Prières - Aval barrage,la Mayenne,SAINT-FRAIMBAULT-DE-PRIERES,53,48.364,-0.587852,12.1642,2.592,,
M325311010,L'Aron à Moulay,l'Aron,MOULAY,53,48.268942,-0.625655,1.9373,0.366,0.126,51
M331301010,L'Ernée à Ernée,l'Ernée,ERNEE,53,48.274146,-0.930914,1.4045,0.562,0.326,55
M332301010,L'Ernée à Andouillé [Les Vaugeois],l'Ernée,ANDOUILLE,53,48.167082,-0.77586,3.9374,1.003,0.499,57
M333091010,La Mayenne à Laval,la Mayenne,LAVAL,53,48.070839,-0.770167,,,,
M334091010,La Mayenne à l'Huisserie [Bonne],la Mayenne,HUISSERIE,53,48.012261,-0.740834,30.1576,6.6,3.24,54
M340301010,La Jouanne à Neau [La Touche],la Jouanne,NEAU,53,48.153907,-0.475539,0.6763,0.104,0.05,30
M342301010,La Jouanne à Forcé,la Jouanne,FORCE,53,48.033669,-0.705181,3.1162,0.328,0.111,55
M350401010,Le Vicoin à Nuillé-sur-Vicoin,le Vicoin,NUILLE-SUR-VICOIN,53,47.987319,-0.782662,1.9429,0.18,0.056,52
M351401010,L'Ouette à Entrammes,l'Ouette,ENTRAMMES,53,47.970592,-0.706485,0.7121,0.053,0.02,40
M360091010,La Mayenne à Château-Gontier,la Mayenne,CHATEAU-GONTIER,53,47.818091,-0.69922,37.0775,7.641,3.469,55
M371181010,L'Oudon à Cossé-le-Vivien,l'Oudon,COSSE-LE-VIVIEN,53,47.934894,-0.927738,0.9943,0.094,0.009,36
M373181010,L'Oudon à Craon,l'Oudon,CRAON,53,47.848196,-0.953229,,,,
M377401010,Le Chéran à la Boissière,le Chéran,BOISSIERE,53,47.783785,-0.986166,0.5166,0.036,0.01,53
A511061001,La Moselle à Tonnoy,La Moselle,TONNOY,54,48.536107,6.260215,46.2088,14.544,5.717,40
A511061002,La Moselle à Velle-sur-Moselle,La Moselle,VELLE-SUR-MOSELLE,54,48.532281,6.263786,43.1381,11.817,4.308,15
A542201101,Le Brenon à Houdreville,Le Brenon,HOUDREVILLE,54,48.505735,6.110971,1.0526,0.069,,4
A543101001,Le Madon à Pulligny,Le Madon,PULLIGNY,54,48.545356,6.131546,10.2982,2.072,1.129,56
A550061001,La Moselle à Pont-Saint-Vincent,La Moselle,PONT-SAINT-VINCENT,54,48.607446,6.100578,54.3305,15.396,6.92,37
A573061001,La Moselle à Toul,La Moselle,TOUL,54,48.669764,5.896402,64.3369,19.149,8.562,44
A573061004,La Moselle à Toul - Historique,La Moselle,TOUL,54,48.671504,5.896675,,,,
A631101001,La Meurthe à Baccarat - aval,La Meurthe,BACCARAT,54,48.449237,6.738613,16.3702,7.71,5.493,32
A631101003,La Meurthe à Baccarat - amont,La Meurthe,BACCARAT,54,48.447733,6.740049,15.2196,6.474,4.875,9
A634101001,La Meurthe à Lunéville - Aval,La Meurthe,LUNEVILLE,54,48.582851,6.481033,17.3968,7.003,4.789,30
A634101002,La Meurthe à Lunéville - Amont,La Meurthe,LUNEVILLE,54,48.582728,6.481852,16.4555,6.69,5.282,8
A643112001,La Vezouze à Blâmont - aval,La Vezouze,BLAMONT,54,48.588128,6.843908,1.5457,,0.623,15
A643112002,La Vezouze à Blâmont - amont,La Vezouze,BLAMONT,54,48.588299,6.845033,1.3719,0.563,0.321,15
A648000101,La Blette à Montigny,La Blette,MONTIGNY,54,48.518136,6.800409,0.5246,0.139,,2
A654111001,La Vezouze à Thiébauménil,La Vezouze,THIEBAUMENIL,54,48.580949,6.624853,5.1101,1.375,0.701,32
A657111001,La Vezouze à Lunéville,La Vezouze,LUNEVILLE,54,48.594883,6.486774,6.3209,1.671,0.885,56
A657111002,La Vezouze à Lunéville - Historique,La Vezouze,LUNEVILLE,54,48.597048,6.489138,,,,
A673122001,La Mortagne à Gerbéviller,La Mortagne,GERBEVILLER,54,48.487068,6.524472,5.3954,1.9,1.089,55
A673122002,La Mortagne à Gerbéviller - Historique,La Mortagne,GERBEVILLER,54,48.497563,6.510937,,,,
A676101001,La Meurthe à Damelevières,La Meurthe,DAMELEVIERES,54,48.563225,6.383943,33.0311,11.88,7.845,52
A686000101,Le Sanon à Crévic,Le Sanon,CREVIC,54,48.640577,6.410318,2.183,0.505,0.263,6
A692101001,La Meurthe à Laneuveville-devant-Nancy [la Madeleine],La Meurthe,LANEUVEVILLE-DEVANT-NANCY,54,48.642507,6.272227,35.6696,12.77,8.068,39
A694102001,La Meurthe à Malzéville - débitmètre,La Meurthe,MALZEVILLE,54,48.710667,6.179269,42.2242,22.421,,2
A694102004,La Meurthe à Malzéville - Limni,La Meurthe,MALZEVILLE,54,48.710667,6.179269,40.4931,16.783,10.806,25
A701061001,La Moselle à Custines,La Moselle Canalisee,CUSTINES,54,48.789668,6.12175,109.2144,35.495,19.268,52
A712201001,L'Esch à Jezainville,Ruisseau d'Esche,JEZAINVILLE,54,48.866376,6.043284,1.3974,0.21,0.069,55
A735201001,Le Rupt de Mad à Onville,Ruisseau le Rupt de Mad,ONVILLE,54,49.012193,5.961533,3.2671,0.73,0.446,61
A782101001,La Seille à Nomeny,La Seille,NOMENY,54,48.88816,6.227563,7.6243,1.9,1.014,56
A807101001,L'Orne à Boncourt,L'Orne,BONCOURT,54,49.162566,5.830467,3.723,0.447,0.083,48
A812020101,L'Yron à Jarny [Droitaumont],L'Yron,JARNY,54,49.14233,5.876081,1.0645,0.149,0.022,10
A812200001,L'Yron à Hannonville-Suzémont,L'Yron,HANNONVILLE-SUZEMONT,54,49.098776,5.837081,0.847,0.132,0.028,26
A820101001,L'Orne à Jarny [Labry],L'Orne,JARNY,54,49.167701,5.881716,7.4357,0.807,0.115,18
A830020101,Le Woigot à Tucquegnieux,Ruisseau le Woigot,TUCQUEGNIEUX,54,49.295329,5.88349,0.2046,0.004,0.0,9
A830082101,[Débordement minier dans le Woigot] à Mancieulles [CENTRE - C05 - Gal. du Woigot - BSS000KNBU],,MANCIEULLES,54,49.278251,5.895733,,,,
A831030001,La Vallée à Mance,Ruisseau de la Vallee,MANCE,54,49.268624,5.927075,0.3622,0.015,0.001,7
A832201001,Le Woigot à Briey,Ruisseau le Woigot,VAL DE BRIEY,54,49.246953,5.933378,1.2787,0.408,0.176,57
B204201001,L'Aroffe à Vannes-le-Châtel,Ruisseau l'Aroffe,VANNES-LE-CHATEL,54,48.549339,5.76553,0.6487,0.065,0.014,55
B400101001,La Chiers à Longlaville,La Chiers,LONGLAVILLE,54,49.536983,5.803435,2.3649,0.701,0.493,27
B402101001,La Chiers à Longwy,La Chiers,LONGWY,54,49.510941,5.766604,3.307,1.108,0.776,29
B403101001,La Chiers à Montigny-sur-Chiers,La Chiers,MONTIGNY-SUR-CHIERS,54,49.475286,5.657261,4.6075,1.82,1.175,53
B413201001,La Crusnes à Pierrepont,La Crusnes,PIERREPONT,54,49.419378,5.701026,2.2971,0.859,0.489,45
B435201001,L'Othain à Othe,L'Othain,OTHE,54,49.494173,5.440395,2.6879,0.867,0.279,25
A800621001,Le Ru de Vaux à Morgemoulin,Ruisseau de Vaux,MORGEMOULIN,55,49.234439,5.58187,0.3908,0.061,0.02,41
A802101001,L'Orne à Étain,L'Orne,ETAIN,55,49.21361,5.632484,1.2068,0.134,0.03,22
B134001001,La Meuse à Vaucouleurs [Chalaines],La Meuse,VAUCOULEURS,55,48.601857,5.67867,19.5501,3.004,1.328,52
B134001002,La Meuse à Vaucouleurs [Chalaines] - amont,La Meuse,VAUCOULEURS,55,48.601357,5.678916,19.3103,2.303,0.74,13
B210000101,La Meuse à Troussey,La Meuse,TROUSSEY,55,48.709093,5.681395,23.1911,3.488,0.95,9
B213001001,La Meuse à Commercy,La Meuse,COMMERCY,55,48.768317,5.602962,23.3686,3.284,1.044,30
B222001001,La Meuse à Saint-Mihiel,La Meuse,SAINT-MIHIEL,55,48.870992,5.530634,30.3452,5.521,2.312,57
B301001001,La Meuse à Belleville-sur-Meuse,La Meuse,BELLEVILLE-SUR-MEUSE,55,49.172261,5.379093,42.888,10.601,3.626,21
B301001002,La Meuse à Verdun - Pont Chaussée,La Meuse,VERDUN,55,49.16209,5.386718,,232.917,,
B315002001,La Meuse à Stenay,La Meuse,STENAY,55,49.494347,5.17885,49.2098,14.271,6.115,62
B422431001,Le Ton à Écouviez,Le Thon,ECOUVIEZ,55,49.525762,5.460308,4.8289,2.78,2.171,44
B453000101,Le Loison à Vittarville,Le Loison,VITTARVILLE,55,49.4025,5.404345,1.7139,0.119,0.043,6
B457201001,Le Loison à Han-lès-Juvigny,Le Loison,HAN-LES-JUVIGNY,55,49.480523,5.329882,3.8797,0.601,0.264,55
B460101001,La Chiers à Chauvency-le-Château,La Chiers,CHAUVENCY-LE-CHATEAU,55,49.516133,5.312743,22.4657,9.05,5.946,49
H113000201,La Vadelaincourt aux Souhesmes-Rampont,La Vadelaincourt,SOUHESMES-RAMPONT,55,49.100781,5.22288,,,,
H113000301,La Cousances à Clermont-en-Argonne - Jubécourt,La Cousances,CLERMONT-EN-ARGONNE,55,49.09378,5.162599,,,,
H510203001,La Saulx à Mognéville,La Saulx,MOGNEVILLE,55,48.784963,4.999612,7.841,2.402,1.118,36
H510204001,La Saulx à Montiers-sur-Saulx,La Saulx,MONTIERS-SUR-SAULX,55,48.53991,5.273666,1.3835,0.152,0.038,27
H511231001,L'Ornain à Saint-Joire,L'Ornain,SAINT-JOIRE,55,48.600535,5.419362,4.5661,0.682,0.271,26
H512234001,L'Ornain à Tronville-en-Barrois,L'Ornain,TRONVILLE-EN-BARROIS,55,48.721624,5.282432,8.2146,1.294,0.57,36
H512235002,L'Ornain à Val-d'Ornain [Varney],L'Ornain,VAL-D'ORNAIN,55,48.811644,5.099419,11.4495,2.116,0.878,27
H514261001,La Chée à Villotte-devant-Louppy [Villote devant Loupy],La Chee,VILLOTTE-DEVANT-LOUPPY,55,48.883728,5.054106,1.5923,0.295,0.07,57
H605301001,La Biesme au Claon,La Biesme,CLAON,55,49.142318,4.969964,0.8653,0.092,0.032,45
H610201001,L'Aire à Beausite [Amblaincourt],L'Aire,BEAUSITE,55,48.964068,5.208584,3.8392,0.675,0.206,56
H612201001,L'Aire à Varennes-en-Argonne,L'Aire,VARENNES-EN-ARGONNE,55,49.227292,5.034016,8.9015,1.434,0.422,56
J471201002,L'Ellé à Priziac - Le Grand Pont,l'Ellé,PRIZIAC,56,48.039066,-3.476074,2.989,0.536,0.208,34
J471201003,L'Ellé au Faouët - Pont Blanc [crue],l'Ellé,FAOUET,56,48.069426,-3.477978,3.7638,0.552,,3
J473401001,L'Inam au Faouët - Pont Priant,l'Inam ou Stêr Laër,FAOUET,56,48.04803,-3.556059,2.3786,0.567,0.232,45
J510221001,Le Scorff à Plouay - Pont Kerlo,le Scorff,PLOUAY,56,47.905673,-3.419102,5.101,1.5,0.715,56
J541212001,Le Blavet à Saint-Aignan - Le Touldren [aval barrage Guerlédan],,SAINT-AIGNAN,56,48.17581,-3.012468,,,,
J543211001,Le Blavet à Neulliac - Le Stumo,,NEULLIAC,56,48.143278,-3.004687,12.6357,2.953,2.21,10
J550211001,Le Blavet à Pontivy - Equipement,,PONTIVY,56,48.058347,-2.967465,,,,
J552401002,La Sarre à Melrand - Pont Neuf,la Sarre,MELRAND,56,47.966384,-3.100707,2.2187,0.443,0.203,13
J561301002,L'Evel à Guénin - Nouvelle échelle,l'Evel,GUENIN,56,47.901107,-2.974607,4.7531,0.461,,4
J561831001,Le Frémeur à Guénin - Coëtcon,le Frémeur,GUENIN,56,47.937438,-2.952792,0.2488,0.061,0.024,28
J570481001,Le Moulin de Tallené [Le Sebrevet] à Quistinic - Pont er Garrec,le Moulin de Tallené,QUISTINIC,56,47.905503,-3.200764,0.8587,0.216,0.103,61
J571211004,Le Blavet à Inzinzac-Lochrist - Pont neuf [station Crues],,INZINZAC-LOCHRIST,56,47.865225,-3.199354,,134.816,,
J571211005,Le Blavet à Languidic - Craninen [Etiage],,LANGUIDIC,56,47.856455,-3.212024,32.5862,6.256,,4
J601000201,[Rivière du Pont du Roc'h] à Nostang - Locqueltas [aval],,NOSTANG,56,47.765037,-3.184275,1.1497,0.237,,2
J601000202,[Rivière du Pont du Roc'h] à Nostang - Saint Symphorien [amont],,NOSTANG,56,47.768327,-3.182868,0.16,0.102,,
J621301002,L'Auray [Le Loch] à Brech - Er Loch,l'Auray,BRECH,56,47.722337,-2.988829,2.9158,0.498,0.18,22
J640712002,Le Meucon [Le Rohan] à Vannes - Menimur,le Meucon,VANNES,56,47.668261,-2.770061,0.4503,0.075,,3
J640712302,"[Ruisseau de Gornay, Liziec] à Saint-Avé - Pont D135B",,SAINT-AVE,56,47.6713,-2.725369,,,,
J660681201,Le Kervily à Noyal-Muzillac - [Moulin de Cadillac],le Kervily,NOYAL-MUZILLAC,56,47.614199,-2.501463,0.9269,0.323,,2
J820231002,Le canal de Nantes à Brest [L'Oust] à Pleugriffet - Ecluse de Cadoret,,PLEUGRIFFET,56,47.998874,-2.652774,11.5838,1.593,0.45,13
J820234001,L'Oust à Josselin - Ecluse de Josselin [amont],,JOSSELIN,56,47.950263,-2.545244,,,,
J833301002,Le Ninian à Taupont - Route Hugo,le Ninian,TAUPONT,56,47.937875,-2.461811,3.4451,0.2,,3
J836311001,L'Yvel à Loyat - Pont D 129,,LOYAT,56,47.994604,-2.368629,2.3252,0.226,0.008,57
J840231001,Le canal de Nantes à Brest [L'Oust] à Malestroit - Ecluse de Malestroit [aval],,MALESTROIT,56,47.811987,-2.382824,,,,
J843301002,La Claie à Saint-Jean-Brévelay - Ker Hervy,la Claie,SAINT-JEAN-BREVELAY,56,47.825912,-2.702657,1.7916,0.399,0.158,52
J844301001,La Claie à Saint-Marcel - Route de Bohal,la Claie,SAINT-MARCEL,56,47.786956,-2.42378,4.0563,0.63,0.269,15
J850231002,Le canal de Nantes à Brest [L'Oust] à Saint-Gravé - Ecluse Le Guelin [aval],,SAINT-GRAVE,56,47.739105,-2.256962,23.7562,3.65,0.851,46
J850231003,Le canal de Nantes à Brest [L'Oust] à Saint-Gravé - Ecluse Le Guelin [amont],,SAINT-GRAVE,56,47.739362,-2.257254,,,,
J863241001,L'Aff à Quelneuc - La Rivière,l'Aff,QUELNEUC,56,47.828976,-2.073909,2.8018,0.2,0.033,57
J880023001,L'Oust à Saint-Vincent-sur-Oust - L'Ile aux Pies,,SAINT-VINCENT-SUR-OUST,56,47.706031,-2.118538,36.389,3.629,0.946,8
J881301001,L'Arz à Molac - Pont du Favre,l'Arz,MOLAC,56,47.716861,-2.431874,2.4324,0.421,0.11,48
J930061101,La Vilaine à Rieux - Pont de Cran,,RIEUX,56,47.580112,-2.12636,82.3582,13.511,5.004,22
J930061102,La Vilaine à Rieux - La Maison Neuve,,RIEUX,56,47.587318,-2.136265,,,,
A740000101,La Moselle à Corny-sur-Moselle - Débitmètre,La Moselle Canalisee,CORNY-SUR-MOSELLE,57,49.031119,6.054053,101.0754,28.769,17.091,11
A740000102,La Moselle à Corny-sur-Moselle - limnimètre,La Moselle Canalisee,CORNY-SUR-MOSELLE,57,49.031106,6.05423,,297.044,,
A743061001,La Moselle à Metz [Pont des Morts],La Moselle,METZ,57,49.122322,6.167186,,,,
A758102001,La Seille à Moyenvic,La Seille,MOYENVIC,57,48.780883,6.567827,2.9288,0.789,0.365,40
A764201001,La Petite Seille à Château-Salins,La Petite Seille,CHATEAU-SALINS,57,48.817726,6.505677,1.2691,0.45,0.246,44
A770101001,La Seille à Chambrey,La Seille,CHAMBREY,57,48.783979,6.457076,4.455,1.405,0.732,21
A788101002,La Seille à Metz - Pont Lothaire amont,La Seille,METZ,57,49.100486,6.188175,9.5641,1.935,0.899,10
A793061002,La Moselle à Hagondange,La Moselle,HAGONDANGE,57,49.255894,6.184818,120.1059,33.471,17.334,13
A840101001,L'Orne à Moyeuvre-Grande,L'Orne,MOYEUVRE-GRANDE,57,49.248631,6.041719,8.513,1.168,0.269,21
A840601001,[Débordement minier (inactif) dans l'Orne] à Moyeuvre-Grande [SUD - S05 - Gal. du tunnel de Moyeuvre - BSS000KNWD],,MOYEUVRE-GRANDE,57,49.24775,6.032047,2.1925,0.986,,3
A841040101,[Débordement minier dans le Conroy] à Neufchef [CENTRE - C03 - Gal. de Bois d'Avril - BSS000KNJG],,NEUFCHEF,57,49.310522,6.005484,,,,
A842020101,Le Conroy à Moyeuvre-Petite,Ruisseau le Conroy,MOYEUVRE-PETITE,57,49.285515,6.003351,0.2668,0.113,0.069,5
A843101001,L'Orne à Rosselange,L'Orne,ROSSELANGE,57,49.256392,6.072001,12.3806,2.689,1.358,47
A850061001,La Moselle à Uckange,La Moselle,UCKANGE,57,49.316716,6.172719,138.2853,42.301,21.754,44
A850061002,La Moselle à Uckange - Uckange essai,La Moselle,UCKANGE,57,49.323014,6.169266,,,,
A851020501,[Débordement minier dans la Fensch] à Knutange [NORD - N14bis - Gal. des eaux de la Paix - BSS000HSBU],,KNUTANGE,57,49.345239,6.028179,0.8931,0.566,,3
A860304001,Le Veymerange à Thionville,Ruisseau le Veymerange,THIONVILLE,57,49.343331,6.15402,0.2519,0.082,0.065,10
A861202001,La Fensch à Knutange,La Fensch,KNUTANGE,57,49.343537,6.035394,1.0379,0.438,0.162,29
A864030001,La Kiesel à Hettange-Grande,Ruisseau la Kiesel,HETTANGE-GRANDE,57,49.395285,6.167345,0.5967,0.052,0.017,11
A873201001,Le Canner à Kœnigsmacker,Ruisseau le Canner,KŒNIGSMACKER,57,49.391885,6.27236,0.8478,0.284,0.168,51
A891030101,Le Kayl à Ottange,Ruisseau Kaelbach,OTTANGE,57,49.445259,6.024385,0.0324,0.016,0.008,9
A891030102,Le Kayl à Ottange,Ruisseau Kaelbach,OTTANGE,57,49.445259,6.024385,,,,
A900105050,La Sarre à Laneuveville-lès-Lorquin,La Sarre,LANEUVEVILLE-LES-LORQUIN,57,48.654579,7.008689,1.1908,0.542,0.28,54
A901305050,La Sarre Rouge à Vasperviller,La Sarre Rouge,VASPERVILLER,57,48.640085,7.06429,1.4357,0.77,0.491,55
A902101050,La Sarre à Hermelange,La Sarre,HERMELANGE,57,48.680322,7.014472,1.4204,0.376,0.284,17
A902102050,La Sarre à Sarrebourg,La Sarre,SARREBOURG,57,48.737125,7.050125,2.9569,1.113,0.478,29
A902102101,Le ruisseau de Gondrexange à Imling,Ruisseau de Gondrexange,IMLING,57,48.709217,7.01947,1.4476,0.878,0.543,10
A906215050,L'Isch à Postroff,L'Isch,POSTROFF,57,48.849791,7.071531,1.5912,0.375,0.178,51
A919205050,L'Albe à Sarralbe - Eich,L'Albe,SARRALBE,57,48.997419,7.0195,3.4739,0.479,0.226,14
A920107050,La Sarre à Sarralbe [centre],La Sarre,SARRALBE,57,49.005197,7.03383,11.8858,3.338,2.125,17
A930108040,La Sarre à Wittring,La Sarre,WITTRING,57,49.053225,7.150066,17.1601,4.394,3.062,26
A932215050,L'Horn à Bousseviller,La Horn,BOUSSEVILLER,57,49.127103,7.472093,0.826,0.493,0.356,46
A937205050,La Blies à Bliesbruck - Pont,La Blies,BLIESBRUCK,57,49.116256,7.177735,16.9215,7.224,4.903,17
A937205051,La Blies à Bliesbruck,La Blies,BLIESBRUCK,57,49.116147,7.175524,17.5196,8.178,6.764,10
A937205301,La Blies à Frauenberg,La Blies,FRAUENBERG,57,49.139233,7.128721,18.7704,9.211,7.044,7
A953205050,Le Rosselle à Forbach,Ruisseau la Rosselle,FORBACH,57,49.187318,6.859058,1.1675,0.56,0.462,17
A961205050,La Bisten à Creutzwald,La Bisten,CREUTZWALD,57,49.225789,6.688741,0.5617,0.309,0.232,37
A973121001,La Nied [Française] à Ancerville,La Nied,ANCERVILLE,57,49.028617,6.383258,2.4907,0.522,0.294,19
A975201001,La Nied [Française] à Condé-Northen [Pontigny],La Nied,CONDE-NORTHEN,57,49.146784,6.421311,3.8277,0.75,0.399,47
A983201001,La Nied Allemande à Faulquemont,La Nied Allemande,FAULQUEMONT,57,49.046536,6.61425,1.9136,0.256,0.106,39
A986201001,La Nied Allemande à Varize,La Nied Allemande,VARIZE-VAUDONCOURT,57,49.142442,6.446071,3.5817,0.723,0.308,56
A994202001,La Nied à Filstroff,La Nied,FILSTROFF,57,49.324381,6.545267,9.1831,1.841,1.077,23
H200102001,L'Yonne à Corancy,L'Yonne,CORANCY,58,47.099107,3.943262,2.7611,1.004,0.414,35
H202101001,L'Yonne à Montigny-en-Morvan [Chassy],L'Yonne,MONTIGNY-EN-MORVAN,58,47.169358,3.838438,5.0244,1.697,0.764,53
H204101001,L'Yonne à Marigny-sur-Yonne,L'Yonne,MARIGNY-SUR-YONNE,58,47.278127,3.656491,,,,
H205101001,L'Yonne à Dornecy,L'Yonne,DORNECY,58,47.429325,3.559789,9.2591,3.716,1.893,36
H205102001,L'Yonne à Clamecy,L'Yonne,CLAMECY,58,47.460049,3.523051,11.1609,5.153,3.304,7
H205102002,L'Yonne à Clamecy - Débit,L'Yonne,CLAMECY,58,47.460847,3.521651,11.0736,4.404,2.572,11
H206201001,Le Beuvron à Ouagne [Champmoreau],Le Beuvron,OUAGNE,58,47.414436,3.494025,2.168,0.401,0.179,58
H206202001,Le Beuvron à Brinon-sur-Beuvron [Village],Le Beuvron,BRINON-SUR-BEUVRON,58,47.280602,3.492172,0.3192,0.017,0.002,18
H207311001,Le Sauzay à Corvol-l'Orgueilleux,Le Sauzay,CORVOL-L'ORGUEILLEUX,58,47.432011,3.412412,0.9575,0.424,0.231,58
H212202001,La Cure à Marigny-l'Église [Crottefou],La Cure,MARIGNY-L'EGLISE,58,47.3539,3.964102,4.6624,1.599,0.816,28
K170001010,La Loire à Decize,la Loire,DECIZE,58,46.823263,3.456656,,,,
K171301001,L'Aron à Châtillon-en-Bazois [Mingot],l'Aron,CHATILLON-EN-BAZOIS,58,47.062908,3.643318,1.8425,0.535,0.397,23
K172421001,La Dragne à Vandenesse,la Dragne,VANDENESSE,58,46.910893,3.763651,1.8282,0.338,0.1,57
K175311001,L'Alène à Cercy-la-Tour [Coueron],l'Alène,CERCY-LA-TOUR,58,46.844812,3.680246,4.385,0.844,0.359,52
K176401002,La Canne à Saint-Gratien-Savigny - Moulin-de-Challuy,la Canne,SAINT-GRATIEN-SAVIGNY,58,46.913847,3.65366,1.7652,0.126,0.021,29
K177301001,L'Aron à Verneuil,l'Aron,VERNEUIL,58,46.851901,3.575832,17.6515,2.855,1.192,45
K183301001,L'Acolin à Saint-Germain-Chassenay,l'Acolin,SAINT-GERMAIN-CHASSENAY,58,46.78591,3.432235,2.3912,0.8,0.488,32
K190001001,La Loire à Imphy - Pont d'Imphy,la Loire,IMPHY,58,46.937456,3.252753,159.0526,46.386,26.866,21
K191451001,L'Ixeure à la Fermeté,l'Ixeure,FERMETE,58,46.962151,3.334852,1.2386,0.142,0.051,57
K193001010,La Loire à Nevers,la Loire,NEVERS,58,46.982812,3.165332,174.5502,48.0,24.074,70
K193001011,La Loire à Nevers - Ecluse,la Loire,NEVERS,58,46.981884,3.165921,,64.983,,
K194301002,La Nièvre à Saint-Aubin-les-Forges,la Nièvre,SAINT-AUBIN-LES-FORGES,58,47.137621,3.206049,2.3963,0.767,,
K195401001,La Nièvre d'Arzembouy à Poiseux [Poisson],la Nièvre d'Arzembouy,POISEUX,58,47.134385,3.253004,2.4228,0.423,0.204,57
K357081010,L'Allier à Livry - Pont du Veurdre,l'Allier,LIVRY,58,46.758466,3.048922,130.9127,46.4,28.539,15
K409401001,Le Nohain à Saint-Martin-sur-Nohain [Villiers],le Nohain,SAINT-MARTIN-SUR-NOHAIN,58,47.355846,2.996733,3.5013,1.77,1.074,54
K412301001,La Vrille à Arquian,la Vrille,ARQUIAN,58,47.540662,2.982493,1.4037,0.242,0.097,15
D013701001,L'Helpe Mineure à Étrœungt,Helpe Mineure,ETRŒUNGT,59,50.060929,3.928958,1.8133,0.468,0.252,52
D013702001,L'Helpe Mineure à Maroilles,Helpe Mineure,MAROILLES,59,50.13208,3.757441,3.6305,0.788,0.467,52
D013705001,L'Helpe Mineure à Fourmies,Helpe Mineure,FOURMIES,59,50.01787,4.025294,0.3378,0.081,0.042,29
D015651001,L'Helpe Majeure à Liessies,Helpe Majeure,LIESSIES,59,50.119268,4.078776,2.3445,0.419,0.202,57
D015652001,L'Helpe Majeure à Taisnières-en-Thiérache,Helpe Majeure,TAISNIERES-EN-THIERACHE,59,50.148611,3.816597,3.7908,0.788,0.362,54
D015656001,L'Helpe Majeure à Flaumont-Waudrechies,Helpe Majeure,FLAUMONT-WAUDRECHIES,59,50.123797,3.959415,3.0162,0.534,0.309,17
D015658001,[Helpe Majeure] à Eppe-Sauvage,,EPPE-SAUVAGE,59,50.120214,4.111623,,,,
D015850001,La Tarsy à Monceau-Saint-Waast [La Brasserie],Tarsy,MONCEAU-SAINT-WAAST,59,50.174059,3.85375,0.2923,0.151,0.086,28
D015850401,L'Helpe Majeure à Moustier-en-Fagne,Helpe Majeure,MOUSTIER-EN-FAGNE,59,50.097656,4.194018,0.7311,0.143,0.063,9
D015850501,Le ruisseau de Montbliard à Eppe-Sauvage,Ruisseau de Montbliard,EPPE-SAUVAGE,59,50.118029,4.178248,0.7689,0.02,0.015,8
D016221001,La Sambre canalisée à Berlaimont,La Sambre Canalisée,BERLAIMONT,59,50.201466,3.817308,,32.419,,
D019223001,La Sambre canalisée à Marpent,La Sambre Canalisée,MARPENT,59,50.294406,4.076968,12.8653,3.405,2.213,11
D019701001,La Flamenne à Maubeuge [Douzies],Flamenne,MAUBEUGE,59,50.280637,3.929273,0.1551,0.034,0.031,18
D019801101,La Sambre canalisée à Maubeuge [aval écluse],La Sambre Canalisée,MAUBEUGE,59,50.275242,3.975513,,,,
D019801201,La Sambre canalisée à Louvroil,La Sambre Canalisée,LOUVROIL,59,50.267217,3.955623,11.4588,2.341,,4
D020601001,La Solre à Ferrière-la-Grande,Solre,FERRIERE-LA-GRANDE,59,50.262895,3.997164,1.3549,0.525,0.294,51
D020602001,La Solre à Choisies,Solre,CHOISIES,59,50.208606,4.033974,0.8556,0.309,0.189,25
E131000201,L'Escaut canalisée à Iwuy,L'Escaut Canalisée,IWUY,59,50.237394,3.309357,,,,
E131000202,L'Escaut canalisée à Iwuy,L'Escaut Canalisée,IWUY,59,50.237394,3.309357,4.1195,3.118,2.681,15
E156371002,Le canal du Nord à Arleux - Station partenaire VNF,Canal du Nord,ARLEUX,59,50.272832,3.10988,3.8642,2.797,1.707,7
E171551101,L'Escaut canalisée à Neuville-sur-Escaut,L'Escaut Canalisée,NEUVILLE-SUR-ESCAUT,59,50.301627,3.350309,7.0802,3.464,,3
E172601002,La Selle à Denain,Selle ou Escaut,DENAIN,59,50.317161,3.388833,2.3296,1.737,1.408,36
E172751001,L'Ecaillon à Thiant,écaillon,THIANT,59,50.304427,3.451706,1.2212,0.83,0.551,56
E172751201,L'Escaut canalisée à Trith-Saint-Léger,L'Escaut Canalisée,TRITH-SAINT-LEGER,59,50.318576,3.481345,7.1333,4.499,3.855,5
E176601001,La Rhonelle à Aulnoy-lez-Valenciennes,Rhonelle,AULNOY-LEZ-VALENCIENNES,59,50.329979,3.531707,0.6082,0.353,0.257,54
E182701002,La Hogneau à Gussignies,Hogneau,GUSSIGNIES,59,50.335612,3.735778,0.8276,0.225,0.135,18
E182702001,La Hogneau à Thivencelle,Hogneau,THIVENCELLE,59,50.43938,3.634096,1.8806,0.749,0.373,45
E182702602,L'Aunelle à Rombies-et-Marchipont,rivière l'aunelle,ROMBIES-ET-MARCHIPONT,59,50.378403,3.665157,0.4114,0.173,0.096,22
E223000101,La Scarpe canalisée [Scarpe moyenne] à Courchelettes - La Scarpe moyenne à Couteau,La Scarpe Canalisée,COURCHELETTES,59,50.344256,3.060925,3.3198,0.094,0.056,20
E236741001,Le courant de Coutiches à Flines-lez-Raches,Courant de Coutiches Amont,FLINES-LEZ-RACHES,59,50.433325,3.225647,0.3443,0.043,0.018,40
E237110501,La Scarpe canalisée à Mortagne-du-Nord,La Scarpe Canalisée,MORTAGNE-DU-NORD,59,50.494256,3.452444,5.7171,2.693,-0.028,7
E237601001,Le courant de l'Hôpital à Bousignies,Courant de l'Hopital,BOUSIGNIES,59,50.436676,3.359679,0.5907,0.162,0.064,30
E237721001,L'Elnon à Lecelles,Elnon,LECELLES,59,50.464295,3.409079,0.4342,0.064,0.015,31
E240041101,L'Escaut canalisée à Maulde,L'Escaut Canalisée,MAULDE,59,50.50608,3.436786,24.9258,14.69,,4
E310211002,Le canal de la Deule à Don,Canal de la Deule,DON,59,50.545463,2.918014,8.1063,4.953,,2
E334601001,La Marque à Bouvines,Marque,BOUVINES,59,50.579295,3.181979,0.9234,0.283,0.116,54
E334602201,La Marque à Ennevelin,Marque,ENNEVELIN,59,50.53205,3.128219,0.2405,0.05,0.022,5
E341210001,Le canal de la Deule à Wambrechies,Canal de la Deule,WAMBRECHIES,59,50.68829,3.054187,9.855,5.891,-10.0,12
E364121001,La Lys à Merville - VNF,La Lys,MERVILLE,59,50.639243,2.641127,,,,
E364121002,La Lys à Merville - DREAL,La Lys,MERVILLE,59,50.639294,2.641054,,,,
E364628201,Vieille Lys Aval à Merville,Vieille Lys Aval,MERVILLE,59,50.638349,2.645495,,,,
E365851301,La Bourre à Merville,Bourre,MERVILLE,59,50.647095,2.63391,2.3871,0.333,0.082,5
E365851401,Le canal d'Hazebrouck [La Bourre] à Merville [Pont à Loup],Canal d'Hazebrouck,MERVILLE,59,50.659157,2.614074,,,,
E366601601,La Lawe à la Gorgue,La Lawe,GORGUE,59,50.637236,2.704299,,,,
E366601801,Le becque de Steenwerck à Saint-Jans-Cappel [Grande Becque],Becque de Steenwerck,SAINT-JANS-CAPPEL,59,50.764495,2.719621,,,,
E366601901,Le Meteren Becque au Doulieu - La Méteren Becque au Doulieu,Meteren Becque,DOULIEU,59,50.678174,2.700545,,,,
E367125002,La Lys à Armentières - Station partenaire VNF,La Lys,ARMENTIERES,59,50.692899,2.897874,12.6517,5.039,2.748,15
E381126501,La Lys à Bousbecque,La Lys,BOUSBECQUE,59,50.775864,3.073796,26.1034,11.81,6.113,9
E400000101,Longue Becque à Renescure,Longue Becque,RENESCURE,59,50.716707,2.365471,0.1554,0.014,0.005,10
E490571002,L'Yser à Bambecque - RD 167,Yser,BAMBECQUE,59,50.897584,2.548093,2.6063,0.168,,3
E490571101,L'Yser à Bollezeele [Erkelsbrug],Yser,BOLLEZEELE,59,50.866202,2.348575,0.2868,0.015,0.001,24
E490700501,La Peene Becque à Ochtezeele,Peene Becque,OCHTEZEELE,59,50.816801,2.402207,0.4373,0.041,0.013,26
E490940501,L'Ey Becque à Steenvoorde,Ey Becque,STEENVOORDE,59,50.811623,2.585324,,,,
E490941401,L'Ey Becque à Houtkerque,Ey Becque,HOUTKERQUE,59,50.874993,2.606287,0.6699,0.054,0.038,14
H166000101,L'Aisne à Couloisy - Barrage (amont),L'Aisne,COULOISY,60,49.409613,3.028763,68.2103,24.169,11.315,6
H166000102,L'Aisne à Couloisy - Barrage (aval),L'Aisne,COULOISY,60,49.409659,3.028357,,,,
H168000301,[aisne] à Choisy-au-Bac,,CHOISY-AU-BAC,60,49.435875,2.87589,,,,
H168000302,[aisne] à Choisy-au-Bac - carandeau - station fille,,CHOISY-AU-BAC,60,49.430071,2.888087,,,,
H168000303,[aisne] à Choisy-au-Bac - Trosly-Breuil (Hérant) - station mère,,CHOISY-AU-BAC,60,49.409896,2.954642,66.5325,26.7,11.72,36
H168000401,L'Aisne à Trosly-Breuil [Hérant] - Barrage (amont),L'Aisne,TROSLY-BREUIL,60,49.410177,2.957985,66.9469,23.227,11.287,6
H168000402,L'Aisne à Trosly-Breuil [Hérant] - Barrage (aval),L'Aisne,TROSLY-BREUIL,60,49.410177,2.957985,,,,
H168000501,L'Aisne à Choisy-au-Bac [Carandeau] - Barrage (amont),L'Aisne,CHOISY-AU-BAC,60,49.431495,2.88775,69.8966,23.852,11.439,6
H168000502,L'Aisne à Choisy-au-Bac [Carandeau] - Barrage (aval),L'Aisne,CHOISY-AU-BAC,60,49.431519,2.887286,,,,
H168000601,L'Aisne à Rethondes,L'Aisne,RETHONDES,60,49.414225,2.938013,,,,
H200102201,L'Oise à Verberie - Barrage (amont),L'Oise,VERBERIE,60,49.324524,2.731044,102.2355,46.609,,1
H200102202,L'Oise à Verberie - Barrage (aval),L'Oise,VERBERIE,60,49.320365,2.728288,,,,
H204101101,L'Oise à Pont-Sainte-Maxence [Sarron] - Barrage (Amont),L'Oise,PONT-SAINTE-MAXENCE,60,49.308008,2.619592,102.6535,48.885,,1
H204101102,L'Oise à Pont-Sainte-Maxence [Sarron] - Barrage (Aval),L'Oise,PONT-SAINTE-MAXENCE,60,49.304955,2.612108,,,,
H208000104,L'Oise à Creil - Station débitmétrique (>2006),L'Oise,CREIL,60,49.254319,2.460442,105.1082,48.6,26.944,18
H740101001,L'Oise à Sempigny,L'Oise,SEMPIGNY,60,49.560397,2.986516,33.8715,14.583,8.028,70
H740382001,La Verse à Noyon,La Verse,NOYON,60,49.586044,2.992917,0.6962,0.434,0.296,17
H741321001,La Divette à Passel,La Divette,PASSEL,60,49.555792,2.963737,0.3141,0.143,0.088,32
H742101001,L'Oise au Plessis-Brion,L'Oise,PLESSIS-BRION,60,49.467636,2.89082,,,,
H742371002,L'Aronde à Clairoix,L'Aronde,CLAIROIX,60,49.441916,2.846021,0.9558,0.653,0.333,11
H742371003,L'Aronde à Clairoix - secours CT,L'Aronde,CLAIROIX,60,49.441928,2.846038,1.2395,0.935,,1
H742373502,L'Aronde à Gournay-sur-Aronde [Arsonval la féculerie] - Gournay sur Aronde (Arsonval la Fuculerie),L'Aronde,GOURNAY-SUR-ARONDE,60,49.48318,2.690829,0.6575,0.467,0.355,6
H750101001,L'Oise à Venette,L'Oise,VENETTE,60,49.413943,2.805782,220.3591,130.064,,
H750101002,L'Oise à Jaux,L'Oise,JAUX,60,49.38609,2.778418,,,,
H750101003,L'Oise à Venette - Barrage (amont) - [VNF],L'Oise,VENETTE,60,49.416122,2.813985,,,,
H750101004,L'Oise à Venette - Barrage (aval) - [VNF],L'Oise,VENETTE,60,49.413265,2.803002,,,,
H751301001,L'Automne à Saintines,L'Automne,SAINTINES,60,49.306823,2.774263,1.9686,1.579,1.185,54
H751303001,L'Automne à Vauciennes,L'Automne,VAUCIENNES,60,49.241684,3.033845,0.1954,0.126,0.096,37
H751361001,La Sainte-Marie à Glaignes,Rivière Sainte-Marie,GLAIGNES,60,49.271109,2.849979,0.6502,0.491,0.415,37
H760201001,La Breche à Nogent-sur-Oise,La Breche,NOGENT-SUR-OISE,60,49.28753,2.461385,2.1965,1.613,1.166,49
H770201001,Le Therain à Bonnières,Le Therain,BONNIERES,60,49.50647,1.966195,1.6307,1.161,0.89,56
H771301001,Le Petit Therain à Saint-Omer-en-Chaussée,Le Petit Therain,SAINT-OMER-EN-CHAUSSEE,60,49.528796,1.999087,1.513,1.161,0.928,55
H773301001,L'Avelon à Goincourt,L'Avelon,GOINCOURT,60,49.430446,2.056236,1.03,0.419,0.236,43
H774201001,Le Therain à Beauvais,Le Therain,BEAUVAIS,60,49.42612,2.083987,5.4369,3.79,2.965,55
H774202001,Le Therain à Maysel,Le Therain,MAYSEL,60,49.261958,2.378067,7.864,5.3,3.468,57
H781301002,La Nonette à Courteuil [Saint-Nicolas d'Acy],La Nonette,COURTEUIL,60,49.199364,2.553632,1.2773,1.065,,2
H781321001,La Launette à Ver-sur-Launette,La Launette,VER-SUR-LAUNETTE,60,49.103262,2.688016,0.1271,0.045,0.035,31
H784301001,L'Esches à Bornel,L'Esches,BORNEL,60,49.197689,2.208873,0.6635,0.491,0.401,33
H602021010,La Risle à Rai,La Risle,RAI,61,48.748705,0.581562,1.4167,0.612,0.448,56
H610041010,La Charentonne à Bocquencé,La Charentonne,BOCQUENCE,61,48.848857,0.482099,0.5345,0.163,0.11,36
I101101001,La Touques à Mardilly,La Touques,MARDILLY,61,48.831352,0.277871,0.7766,0.335,0.233,27
I200101001,La Dives à Saint-Lambert-sur-Dive,La Dives,SAINT-LAMBERT-SUR-DIVE,61,48.815551,0.074484,0.4726,0.104,0.036,45
I200101101,L'Orne à Belfonds,L'Orne,BELFONDS,61,48.626638,0.13211,0.4894,0.147,0.097,8
I210201001,La Vie à Guerquesalles [Les Longs Champs],La Vie,GUERQUESALLES,61,48.904104,0.212137,0.4947,0.253,0.182,26
I223000101,L'Orne à Rabodanges [EDF],L'Orne,RABODANGES,61,48.787964,-0.296931,8.0727,1.857,0.77,62
I248000101,La Vère à Athis-de-l'Orne [Le Pont Grat],La Vere,ATHIS-VAL DE ROUVRE,61,48.807019,-0.541797,1.4202,0.377,,4
I303101001,L'Orne à Argentan,L'Orne,ARGENTAN,61,48.742942,-0.024656,,,,
I303301001,L'Ure au Bourg-Saint-Léonard,L'Ure,BOURG-SAINT-LEONARD,61,48.753797,0.100119,0.5188,0.061,0.032,30
I310301001,La Cance à Tanques [La Noé],La Cance,TANQUES,61,48.692654,-0.083336,0.8317,0.087,0.031,28
I311301001,L'Udon à Écouché,L'Udon,ECOUCHE-LES-VALLEES,61,48.714963,-0.12848,1.4242,0.217,0.052,28
I312101002,L'Orne à la Courbe [Pont RD 776] - Amont,L'Orne,COURBE,61,48.747728,-0.184957,7.3663,1.639,0.667,7
I330202001,La Rouvre à Saint-Hilaire-de-Briouze [Le Tranchot],La Rouvre,SAINT-HILAIRE-DE-BRIOUZE,61,48.683669,-0.322226,0.7299,0.118,0.057,8
I335201001,La Rouvre à Ségrie-Fontaine [Maison de la Rivière],La Rouvre,SEGRIE-FONTAINE,61,48.811727,-0.397977,3.3968,0.509,0.181,26
I342201001,Le Noireau à Saint-Pierre-d'Entremont,Le Noireau,SAINT-PIERRE-D'ENTREMONT,61,48.801098,-0.636385,1.8888,0.443,0.17,26
I346201001,Le Noireau à Cahan [Les Planches - CD 911],Le Noireau,CAHAN,61,48.866813,-0.438439,6.9481,1.292,0.476,28
M001061001,La Sarthe au Mêle-sur-Sarthe,la Sarthe,MELE-SUR-SARTHE,61,48.509211,0.357906,,,,
M001411001,L'Hoëne à la Mesnière [La Foulerie],l'Hoëne,MESNIERE,61,48.547709,0.44057,0.6046,0.346,0.227,42
M003000302,La Vézone aux Ventes-de-Bourse - Voie verte,la Vézone,VENTES-DE-BOURSE,61,48.493791,0.231331,1.0367,0.09,0.033,5
M004061001,La Sarthe à Alençon,la Sarthe,ALENCON,61,48.435379,0.115348,,,,
M005061020,La Sarthe à Saint-Céneri-le-Gérei - Moulin-du-Désert,la Sarthe,SAINT-CENERI-LE-GEREI,61,48.38568,-0.023208,7.0739,1.47,0.668,46
M006435001,Le Sarthon à la Roche-Mabile,le Sarthon,ROCHE-MABILE,61,48.49367,-0.050292,1.2784,0.18,,2
M030151001,L'Huisne à Réveillon [Moulin de Réveillon],l'Huisne,REVEILLON,61,48.470308,0.56397,0.545,0.257,0.196,28
M031000101,La Commeauche à Maison-Maugis - Les Planches,la Commeauche,MAISON-MAUGIS,61,48.453428,0.704721,,,,
M032151001,L'Huisne à Rémalard,l'Huisne,REMALARD EN PERCHE,61,48.426455,0.769744,,,,
M032151101,L'Huisne à Dorceau,l'Huisne,DORCEAU,61,48.419994,0.801692,4.0023,2.187,1.615,12
M033000101,"La Corbionne à Bretoncelles - lieu dit ""le carrefour""",la Corbionne,BRETONCELLES,61,48.403801,0.871039,0.995,0.511,0.392,12
M310301001,La Varenne à Domfront,la Varenne,DOMFRONT EN POIRAIE,61,48.587682,-0.66198,2.8698,0.656,0.281,45
M313301010,La Varenne à Saint-Fraimbault [Moulin Crinais],la Varenne,SAINT-FRAIMBAULT,61,48.497302,-0.675493,7.5627,1.776,0.673,33
E156601001,La Sensée à Étaing,Sensée,ETAING,62,50.2785,2.995151,1.7043,1.321,1.033,26
E201000501,La Scarpe à Anzin-Saint-Aubin,Rivière Scarpe,ANZIN-SAINT-AUBIN,62,50.311499,2.72093,1.9445,1.626,,
E207111003,La Scarpe canalisée à Brebières - Station partenaire VNF,La Scarpe Canalisée,BREBIERES,62,50.334505,3.032066,4.9683,3.598,0.999,7
E301000301,Le Souchez à Courrières - Station partenaire VNF,Souchez,COURRIERES,62,50.456879,2.936475,1.6174,1.182,,2
E301000401,Le Souchez à Angres,Souchez,ANGRES,62,50.40228,2.758103,0.1619,0.118,,
E351121001,La Lys à Lugy,La Lys,LUGY,62,50.522544,2.173774,1.0828,0.64,0.444,52
E351122001,La Lys à Delettes,La Lys,DELETTES,62,50.618625,2.215236,2.0253,1.1,0.736,51
E351601002,Le Surgeon à Cambrin - [VNF],Surgeon,CAMBRIN,62,50.512099,2.745032,0.1532,0.035,,
E351851001,La Laquette à Witternesse,Laquette,WITTERNESSE,62,50.61252,2.36078,0.5683,0.236,0.093,36
E351851201,La Lys à Lisbourg,La Lys,LISBOURG,62,50.507689,2.216953,,,,
E351851301,La Lys à Aire-sur-la-Lys [Amont],La Lys,AIRE-SUR-LA-LYS,62,50.640882,2.389327,,,,
E351851401,La Lys à Aire-sur-la-Lys - Lys au déversoir de l'Oduel,La Lys,AIRE-SUR-LA-LYS,62,50.643172,2.383953,,,,
E351851501,La Traxenne à Fruges - La Traxenne à Fruges,Traxenne,FRUGES,62,50.518996,2.121648,,,,
E351851601,Le bras de décharge de la Lys Oduel à Aire-sur-la-Lys,bras de décharge de la lys oduel,AIRE-SUR-LA-LYS,62,50.642994,2.390235,,,,
E361121001,La Lys à Aire-sur-la-Lys,La Lys,AIRE-SUR-LA-LYS,62,50.646554,2.435117,4.6591,1.914,0.909,5
E362000101,Laque bras Est à Aire-sur-la-Lys [Houleron],Laque Bras Est,AIRE-SUR-LA-LYS,62,50.637334,2.471453,,,,
E363121001,[La Lys] à Saint-Venant - VNF,,SAINT-VENANT,62,50.625971,2.550419,,,,
E363121002,[La Lys] à Saint-Venant - DREAL,,SAINT-VENANT,62,50.625993,2.55047,,,,
E363121101,Guarbecque à Saint-Venant,Guarbecque,SAINT-VENANT,62,50.624728,2.549493,,,,
E364621001,La Clarence à Robecq,La Clarence,ROBECQ,62,50.59452,2.565962,1.1515,0.606,0.318,48
E364628001,La Clarence à Marles-les-Mines,La Clarence,MARLES-LES-MINES,62,50.493611,2.499156,0.759,0.417,0.277,16
E366060002,La Lawe à Bruay-la-Buissière,La Lawe,BRUAY-LA-BUISSIERE,62,50.486717,2.544466,1.1182,0.611,0.416,11
E366600501,La Lawe à Houdain,La Lawe,HOUDAIN,62,50.449276,2.526435,0.3632,0.203,0.146,15
E366601001,La Lawe à Béthune,La Lawe,BETHUNE,62,50.539491,2.637101,1.4985,0.938,0.556,14
E366601701,Le Courant Frenelet à Laventie,courant frenelet,LAVENTIE,62,50.594713,2.776671,,,,
E403000101,L'Aa à Arques - Station partenaire VNF,fleuve l'aa,ARQUES,62,50.744083,2.295057,,,,
E403571003,L'Aa à Wizernes - Passerelle,Rivière Aa,WIZERNES,62,50.70878,2.230659,6.9975,3.73,,3
E403572001,L'Aa à Fauquembergues,Rivière Aa,FAUQUEMBERGUES,62,50.604846,2.09886,2.2076,1.239,0.748,28
E403653001,Le Bléquin à Lumbres,Blequin,LUMBRES,62,50.702957,2.119238,1.1421,0.598,0.401,29
E403653301,L'Aa à Elnes,Rivière Aa,ELNES,62,50.691989,2.127754,3.7009,1.945,1.211,10
E403653401,L'Aa à Blendecques - Station partenaire SmageAa,Rivière Aa,BLENDECQUES,62,50.714998,2.263249,,,,
E430601001,La Hem à Tournehem-sur-la-Hem [Guémy],rivière la hem,TOURNEHEM-SUR-LA-HEM,62,50.80055,2.029736,1.583,0.605,0.292,55
E430602001,La Hem à Recques-sur-Hem,rivière la hem,RECQUES-SUR-HEM,62,50.833559,2.086593,2.114,0.802,0.345,18
E510571001,La Slack à Rinxent,Slack,RINXENT,62,50.799965,1.729228,0.6172,0.107,0.049,31
E510821201,La Slack à Ambleteuse - Station partenaire SYMSAGEB,Slack,AMBLETEUSE,62,50.801704,1.627597,2.1661,0.418,0.223,6
E520571001,Le Wimereux à Wimille,Wimereux,WIMILLE,62,50.764176,1.629564,1.0713,0.176,0.075,45
E520571202,Le Wimereux à Pittefaux - Station partenaire SYMSAGEB,Wimereux,PITTEFAUX,62,50.755274,1.683479,1.0165,0.1,0.022,6
E530021001,La Liane à Wirwignes,La Liane,WIRWIGNES,62,50.681204,1.76758,1.9062,0.562,0.298,52
E530021301,La Liane à Selles - Station partenaire SYMSAGEB,La Liane,SELLES,62,50.703328,1.873947,1.1302,0.389,0.26,6
E531022001,La Liane à Isques [La Liane à Isques],La Liane,ISQUES,62,50.680733,1.633298,4.1792,1.099,0.461,12
E531022201,[La rivière de Belle-Isle] à Saint-Léonard - Station partenaire Ville de Saint-Léonard,,SAINT-LEONARD,62,50.69417,1.62664,0.3122,0.063,,1
E531022202,[La rivière de Belle-Isle] à Saint-Léonard,,SAINT-LEONARD,62,50.69417,1.62664,,,,
E540031001,La Canche à Brimeux,La Canche,BRIMEUX,62,50.448083,1.830794,12.325,9.354,7.068,63
E540651001,La Ternoise à Hesdin,Ternoise,HESDIN,62,50.379625,2.037409,4.5542,3.392,2.616,55
E540651601,La Canche à Ligny-sur-Canche,La Canche,LIGNY-SUR-CANCHE,62,50.28261,2.257172,1.9793,1.587,,1
E540651901,La Ternoise à Teneur,Ternoise,TENEUR,62,50.450919,2.233034,3.1135,2.595,,1
E541000101,La Course à Estrée,Course ou Canche,ESTREE,62,50.49954,1.788507,3.1009,1.793,1.411,11
E541000401,La Canche à Beutin,La Canche,BEUTIN,62,50.490121,1.724016,,,,
E541000501,La Canche à Étaples,La Canche,ETAPLES,62,50.512366,1.635504,,,,
K051301001,L'Ance à Sauvessanges,l'Ance,SAUVESSANGES,63,45.379852,3.891374,2.7337,1.088,0.497,44
K262301001,La Couze d'Ardes à Madriat,la Couze d'Ardes,MADRIAT,63,45.430177,3.19018,1.387,0.385,0.147,24
K262302001,La Couze d'Ardes [dérivation] à Madriat,la Couze d'Ardes,MADRIAT,63,45.430629,3.189031,0.1807,0.061,0.03,21
K263031001,L'Eau Mère à Parentignat,,PARENTIGNAT,63,45.534824,3.293182,1.3114,0.346,0.092,13
K264401001,L'Ailloux à Manglieu [Lavaur],l'Ailloux,MANGLIEU,63,45.62282,3.358058,0.5929,0.09,0.014,54
K265401001,La Couze Pavin à Saint-Floret,,SAINT-FLORET,63,45.550765,3.11117,4.4922,1.6,0.82,73
K265401101,La Couze [de Valbeleix] à Valbeleix [La Valette],la Couze,VALBELEIX,63,45.491461,3.003674,1.5319,0.554,0.267,5
K267401001,La Couze Chambon à Montaigut-le-Blanc [Champeix],la Couze Chambon,MONTAIGUT-LE-BLANC,63,45.587385,3.104703,2.5009,0.993,0.587,60
K267404002,La Couze Chambon à Murol [aval Lac] - Pont accès camping,la Couze Chambon,MUROL,63,45.571717,2.929996,1.3166,0.546,0.322,16
K268081001,L'Allier à Vic-le-Comte,l'Allier,VIC-LE-COMTE,63,45.660948,3.201914,64.3357,18.857,8.35,56
K268082001,L'Allier à Coudes,l'Allier,COUDES,63,45.615016,3.210562,51.0651,17.753,13.447,34
K269821001,L'Auzon à la Roche-Blanche,l'Auzon,ROCHE-BLANCHE,63,45.698352,3.130228,0.2336,0.14,0.107,26
K269821201,La Monne à Saint-Saturnin - RD28,la Monne,SAINT-SATURNIN,63,45.651129,3.084241,0.687,0.44,,
K270081010,L'Allier à Pont-du-Château,l'Allier,PONT-DU-CHATEAU,63,45.79719,3.259932,,,,
K271401002,Le Jauron à Beauregard-l'Évêque [Saint-Aventin],le Jauron,BEAUREGARD-L'EVEQUE,63,45.813711,3.280298,0.4758,0.22,,2
K272422201,L'Artière à Ceyrat,l'Artière,CEYRAT,63,45.746448,3.066367,,,,
K275301002,La Morge à Montcel - Amont pont RD 122,la Morge,MONTCEL,63,46.024507,3.056969,0.6963,0.227,0.054,8
K276311001,Le Bédat à Cébazat [La Maison Rouge],le Bedat,CEBAZAT,63,45.82453,3.111798,0.3355,0.189,0.109,33
K276701001,[La Pâle] à Marsat,,MARSAT,63,45.87769,3.074969,0.0483,0.042,0.035,14
K277312001,Le Bédat à Saint-Laure,le Bedat,SAINT-LAURE,63,45.899993,3.29248,1.7939,0.952,0.63,25
K277471001,[Le Gargouilloux] à Malauzat [Moulin de la Fouille],,MALAUZAT,63,45.880963,3.066877,0.0149,0.005,0.002,12
K277801002,Le Saint-Genest à Malauzat [Saint-Genest-l'Enfant],,MALAUZAT,63,45.878865,3.068009,0.0689,0.044,0.011,24
K278301001,La Morge à Maringues [Côte Rouge],la Morge,MARINGUES,63,45.908717,3.31336,3.8985,1.712,0.953,53
K279081001,L'Allier à Limons,l'Allier,LIMONS,63,45.969472,3.447805,68.4756,23.3,14.3,49
K282191001,La Dore à Dore-l'Église,la Dore,DORE-L'EGLISE,63,45.382331,3.745574,1.0332,0.239,0.072,31
K283401001,La Dolore à Saint-Bonnet-le-Chastel [Moulin Neuf],la Dolore,SAINT-BONNET-LE-CHASTEL,63,45.446566,3.630635,1.1046,0.39,0.117,52
K285191001,La Dore à Ambert,la Dore,AMBERT,63,45.543775,3.730212,4.7544,1.166,0.278,27
K285191002,La Dore à Ambert - SAC - Ancienne,la Dore,AMBERT,63,45.550607,3.730559,,,,
K287191001,La Dore à Saint-Gervais-sous-Meymont [Maison du Parc/Giroux-Dore],la Dore,SAINT-GERVAIS-SOUS-MEYMONT,63,45.689344,3.610453,10.7974,3.4,1.094,105
K288401001,La Faye à Olliergues [Giroux-Faye],la Faye,OLLIERGUES,63,45.702128,3.594195,1.5864,0.675,0.333,57
K294401001,Le Couzon à Courpière [Le Salet],le Couzon,COURPIERE,63,45.744748,3.566473,1.2662,0.457,0.242,55
K296000201,La Jalonne à Celles-sur-Durolle,la Jalonne,CELLES-SUR-DUROLLE,63,45.884805,3.669651,,,,
K297031001,La Durolle à Celles-sur-Durolle [Pont de Chazeau],la Durolle,CELLES-SUR-DUROLLE,63,45.867168,3.631873,1.9634,0.571,0.152,9
K298191001,La Dore à Dorat,la Dore,DORAT,63,45.891176,3.477694,18.5793,6.177,2.131,33
K298191101,Le Dorson à Thiers,le Dorson,THIERS,63,45.8688,3.515366,,,,
K299401001,[La Credogne] à Puy-Guillaume,,PUY-GUILLAUME,63,45.964081,3.473548,1.1448,0.327,0.095,27
K299401301,Le Creuzier [Le CREUZIER] à Saint-Victor-Montvianeix,le Creuzier,SAINT-VICTOR-MONTVIANEIX,63,45.941239,3.607535,,,,
K302000101,Le Buron à Saint-Denis-Combarnazat - Le Moulin Chauffour - RD 107,le Buron,SAINT-DENIS-COMBARNAZAT,63,45.991035,3.363476,0.7092,0.502,,
K320601002,Le Ceyssat à Ceyssat - Pont,le Ceyssat,CEYSSAT,63,45.761393,2.893758,0.1786,0.144,0.12,13
K322021001,La Sioule à Gelles [La Miouze],la Sioule,GELLES,63,45.76634,2.830484,4.2203,1.681,0.943,13
K322201001,La Sioule à Pontgibaud,la Sioule,PONTGIBAUD,63,45.833237,2.849048,6.0453,2.29,1.195,57
K326401002,La Saunade à Pontaumur,la Saunade,PONTAUMUR,63,45.870797,2.674016,1.0323,0.197,0.042,8
K327301001,Le Sioulet à Miremont [La Prugne],le Sioulet,MIREMONT,63,45.886123,2.703454,5.6925,1.35,0.347,39
K329202001,La Sioule à Saint-Priest-des-Champs [Fades-Besserve EDF - QNR],la Sioule,SAINT-PRIEST-DES-CHAMPS,63,45.973693,2.795363,17.7967,5.4,1.835,100
K330201001,La Sioule à Châteauneuf-les-Bains,la Sioule,CHATEAUNEUF-LES-BAINS,63,46.029648,2.901437,16.234,4.59,3.242,35
P001001001,La Dordogne à Saint-Sauves-d'Auvergne,La Dordogne,SAINT-SAUVES-D'AUVERGNE,63,45.603631,2.687352,3.5675,1.69,0.956,95
P009000201,Le Chavanon à Messeix [EDF - La Celette],Le Chavanon,MESSEIX,63,45.639049,2.507096,6.2728,1.94,0.725,62
P011501001,Le Burande à la Tour-d'Auvergne,Ruisseau la Burande,TOUR-D'AUVERGNE,63,45.528637,2.696383,0.9581,0.425,0.201,64
P011501101,Le Burande à Singles [EDF - ru de Burons],Ruisseau la Burande,SINGLES,63,45.542033,2.548444,2.9308,0.901,0.303,63
P021251001,Le ruisseau Grande Rhue à Égliseneuve-d'Entraigues,rivière la rhue,EGLISENEUVE-D'ENTRAIGUES,63,45.408752,2.830232,1.6465,0.57,0.234,57
P061000201,[Fontaine salée] à Chastreix [La Morangie],,CHASTREIX,63,45.496555,2.778043,0.326,0.104,0.057,8
Q132401001,Le Gabas à Poursiugues-Boucoue,Le Gabas,POURSIUGUES-BOUCOUE,64,43.554631,-0.351557,2.2665,0.41,0.087,58
Q335401001,Le Luy du Béarn à Saint-Médard,Le Luy du Béarn,SAINT-MEDARD,64,43.529796,-0.619116,4.4233,0.492,0.219,56
Q485000101,L'Ouzom à Asson,L'Ouzom,ASSON,64,43.140668,-0.251064,6.4074,2.283,1.247,8
Q502101001,Le Gave de Pau à Nay,Gave de Pau,NAY,64,43.178594,-0.260296,37.466,13.702,5.168,20
Q515000201,Le ruisseau de l'Ousse à Bizanos,Ruisseau de l'Ousse,BIZANOS,64,43.291866,-0.357916,1.6941,0.349,,
Q523101001,Le Gave de Pau à Artiguelouve,Gave de Pau,ARTIGUELOUVE,64,43.318782,-0.453304,68.7071,35.445,22.148,26
Q542102001,Le Gave de Pau à Orthez,Gave de Pau,ORTHEZ,64,43.485374,-0.774417,80.6463,41.222,23.599,20
Q610291001,Le Gave d'Oloron [Le Gave d'Ossau] à Laruns,Gave d'Oloron,LARUNS,64,42.99359,-0.419928,5.0022,2.385,,1
Q614292002,Le Gave d'Oloron [Le Gave d'Ossau] à Oloron-Sainte-Marie - Quartier Sestiaa,Gave d'Oloron,OLORON-SAINTE-MARIE,64,43.191761,-0.60471,20.6585,7.572,4.283,10
Q620251001,Le Gave d'Aspe à Urdos,Gave d'Aspe,URDOS,64,42.877646,-0.558519,,,,
Q633252001,Le Gave d'Aspe à Osse-en-Aspe [Bedous],Gave d'Aspe,OSSE-EN-ASPE,64,42.999564,-0.604646,19.3125,9.072,,3
Q633252101,Le Gave d'Aspe à Escot [EDF -Pont d'Escot débit reconstitué],Gave d'Aspe,ESCOT,64,43.07161,-0.606254,23.6031,9.58,4.824,76
Q650251001,Le Gave d'Aspe à Bidos,Gave d'Aspe,BIDOS,64,43.178296,-0.604546,30.7496,11.701,6.748,12
Q700291001,Le Gave d'Oloron à Oloron-Sainte-Marie [Pont SNCF],Gave d'Oloron,OLORON-SAINTE-MARIE,64,43.199545,-0.608088,50.9743,21.1,11.59,113
Q724252001,Le Saison à Licq-Athérey [Pont de Licq],Le Saison,LICQ-ATHEREY,64,43.066445,-0.876717,17.8208,5.823,2.709,14
Q732252001,Le Saison à Mauléon-Licharre - Pont du collège,Le Saison,MAULEON-LICHARRE,64,43.22228,-0.88757,22.9459,6.607,3.483,16
Q741291001,Le Gave d'Oloron à Escos,Gave d'Oloron,ESCOS,64,43.440914,-0.993192,99.0089,34.7,17.965,76
Q741291002,Le Gave d'Oloron à Escos - Ancienne station crues,Gave d'Oloron,ESCOS,64,43.440449,-0.993828,95.945,33.067,16.653,17
Q743000201,Le Saleys à Salies-de-Béarn,Le Saleys,SALIES-DE-BEARN,64,43.468982,-0.938051,2.1335,0.322,,1
Q803251001,La Bidouze à Aïcirits-Camou-Suhast [Saint-Palais],La Bidouze,AICIRITS-CAMOU-SUHAST,64,43.334342,-1.027919,5.361,0.754,0.332,55
Q834591001,L'Hasquette [Mendialçu] à Hasparren,Ruisseau Hasquette,HASPARREN,64,43.410056,-1.308951,0.5081,0.147,0.098,12
Q902000101,La Nive à Saint-Jean-Pied-de-Port,La Nive,SAINT-JEAN-PIED-DE-PORT,64,43.161942,-1.236182,5.8243,1.977,,
Q910251001,La Nive à Ossès,La Nive,OSSES,64,43.230308,-1.301413,21.7354,7.485,4.328,26
Q916461001,La Nive des Aldudes à Saint-Étienne-de-Baïgorry,La Nive des Aldudes,SAINT-ETIENNE-DE-BAIGORRY,64,43.1841,-1.336809,6.8602,2.63,1.697,65
Q931251001,La Nive à Cambo-les-Bains,La Nive,CAMBO-LES-BAINS,64,43.356674,-1.390461,28.9702,9.939,6.493,26
Q933251001,La Nive à Villefranque,La Nive,VILLEFRANQUE,64,43.432791,-1.45686,,,,
Q935001001,L'Adour à Anglet [Convergent],L'Adour,ANGLET,64,43.527353,-1.514822,,,,
Q935002001,L'Adour à Bayonne [Lesseps] - Lesseps,L'Adour,BAYONNE,64,43.497579,-1.479417,,,,
Q935251001,La Nive à Bayonne [Pont Blanc] - Pont-Blanc,La Nive,BAYONNE,64,43.477828,-1.472383,,,,
S514401001,La Nivelle à Saint-Pée-sur-Nivelle [Pont de Cherchebruit],La Nivelle,SAINT-PEE-SUR-NIVELLE,64,43.321469,-1.549937,4.7759,1.481,0.837,36
S514402001,La Nivelle à Saint-Pée-sur-Nivelle [Lurberria],La Nivelle,SAINT-PEE-SUR-NIVELLE,64,43.313457,-1.533052,,,,
S516001001,La Nivelle à Ciboure,La Nivelle,CIBOURE,64,43.38477,-1.663983,,,,
O011000101,Neste de Couplan à Aragnouet [EDF - Les Edelweiss] - Neste de Cap de Long,Neste de Couplan,ARAGNOUET,65,42.818068,0.118355,0.2542,0.029,0.012,75
O012622101,La Neste de Rioumajou à Tramezaïgues [EDF -Maison Blanche],Neste de Rioumajou,TRAMEZAIGUES,65,42.792046,0.299401,2.0834,0.716,0.41,75
O013402001,La Neste à Saint-Lary-Soulan,La Neste,SAINT-LARY-SOULAN,65,42.81416,0.317291,,,,
O014402001,La Neste à Arreau [Aure],La Neste,ARREAU,65,42.905853,0.357604,11.5736,6.461,4.077,33
O015431001,La Neste du Louron à Loudenvielle,La Neste du Louron,LOUDENVIELLE,65,42.811507,0.408781,,,,
O016434001,La Neste du Louron à Arreau [Louron],La Neste du Louron,ARREAU,65,42.904687,0.360054,6.2059,4.834,4.465,13
O017402501,La Neste à Sarrancolin [Basse Neste],La Neste,SARRANCOLIN,65,42.960785,0.380632,10.7668,4.555,4.258,7
O017402601,Le canal de la Neste à Beyrède-Jumet [Sarrancolin],Canal de la Neste,BEYREDE-JUMET,65,42.962065,0.380011,6.95,5.25,0.92,37
O017402701,La Neste à Sarrancolin [EDF - Beyrède] - La Neste d'Aure,La Neste,SARRANCOLIN,65,42.956531,0.380714,18.5063,11.2,7.64,62
O017402801,La Neste à Arreau [Aval confluence Lourron],La Neste,ARREAU,65,42.907401,0.358244,15.4313,9.694,,3
O017402901,La Neste à Beyrède-Jumet [EDF - Beyrède résiduel],La Neste,BEYREDE-JUMET,65,42.954481,0.379497,4.3858,2.418,,
O017403001,Le ruisseau de Cautères à Ilhet - Baricave,ruisseau de baricave,ILHET,65,42.963882,0.38209,,,,
O018000301,Le ruisseau de Larise à Générest - Plan de Pouts,Ruisseau de Larise,GENEREST,65,43.024868,0.526907,0.2026,0.12,,
O240000101,La Save [Prise générale] à Lannemezan,La Save,LANNEMEZAN,65,43.099976,0.406676,1.1411,0.505,,3
O270000201,La Gimone [Prise] à Monléon-Magnoac,La Gimone,MONLEON-MAGNOAC,65,43.240569,0.552462,0.4524,0.295,0.002,23
O270000301,L'Arrats [Prise] à Monléon-Magnoac,L'Arrats,MONLEON-MAGNOAC,65,43.240986,0.551435,0.3078,0.152,0.0,25
O620000101,Le Gers [Prise générale] à Lannemezan,Le Gers,LANNEMEZAN,65,43.104631,0.40266,1.0743,0.7,0.006,21
O650251001,La Baïse à Trie-sur-Baïse,La Baïse,TRIE-SUR-BAISE,65,43.321785,0.37491,3.9951,1.709,,
O650251201,La Baïse Devant [Baïse Darré] à Lannemezan,,LANNEMEZAN,65,43.104244,0.354607,0.9515,0.62,0.014,28
O656431201,La Baïse [Baïse Orientale] à Lannemezan,La Baïse,LANNEMEZAN,65,43.10821,0.38324,0.3056,0.1,0.001,23
Q000002001,L'Adour à Campan [Payolle],L'Adour,CAMPAN,65,42.943476,0.277981,,,,
Q010001001,L'Adour [Adour seul] à Asté [Pont d'Asté],L'Adour,ASTE,65,43.037375,0.163568,7.9158,4.103,2.517,112
Q010003001,L'Adour à Bagnères-de-Bigorre,L'Adour,BAGNERES-DE-BIGORRE,65,43.061265,0.155266,8.4761,4.805,2.618,12
Q010511001,L'Adour [Canal d'Asté] à Asté [Canal d'Asté],L'Adour,ASTE,65,43.037624,0.164832,0.8278,0.579,0.285,72
Q011571001,L'Oussouet à Trébons,L'Oussouet,TREBONS,65,43.090093,0.102985,0.9912,0.512,0.311,48
Q012006002,L'Adour à Tarbes,L'Adour,TARBES,65,43.231731,0.088685,8.7751,4.044,2.336,43
Q012501001,L'Adour [prise sur l'Adour] à Hiis,L'Adour,HIIS,65,43.139559,0.097297,0.7283,0.585,0.476,24
Q013003001,L'Adour à Maubourguet,L'Adour,MAUBOURGUET,65,43.470656,0.035542,10.9853,4.098,1.55,11
Q021401001,L'Echez à Louey,L'Echez,LOUEY,65,43.175522,0.022191,1.4334,0.513,0.31,57
Q022402001,L'Echez à Bordères-sur-l'Échez,L'Echez,BORDERES-SUR-L'ECHEZ,65,43.259043,0.045,2.9795,1.515,1.006,53
Q022403001,Le canal du Moulin [L'Echez] à Maubourguet,Canal du Moulin,MAUBOURGUET,65,43.465707,0.029704,5.0154,1.233,0.576,8
Q022501001,La Gespe à Tarbes [Route de Lourdes],La Gespe,TARBES,65,43.216478,0.054994,0.7986,0.594,0.434,27
Q022501101,L'Echez à Tarbes,L'Echez,TARBES,65,43.237288,0.048675,2.766,1.044,0.728,12
Q028003001,L'Adour à Estirac,L'Adour,ESTIRAC,65,43.498162,0.028681,15.4261,5.675,2.776,54
Q028003101,[Canal de Sombrun] à Maubourguet [Prise],,MAUBOURGUET,65,43.474997,0.03004,0.391,0.219,,4
Q036001001,L'Adour à Hères [Ju Belloc],L'Adour,HERES,65,43.562689,0.000119,16.8475,5.121,2.425,23
Q036001301,Le ruisseau du Vieil-Adour à Estirac [Prise],Ruisseau du Vieil-Adour,ESTIRAC,65,43.499379,0.027394,,,,
Q036001401,[Le canal de Sombrun] à Estirac [Restitution],,ESTIRAC,65,43.498591,0.024753,0.1388,0.076,,4
Q041401001,Le Louet à Sombrun,Le Louet,SOMBRUN,65,43.481353,-0.02374,1.0234,0.185,0.057,52
Q043501001,Le ruisseau de Layza à Villefranque,Ruisseau de Layza,VILLEFRANQUE,65,43.498798,0.012483,0.6348,0.343,0.221,43
Q052253001,L'Arros à Tournay,L'Arros,TOURNAY,65,43.18408,0.241107,4.7391,1.373,0.869,17
Q055401001,L'Arrêt-Darré à Vielle-Adour,L'Arrêt-Darré,VIELLE-ADOUR,65,43.140329,0.152813,0.1626,0.01,0.0,45
Q440000101,Le Gave de Pau à Esquièze-Sère [Pescadères],Gave de Pau,ESQUIEZE-SERE,65,42.8855,-0.015968,,,,
Q440000102,Le Gave de Pau à Esquièze-Sère [Pescadères] - Pescadères - Station EDF,Gave de Pau,ESQUIEZE-SERE,65,42.885403,-0.015902,7.2091,4.709,,
Q440000201,Le Gave de Pau à Sassis [EDF - Pescadères],Gave de Pau,SASSIS,65,42.885573,-0.016029,19.3212,10.854,6.545,63
Q454000101,Le Gave de Cauterets à Cauterets [La Raillère] - La Raillère - Station EDF,Gave de Cauterets,CAUTERETS,65,42.878493,-0.110118,,,,
Q467000201,Le Gave d'Azun à Arras-en-Lavedan [EDF - Arras-Nouaux],Gave d'Azun,ARRAS-EN-LAVEDAN,65,42.98229,-0.143706,7.8319,4.289,2.187,55
Q470101001,Le Gave de Pau à Argelès-Gazost,Gave de Pau,ARGELES-GAZOST,65,43.005185,-0.081382,35.54,17.853,12.043,21
Q476102001,Le Gave de Pau à Lourdes - Paradis,Gave de Pau,LOURDES,65,43.093929,-0.053354,52.4233,23.694,,
Q476102003,Le Gave de Pau à Lourdes - Saint-Michel,Gave de Pau,LOURDES,65,43.098176,-0.05117,41.6771,21.811,16.495,8
Q480101001,Le Gave de Pau à Saint-Pé-de-Bigorre [Rieulhes],Gave de Pau,SAINT-PE-DE-BIGORRE,65,43.102554,-0.143065,45.5111,25.791,16.631,65
Y000401001,El Segre à Saillagouse [Ro],el Segre,SAILLAGOUSE,66,42.459737,2.020053,0.397,0.188,0.105,29
Y001522101,El Segre à Bourg-Madame,el Segre,BOURG-MADAME,66,42.434064,1.945139,0.9479,0.559,,2
Y002501001,Le Riu Rahur [L'Angoustrine] à Angoustrine-Villeneuve-des-Escaldes,Riu Rahur,ANGOUSTRINE-VILLENEUVE-DES-ESCALDES,66,42.488382,1.963378,1.1198,0.314,0.153,36
Y003000201,Le riu Llavanera à Valcebollère - Valcebollère,Riu Llavanera,VALCEBOLLERE,66,42.37973,2.065107,,,,
Y004501001,Le Riu de Quérol à Porta [Carol],Riu de Querol,PORTA,66,42.496003,1.847338,3.2374,1.119,0.73,36
Y005561001,[Le canal de Vernet-et-Pia] à Saint-Estève,,SAINT-ESTEVE,66,42.709968,2.863769,0.8725,0.567,0.068,7
Y010522001,La Baillaury à Banyuls-sur-Mer,La Baillaury,BANYULS-SUR-MER,66,42.466034,3.108104,0.2011,0.0,0.0,17
Y010581101,[La Méditerranée] à Port-Vendres [marégraphe],,PORT-VENDRES,66,42.519922,3.10746,,,,
Y011541001,La Massane à Argelès-sur-Mer [Mas d'en Tourens],La Massane,ARGELES-SUR-MER,66,42.525644,2.98574,0.2524,0.017,0.001,52
Y020401001,Le Tech à Prats-de-Mollo-la-Preste [La Preste],Le Tech,PRATS-DE-MOLLO-LA-PRESTE,66,42.40691,2.403234,0.4531,0.205,0.149,45
Y021401001,Le Tech à Prats-de-Mollo-la-Preste [Baillanouse],Le Tech,PRATS-DE-MOLLO-LA-PRESTE,66,42.408704,2.511174,,,,
Y021401101,Le Tech [Source Sainte Cécile - Ravin Sainte Cécile - Affluent du Tech] au Tech - Tech Sainte cécile,Le Tech,TECH,66,2.557169,42.4174,,,,
Y023401001,Le Tech à Montferrer [Pas du Loup],Le Tech,MONTFERRER,66,42.435035,2.595799,3.1359,1.36,1.078,18
Y024401001,Le Tech à Arles-sur-Tech - Pont RD 115,Le Tech,ARLES-SUR-TECH,66,42.463875,2.645169,3.9407,1.48,0.862,10
Y024404001,Le Tech à Amélie-les-Bains-Palalda,Le Tech,AMELIE-LES-BAINS-PALALDA,66,42.473788,2.67396,4.7575,1.395,0.811,40
Y024511001,[Le canal de Céret] à Amélie-les-Bains-Palalda,,AMELIE-LES-BAINS-PALALDA,66,42.482525,2.684367,0.3837,0.143,0.0,8
Y024521001,Le Mondony à Amélie-les-Bains-Palalda,Le Mondony,AMELIE-LES-BAINS-PALALDA,66,42.468298,2.668843,0.4449,0.036,0.013,50
Y026401001,Le Tech à Céret - Pont du diable,Le Tech,CERET,66,42.495391,2.743891,4.6405,1.642,0.807,14
Y027401001,Le Tech au Boulou,Le Tech,BOULOU,66,42.51848,2.831856,6.2004,2.407,1.16,20
Y028406001,Le Tech à Argelès-sur-Mer - Pont d'Elne,Le Tech,ARGELES-SUR-MER,66,42.585529,2.985267,7.7781,1.501,0.533,39
Y030521001,[Le canal adducteur] à Villeneuve-de-la-Raho [Cap de Fouste],,VILLENEUVE-DE-LA-RAHO,66,42.648882,2.893007,0.1139,0.001,0.0,16
Y031502001,Le Réart à Villemolaque,Le Réart,VILLEMOLAQUE,66,42.596146,2.829785,0.0918,0.0,0.0,14
Y032501001,La Canterrane à Terrats [Moulin d'en Canterrane],La Canterrane,TERRATS,66,42.59928,2.733226,0.1367,0.0,0.0,50
Y033400101,Le Réart à Saleilles [Pont de la RN 114],Le Réart,SALEILLES,66,42.653231,2.926916,0.4905,0.0,,
Y033400201,Le Réart à Villeneuve-de-la-Raho [Cap de Fouste],Le Réart,VILLENEUVE-DE-LA-RAHO,66,42.644412,2.896577,0.1529,0.0,0.0,11
Y040401001,La Têt à Mont-Louis,La Têt,MONT-LOUIS,66,42.54011,2.054628,1.1286,0.341,0.193,38
Y042401001,La Têt à Serdinya [Joncet],La Têt,SERDINYA,66,42.565872,2.315815,5.1101,2.721,1.556,58
Y043640501,Le Cady à Vernet-les-Bains,Rivière de Cady,VERNET-LES-BAINS,66,42.546127,2.388262,,,,
Y043642001,Le Cady à Corneilla-de-Conflent,Rivière de Cady,CORNEILLA-DE-CONFLENT,66,42.587049,2.369776,0.8112,0.235,0.125,44
Y043642101,La rivière de Rotja à Sahorre,Rivière de Rotja,SAHORRE,66,42.532644,2.359824,0.5672,0.13,,3
Y043642201,La Têt à Ria-Sirach - Ria,La Têt,RIA-SIRACH,66,2.38312,42.601952,,,,
Y044401001,La Têt à Marquixanes,La Têt,MARQUIXANES,66,42.644741,2.486851,8.1405,3.635,2.208,43
Y044501001,La Castellane à Catllar,La Castellane,CATLLAR,66,42.632398,2.422031,0.8921,0.155,0.042,16
Y045503001,La Lentilla [partielle] à Espira-de-Conflent [Finestret],La Lentilla,ESPIRA-DE-CONFLENT,66,42.625724,2.50112,,,,
Y045641201,La Lentilla à Finestret,La Lentilla,FINESTRET,66,42.61739,2.509421,,,,
Y046401001,La Têt à Rodès [Barrage de Vinca],La Têt,RODES,66,42.657989,2.544187,,,,
Y046403001,La Têt [partielle] à Rodès,La Têt,RODES,66,42.660121,2.560433,7.8486,3.722,1.878,20
Y046600501,Le Bolès [Boulès] à Ille-sur-Têt,Le Bolès,ILLE-SUR-TET,66,42.666836,2.627998,0.2941,0.0,0.0,20
Y046821001,[Le canal de Corbère [sortie du barrage de Vinça]] à Rodès,,RODES,66,42.656588,2.548839,1.3559,1.061,0.57,30
Y046921101,La Têt [Bras principal] à Ille-sur-Têt [T6],La Têt,ILLE-SUR-TET,66,42.683306,2.630134,5.3817,1.497,,1
Y046921201,La Têt à Millas,La Têt,MILLAS,66,42.696564,2.696871,,,,
Y047401001,La Têt à Villelongue-de-la-Salanque,La Têt,VILLELONGUE-DE-LA-SALANQUE,66,42.713661,2.982347,,,,
Y047402001,La Têt à Bompas,La Têt,BOMPAS,66,42.714822,2.932584,,,,
Y047403001,La Têt [partielle] à Perpignan [Pont-Joffre],La Têt,PERPIGNAN,66,42.703619,2.892829,9.2941,1.891,0.699,54
Y047406001,La Têt à Saint-Féliu-d'Amont,La Têt,SAINT-FELIU-D'AMONT,66,42.68973,2.728113,,,,
Y047407001,La Têt à Pézilla-la-Rivière [Passage à gué],La Têt,PEZILLA-LA-RIVIERE,66,42.684621,2.75187,,,,
Y047882001,[Le canal de Perpignan] à Canohès,,CANOHES,66,42.657437,2.833598,0.4446,0.174,0.066,21
Y047882101,La Têt à Perpignan [Pont Sauvy],La Têt,PERPIGNAN,66,42.708737,2.908491,,,,
Y060401201,L'Agly à Saint-Paul-de-Fenouillet - La Tirounère,L'Agly,SAINT-PAUL-DE-FENOUILLET,66,2.479662,42.83327,,,,
Y061504001,La Boulzane à Saint-Paul-de-Fenouillet [Lapradelle],La Boulzane,SAINT-PAUL-DE-FENOUILLET,66,42.814359,2.322791,0.6834,0.162,0.053,20
Y061504201,Le ruisseau de Saint-Jaume [Source des Adoux] à Fenouillet - Adoux,Ruisseau de Saint-Jaume,FENOUILLET,66,42.790423,2.376301,,,,
Y062402001,L'Agly à Saint-Paul-de-Fenouillet [Clue de la Fou],L'Agly,SAINT-PAUL-DE-FENOUILLET,66,42.799946,2.497396,2.7048,0.603,0.265,51
Y062402002,L'Agly à Saint-Paul-de-Fenouillet [Clue de la Fou] - St Arnac,L'Agly,SAINT-PAUL-DE-FENOUILLET,66,42.785136,2.521631,1.8623,0.268,,4
Y062522001,La Desix à Ansignan,La Desix,ANSIGNAN,66,42.755377,2.523913,0.993,0.104,0.014,25
Y063402001,L'Agly à Cassagnes [Barrage de Caramany],L'Agly,CASSAGNES,66,42.743583,2.588189,,,,
Y063403001,L'Agly à Planèzes - Amont,L'Agly,PLANEZES,66,42.764981,2.617207,3.1143,0.888,0.53,18
Y063403002,L'Agly à Planèzes - Aval,L'Agly,PLANEZES,66,42.764108,2.621724,4.0613,0.924,0.444,53
Y063404001,L'Agly [Le canal de la Plaine] à Latour-de-France,L'Agly,LATOUR-DE-FRANCE,66,42.762103,2.629353,0.3523,0.259,0.002,6
Y065500501,Le Verdouble à Vingrau,Le Verdouble,VINGRAU,66,42.838593,2.753912,1.4282,0.19,0.191,8
Y065501001,Le Verdouble à Tautavel,Le Verdouble,TAUTAVEL,66,42.809338,2.744404,1.9739,0.298,0.127,49
Y066404001,L'Agly à Estagel [Mas de Jau],L'Agly,ESTAGEL,66,42.777631,2.730785,5.2122,0.131,0.0,54
Y067406001,L'Agly à Rivesaltes,L'Agly,RIVESALTES,66,42.772646,2.901309,4.3317,0.054,0.0,15
Y070541001,[La résurgence de la rigole] à Salses-le-Château [Font-Estramar],,SALSES-LE-CHATEAU,66,42.859223,2.958351,2.0348,1.039,0.85,45
Y101202101,L'Aude à Puyvalador [EDF],L'Aude,PUYVALADOR,66,42.64849,2.124951,2.653,1.13,0.661,76
A041030001,Le ruisseau le Muhlbach de Schoenau à Schœnau [Ried],Ruisseau le Muhlbach de Schoenau,SCHŒNAU,67,48.221808,7.647875,1.5957,1.454,1.081,19
A053074201,Le ruisseau le Heulachgraben à Friesenheim [Ried],Ruisseau le Heulachgraben,FRIESENHEIM,67,48.296112,7.654202,0.2453,0.185,,4
A061005051,Le Rhin à Strasbourg [sémaphore nord],Le Rhin,STRASBOURG,67,48.59254,7.802871,1066.1725,783.632,652.379,12
A226032002,L'Ill à Strasbourg [Montagne Verte],L'Ill,STRASBOURG,67,48.571809,7.724608,59.6397,48.764,40.06,6
A228003001,L'Ill à Strasbourg [Chasseur Froid],L'Ill,STRASBOURG,67,48.621902,7.785851,61.2572,50.323,38.297,49
A231020001,Le Giessen à Thanvillé,Le Giessen,THANVILLE,67,48.318897,7.349004,1.3853,0.265,0.09,41
A235020001,Le Giessen à Sélestat - Pont RD1083,Le Giessen,SELESTAT,67,48.271833,7.459819,2.6745,0.397,0.046,18
A236003001,L'Ill à Kogenheim,L'Ill,KOGENHEIM,67,48.337015,7.546574,36.2794,15.864,10.155,19
A236003302,Le ruisseau le Hanfgraben à Baldenheim [Ried],Ruisseau le Hanfgraben,BALDENHEIM,67,48.25056,7.522997,,,,
A242020101,La Zembs à Herbsheim [Ried],La Zembs,HERBSHEIM,67,48.347441,7.630745,1.6292,0.881,0.261,16
A243003001,L'Ill à Fegersheim,L'Ill,FEGERSHEIM,67,48.488874,7.70407,41.7182,36.423,30.253,42
A251020001,L'Andlau à Andlau,L'Andlau,ANDLAU,67,48.385861,7.421545,0.7588,0.283,0.164,51
A261020001,L'Ehn à Niedernai,Ruisseau l'Ehn,NIEDERNAI,67,48.451952,7.511774,0.4901,0.215,0.13,53
A273011002,La Bruche à Russ [Wisches],La Bruche,RUSS,67,48.504737,7.274851,5.7884,2.089,1.071,61
A282000101,La Mossig à Wasselonne - Station partenaire,La Mossig,WASSELONNE,67,48.633727,7.426402,,,,
A284020001,La Mossig à Soultz-les-Bains,La Mossig,SOULTZ-LES-BAINS,67,48.572843,7.488955,1.2909,0.612,0.361,54
A285011001,La Bruche à Wolxheim,La Bruche,WOLXHEIM,67,48.566513,7.514301,6.2106,1.531,0.743,19
A286011003,La Bruche à Holtzheim,La Bruche,HOLTZHEIM,67,48.558713,7.636942,7.6044,2.174,0.99,30
A286011101,Le ruisseau le Muhlbach à Osthoffen,Ruisseau le Muhlbach,OSTHOFFEN,67,48.583846,7.552493,,,,
A286011201,Le ruisseau le Muhlbach à Breuschwickersheim,Ruisseau le Muhlbach,BREUSCHWICKERSHEIM,67,48.577897,7.597445,,,,
A302009050,Le Rhin à Lauterbourg,Le Rhin,LAUTERBOURG,67,48.958118,8.195814,1190.5141,831.052,574.839,31
A312000101,La Moder à Obermodern-Zutzendorf,La Moder,OBERMODERN-ZUTZENDORF,67,48.844606,7.5446,1.1824,0.733,0.603,10
A325021001,Le Falkensteinbach à Gundershoffen,Ruisseau le Falkensteinbach,GUNDERSHOFFEN,67,48.895542,7.656669,1.5891,1.019,0.774,23
A330010001,La Moder à Schweighouse-sur-Moder,La Moder,SCHWEIGHOUSE-SUR-MODER,67,48.822388,7.742593,5.4349,3.099,2.387,59
A341020001,La Zorn à Saverne,La Zorn,SAVERNE,67,48.728811,7.332793,2.0916,0.972,0.633,59
A343021001,La Zinsel du Sud à Eckartswiller [Oberhof],La Zinsel du Sud,ECKARTSWILLER,67,48.799588,7.310495,0.8738,0.337,0.244,19
A348020001,La Zorn à Waltenheim-sur-Zorn,La Zorn,WALTENHEIM-SUR-ZORN,67,48.749634,7.633682,5.3762,2.356,1.628,108
A350010001,La Moder à Drusenheim,La Moder,DRUSENHEIM,67,48.761294,7.952085,9.5224,5.113,3.454,23
A352000101,Le ruisseau le Landgraben à Hœrdt,Ruisseau le Landgraben,HŒRDT,67,48.671183,7.798673,,,,
A361011001,La Sauer à Gœrsdorf,La Sauer,GŒRSDORF,67,48.959106,7.757499,1.8767,1.236,0.942,55
A368021001,L'Eberbach à Leutenheim,Ruisseau l'Eberbach,LEUTENHEIM,67,48.840771,8.007495,0.889,0.198,0.054,23
A369011001,La Sauer à Beinheim - Forêt,La Sauer,BEINHEIM,67,48.859936,8.06849,3.6758,1.64,1.022,50
A369011002,La Sauer à Beinheim,La Sauer,BEINHEIM,67,48.865818,8.08589,,,,
A373020001,Le Seltzbach à Niederrœdern,Ruisseau le Seltzbach,NIEDERRŒDERN,67,48.903598,8.048649,1.5988,0.395,0.169,60
A380020001,La Lauter à Wissembourg [Weiler],La Lauter,WISSEMBOURG,67,49.043419,7.903052,2.4113,1.74,1.426,49
A907105050,La Sarre à Diedendorf,La Sarre,DIEDENDORF,67,48.877289,7.055086,7.4044,2.48,1.56,52
A909106050,La Sarre à Keskastel,La Sarre,KESKASTEL,67,48.969738,7.038949,8.9516,2.656,1.703,56
A923205040,L'Eichel à Diemeringen,Ruisseau l'Eichel,DIEMERINGEN,67,48.941999,7.188167,1.3708,0.354,0.2,14
A926000101,L'Eichel à Oermingen,Ruisseau l'Eichel,OERMINGEN,67,49.000468,7.130287,2.7105,0.8,0.394,49
A022020001,L'Augraben à Hégenheim,Ruisseau l'Augraben,HEGENHEIM,68,47.564377,7.528982,0.1014,0.046,0.034,30
A100003001,L'Ill à Oltingue,L'Ill,OLTINGUE,68,47.488084,7.392949,0.4481,0.151,0.074,19
A105003001,L'Ill à Altkirch,L'Ill,ALTKIRCH,68,47.626075,7.238848,2.375,0.872,0.471,62
A106000101,Le Thalbach à Berentzwiller,Ruisseau le Thalbach,BERENTZWILLER,68,47.585871,7.383929,0.0751,0.012,0.007,5
A107020001,Le Thalbach à Wittersdorf,Ruisseau le Thalbach,WITTERSDORF,68,47.622322,7.275243,0.5727,0.153,0.046,45
A112010001,La Largue à Friesen,La Largue,FRIESEN,68,47.564189,7.15484,1.0758,0.397,0.261,33
A112010002,La Largue à Friesen - Pont RD17,La Largue,FRIESEN,68,47.562221,7.157963,1.035,0.537,0.295,11
A113030002,Le Traubach à Traubach-le-Bas,Ruisseau le Traubach,TRAUBACH-LE-BAS,68,47.65486,7.104532,0.2678,0.037,0.012,11
A115020001,La Largue à Spechbach-le-Bas,La Largue,SPECHBACH-LE-BAS,68,47.66217,7.223093,2.5375,0.552,0.309,25
A116003002,L'Ill à Didenheim,L'Ill,DIDENHEIM,68,47.717635,7.306627,6.3563,1.85,0.868,51
A116003004,L'Ill à Brunstatt,L'Ill,BRUNSTATT-DIDENHEIM,68,47.728956,7.314733,5.6822,1.712,,4
A116003101,[L'Ancienne Ill] à Illzach,,ILLZACH,68,47.765766,7.350425,3.4555,2.408,2.316,5
A120020302,La Doller à Sewen,La Doller,SEWEN,68,47.800706,6.889294,0.4048,0.08,0.027,32
A121000101,La Doller à Kirchberg,La Doller,KIRCHBERG,68,47.793125,6.961421,2.5517,0.373,0.227,10
A124020101,La Doller à Burnhaupt-le-Haut,La Doller,BURNHAUPT-LE-HAUT,68,47.743688,7.147783,4.2271,0.825,0.275,26
A125020001,La Doller à Reiningue,La Doller,REININGUE,68,47.745487,7.232178,4.1146,0.785,0.453,57
A130000101,L'Ill à Sausheim,L'Ill,SAUSHEIM,68,47.776633,7.35439,13.0404,6.347,5.393,11
A133003001,L'Ill à Ensisheim,L'Ill,ENSISHEIM,68,47.866883,7.348211,10.8384,3.182,0.584,57
A140202001,La Thur à Wildenstein,La Thur,WILDENSTEIN,68,47.976601,6.960847,0.3787,0.104,0.04,44
A143020002,La Thur à Willer-sur-Thur,La Thur,WILLER-SUR-THUR,68,47.841529,7.072008,5.1162,1.782,0.987,59
A143020003,La Thur à Willer-sur-Thur - Passerelle de la Gare,La Thur,WILLER-SUR-THUR,68,47.84329,7.069428,,,,
A146020302,La Thur à Pulversheim,La Thur,PULVERSHEIM,68,47.842763,7.286321,5.8182,1.531,0.654,24
A147004001,L'Ill à Sundhoffen,L'Ill,SUNDHOFFEN,68,48.041719,7.417832,14.4344,3.278,1.368,25
A147004101,L'Ill à Meyenheim,L'Ill,MEYENHEIM,68,47.913221,7.35988,15.9783,4.891,4.048,5
A150020001,La Lauch à Linthal,La Lauch,LINTHAL,68,47.941664,7.107787,0.8656,0.278,0.181,45
A152020001,La Lauch à Guebwiller,La Lauch,GUEBWILLER,68,47.911077,7.212039,1.5989,0.393,0.176,47
A156020101,La Lauch à Rouffach,La Lauch,ROUFFACH,68,47.960327,7.310438,2.0413,0.21,0.108,10
A161003001,L'Ill à Colmar [Ladhof],L'Ill,COLMAR,68,48.102531,7.384986,19.4986,6.617,3.766,65
A200000102,La Fecht [Source] à Mittlach - suivi des débits,La Fecht,MITTLACH,68,47.997448,7.023559,,,,
A201010001,La Fecht à Muhlbach-sur-Munster,La Fecht,MUHLBACH-SUR-MUNSTER,68,48.02442,7.090609,2.7958,0.801,0.37,29
A202030001,La Petite Fecht à Stosswihr,Ruisseau la Petite Fecht,STOSSWIHR,68,48.051812,7.110804,1.3743,0.491,0.237,48
A202030301,La Petite Fecht à Stosswihr - La Petite Fecht [aval RNN] à Stosswihr,Ruisseau la Petite Fecht,STOSSWIHR,68,48.051836,7.046941,,,,
A204010201,La Fecht à Wihr-au-Val,La Fecht,WIHR-AU-VAL,68,48.047566,7.207962,4.4318,0.897,0.238,19
A204010301,La Fecht [Dérivation Rive Gauche] à Wihr-au-Val - Dérivation,La Fecht,WIHR-AU-VAL,68,48.04891,7.207273,0.2657,0.181,,3
A204010401,La Fecht [Totale] à Wihr-au-Val - Station fictive,La Fecht,WIHR-AU-VAL,68,48.048226,7.207829,,,,
A210020101,La Weiss à Orbey,La Weiss,ORBEY,68,48.126926,7.161617,0.6905,0.31,0.23,8
A211030001,La Béhine à Lapoutroie,La Bechine,LAPOUTROIE,68,48.151186,7.171245,0.9368,0.351,0.162,42
A212020001,La Weiss à Kaysersberg,La Weiss,KAYSERSBERG VIGNOBLE,68,48.154908,7.230915,2.1371,0.799,0.433,19
A214010001,La Fecht à Ostheim,La Fecht,OSTHEIM,68,48.159713,7.369708,6.6646,1.701,0.789,52
A214010102,La Fecht à Bennwihr,La Fecht,BENNWIHR,68,48.132906,7.35303,7.119,2.084,0.699,5
A215030001,Le ruisseau le Strengbach à Ribeauvillé,Ruisseau le Strengbach,RIBEAUVILLE,68,48.200033,7.301209,0.361,0.123,0.065,33
A215030301,Le ruisseau le Strengbach à Ribeauvillé - Le ruisseau le Strengbach à Ribeauvillé [aval ville],Ruisseau le Strengbach,RIBEAUVILLE,68,48.186998,7.342032,,,,
A216010201,[Dérivation de la Fecht] à Guémar - Dérivation,,GUEMAR,68,48.186164,7.422824,4.5074,1.022,,2
A220000101,L'Ill à Illhaeusern,L'Ill,ILLHAEUSERN,68,48.184666,7.432607,25.9583,11.861,,3
A222000101,Le ruisseau le Riedbrunnen à Colmar [Ried],Ruisseau le Riedbrunnen,COLMAR,68,48.161651,7.448495,,,,
A226032101,Le ruisseau le Neugraben à Guémar [Ried],Ruisseau le Neugraben,GUEMAR,68,48.200522,7.459688,,,,
A232070301,La Liepvrette à Sainte-Marie-aux-Mines - La Liepvrette à Sainte-Marie-aux-Mines [Échery],La Liepvrette,SAINTE-MARIE-AUX-MINES,68,48.232586,7.161481,,,,
A234021001,La Liepvrette à Lièpvre,La Liepvrette,LIEPVRE,68,48.27011,7.292618,1.7622,0.504,0.214,59
K066331001,La Coise à Larajasse [Le Nézel],la Coise,LARAJASSE,69,45.628021,4.525248,0.6037,0.115,0.025,52
K094301001,Le Rhins à Amplepuis,rivière le rhins,AMPLEPUIS,69,45.982422,4.331607,1.7633,0.361,0.078,54
U430003001,La Saône à Dracé [échelle aval de Mâcon],La Saône,DRACE,69,46.157341,4.79838,,,,
U450501001,L'Ardière à Beaujeu,L'Ardière,BEAUJEU,69,46.154461,4.58659,0.8014,0.2,0.09,55
U450601001,La Morcille à Villié-Morgon [Pont des Versauds],La Morsille,VILLIE-MORGON,69,46.156056,4.662132,0.043,0.009,0.002,31
U452521001,Le Morgon à Villefranche-sur-Saône,Le Morgon,VILLEFRANCHE-SUR-SAONE,69,45.986985,4.735611,0.4242,0.18,0.084,36
U462401001,L'Azergues à Châtillon,L'Azergues,CHATILLON,69,45.874209,4.64327,3.9458,0.692,0.198,53
U462501001,Le Soanan à Saint-Vérand [La Tracole],Le Soanan,SAINT-VERAND,69,45.909279,4.509705,0.5133,0.057,0.004,40
U463501001,La Brévenne à Sain-Bel,La Brévenne,SAIN-BEL,69,45.810691,4.6001,1.4189,0.252,0.05,53
U463661001,La Turdine à l'Arbresle [Gobelette],La Turdine,ARBRESLE,69,45.837529,4.602167,1.4492,0.302,0.112,33
U464401001,L'Azergues à Lozanne,L'Azergues,LOZANNE,69,45.85871,4.687733,7.1553,1.486,0.45,56
U464551101,L'Azergues à Morancé,L'Azergues,MORANCE,69,45.88767,4.729879,5.8688,1.304,0.284,8
U471001003,La Saône à Couzon-au-Mont-d'Or,La Saône,COUZON-AU-MONT-D'OR,69,45.844517,4.834336,1035.1482,743.2,,
U471001004,La Saône à Couzon-au-Mont-d'Or - Couzon CNR,La Saône,COUZON-AU-MONT-D'OR,69,45.844517,4.834336,403.6211,113.875,48.359,33
U472002001,La Saône à Lyon [Pont La Feuillée],La Saône,LYON,69,45.766053,4.830535,,,,
V300002001,Le Rhône à Lyon - Pont Morand,Le Rhône,LYON,69,45.768285,4.838421,,,,
V300002002,Le Rhône à Lyon - Perrache-CNR,Le Rhône,LYON,69,45.748113,4.830957,588.4634,372.45,294.405,31
V300002003,Le Rhône à Lyon - Villeurbanne CNR,Le Rhône,LYON,69,45.791174,4.879368,581.0994,371.369,257.504,29
V301501002,L'Yzeron à Craponne - Aval,L'Yzeron,CRAPONNE,69,45.73554,4.720319,0.2836,0.06,,3
V301502002,L'Yzeron à Francheville - Pont,L'Yzeron,FRANCHEVILLE,69,45.733024,4.775871,0.4615,0.046,,4
V301502301,Le ruisseau de Charbonnières à Charbonnières-les-Bains,Ruisseau de Charbonnières,CHARBONNIERES-LES-BAINS,69,45.786293,4.732516,,,,
V301502401,Le ruisseau du Ratier à Saint-Genis-les-Ollières,Ruisseau du Ratier,SAINT-GENIS-LES-OLLIERES,69,45.753319,4.720922,,,,
V302511002,L'Ozon à Sérézin-du-Rhône [La Sarrazinière],L'Ozon,SEREZIN-DU-RHONE,69,45.632713,4.824253,0.5454,0.37,0.325,7
V303002001,Le Rhône à Ternay - CNR,Le Rhône,TERNAY,69,45.608934,4.803553,1022.4865,550.968,350.988,57
V303002002,Le Rhône à Ternay - DREAL Rhône Alpes,Le Rhône,TERNAY,69,45.608216,4.802939,,2492.735,,
V312401001,Le Gier à Givors,Le Gier,GIVORS,69,45.579376,4.73913,3.0429,0.851,0.497,53
U023001001,La Saône à Cendrecourt,La Saône,CENDRECOURT,70,47.857134,5.930174,17.1218,5.029,3.169,61
U041501001,Le Breuchin à la Proiselière-et-Langle,Le Breuchin,PROISELIERE-ET-LANGLE,70,47.827316,6.500892,4.3666,1.373,0.483,57
U041503301,Le ruisseau de la Croslière à la Longine - La Croslière à la Longine,Ruisseau de la Croslière,LONGINE,70,47.906044,6.584003,,,,
U041503401,Le Beuletin à la Longine - Le Beuletin à la Longine,Le Beuletin,LONGINE,70,47.883761,6.600654,,,,
U044431001,La Sémouse à Saint-Loup-sur-Semouse,La Semouse,SAINT-LOUP-SUR-SEMOUSE,70,47.885664,6.271787,5.5578,1.622,0.788,51
U046051001,Le Planey à Anjeux [Le Triquet],Le Planey,ANJEUX,70,47.867507,6.218369,1.3786,0.606,0.221,20
U047401001,La Lanterne à Fleurey-lès-Faverney,La Lanterne,FLEUREY-LES-FAVERNEY,70,47.748356,6.076452,22.3671,6.95,2.806,61
U050401001,Le Durgeon à Colombier,Le Durgeon,COLOMBIER,70,47.658457,6.209255,0.9195,0.086,0.014,18
U051501001,Le Bâtard à Villeparois,Le Bâtard,VILLEPAROIS,70,47.659074,6.178438,0.5761,0.06,0.022,17
U052501001,La Colombine à Frotey-lès-Vesoul,La Colombine,FROTEY-LES-VESOUL,70,47.619401,6.185055,2.4519,0.485,0.197,33
U060001001,La Saône à Scey-sur-Saône-et-Saint-Albin [Saint-Albin],La Saône,SCEY-SUR-SAONE-ET-SAINT-ALBIN,70,47.641738,5.969925,,,,
U061001001,La Saône à Ray-sur-Saône,La Saône,RAY-SUR-SAONE,70,47.576408,5.826267,58.8182,17.147,8.496,61
U062053002,La Romaine à Maizières,La Romaine,MAIZIERES,70,47.494726,6.007346,0.769,0.219,0.119,23
U063501001,La Gourgeonne à Tincey-et-Pontrebeau,La Gourgeonne,TINCEY-ET-PONTREBEAU,70,47.605778,5.795215,1.7135,0.385,0.177,51
U072401001,Le Salon à Denèvre,Le Salon,DENEVRE,70,47.569223,5.647604,4.3852,0.941,0.411,56
U081501001,La Morte à Saint-Broing,La Morte,SAINT-BROING,70,47.446742,5.699043,2.1928,0.463,0.198,37
U082001001,La Saône à Gray,La Saône,GRAY,70,47.450144,5.590531,106.62,54.089,18.089,12
U100401001,L'Ognon à Servance [Fourguenons],L'Ognon,SERVANCE-MIELLIN,70,47.802791,6.667632,3.0893,0.744,0.195,57
U101402001,L'Ognon à Montessaux,L'Ognon,MONTESSAUX,70,47.740188,6.560755,5.5663,1.242,0.247,32
U102501001,Le Rahin à Plancher-Bas,Le Rahin,PLANCHER-BAS,70,47.730839,6.730045,1.627,0.349,0.081,56
U102503401,Le Rahin à Plancher-les-Mines - Le Rahin à Plancher-les-Mines,Le Rahin,PLANCHER-LES-MINES,70,47.803258,6.797881,,,,
U103541001,[Le Scey / Le Rognon] à Beveuge [Moulin de Remondant],,BEVEUGE,70,47.568354,6.490532,2.5069,0.579,0.244,44
U104401001,L'Ognon à Chassey-lès-Montbozon [Bonnal],L'Ognon,CHASSEY-LES-MONTBOZON,70,47.508041,6.354361,16.8756,4.179,1.374,38
U105401001,L'Ognon à Beaumotte-Aubertans,L'Ognon,BEAUMOTTE-AUBERTANS,70,47.415852,6.180889,23.4652,6.015,2.325,58
U107402001,L'Ognon à Pin,L'Ognon,PIN,70,47.316729,5.866267,28.4016,7.263,3.038,25
U108401001,L'Ognon à Pesmes,L'Ognon,PESMES,70,47.293287,5.545022,33.4155,8.562,3.166,61
U235053001,La Lizaine à Héricourt,La Lizaine,HERICOURT,70,47.581475,6.742956,1.7117,0.222,0.073,17
K104000101,Le Sornin [bras principal] à la Chapelle-sous-Dun [Les Moquets],le Sornin,CHAPELLE-SOUS-DUN,71,46.268624,4.2897,,,,
K105000201,Le Botoret [bras principal] à Tancon [Barnay] - Echelle Barnay,le Botoret,TANCON,71,46.182377,4.236716,,,,
K105000301,Le Sornin [bras principal] à Saint-Maurice-lès-Châteauneuf [Pont D 8] - Echelle St Maurice,le Sornin,SAINT-MAURICE-LES-CHATEAUNEUF,71,46.214431,4.254629,,,,
K111000301,L'Urbise à Bourg-le-Comte - RD 989,l'Urbise,BOURG-LE-COMTE,71,46.301001,3.994094,1.2046,0.213,,
K113000201,L'Arconce à Mornay - Villorbaine,l'Arconce,MORNAY,71,46.486437,4.350002,1.0138,0.114,0.025,5
K114000101,La Semence à Vendenesse-lès-Charolles - Route de Chatonnard,la Semence,VENDENESSE-LES-CHAROLLES,71,46.443926,4.340365,0.8395,0.079,,
K117321001,L'Arconce à Montceaux-l'Étoile,l'Arconce,MONTCEAUX-L'ETOILE,71,46.357974,4.04981,5.601,0.982,0.384,53
K118001010,La Loire à Digoin - Pont canal,la Loire,DIGOIN,71,46.478169,3.983036,86.4453,24.467,11.647,66
K118001011,La Loire à Digoin - Pont D 979b,la Loire,DIGOIN,71,46.479514,3.970011,77.6345,22.106,,4
K124301001,La Drée à Saint-Léger-du-Bois [Champéceuillon],la Drée,SAINT-LEGER-DU-BOIS,71,47.01942,4.418062,2.0346,0.29,0.129,28
K125181001,L'Arroux à Dracy-Saint-Loup [Surmoulin],l'Arroux,DRACY-SAINT-LOUP,71,47.00077,4.320196,6.2185,0.608,0.18,40
K127311001,Le Ternin à Tavernay [Pré Charmoy],le Ternin,TAVERNAY,71,46.991535,4.257803,3.6166,0.554,0.167,58
K128481001,La Celle à la Celle-en-Morvan [Polroy],la Celle,CELLE-EN-MORVAN,71,47.00505,4.196884,3.0323,0.639,0.238,56
K131401001,Le Mesvrin à Mesvres [Le Mousseau],le Mesvrin,MESVRES,71,46.864218,4.265126,2.1701,0.295,0.163,28
K132181010,L'Arroux à Étang-sur-Arroux - Pont du Tacot,l'Arroux,ETANG-SUR-ARROUX,71,46.851459,4.192479,22.4378,3.716,1.022,53
K134181001,L'Arroux à Rigny-sur-Arroux,l'Arroux,RIGNY-SUR-ARROUX,71,46.533455,4.032246,27.362,4.38,1.294,55
K135301001,La Bourbince à Blanzy,la Bourbince,BLANZY,71,46.699138,4.396205,1.1423,0.264,0.198,18
K136301001,La Bourbince à Ciry-le-Noble,la Bourbince,CIRY-LE-NOBLE,71,46.604368,4.300923,3.2059,0.837,0.543,43
K137000301,L'Oudrache à Oudry - La Croix,l'Oudrache,OUDRY,71,46.57587,4.169118,1.0492,0.111,0.046,5
K138301001,La Bourbince à Vitry-en-Charollais,la Bourbince,VITRY-EN-CHAROLLAIS,71,46.471761,4.078511,7.6732,1.695,0.959,58
K144001010,La Loire à Gilly-sur-Loire,la Loire,GILLY-SUR-LOIRE,71,46.538027,3.766203,129.5037,33.912,18.838,53
K163301001,La Somme à Bourbon-Lancy - Moulin Baudran,la Somme,BOURBON-LANCY,71,46.647588,3.769908,2.6181,0.495,0.101,5
U273201001,Le Doubs à Navilly,Le Doubs,NAVILLY,71,46.93964,5.150351,,,,
U300401001,La Dheune à Essertenne,La Dheune,ESSERTENNE,71,46.801463,4.570337,0.6095,0.295,0.179,34
U303401001,La Dheune à Palleau,La Dheune,PALLEAU,71,46.951902,5.029409,7.7453,1.844,0.605,35
U310001001,La Saône à Verdun-sur-le-Doubs,La Saône,VERDUN-SUR-LE-DOUBS,71,46.898402,5.033084,,,,
U310001002,La Saône à Verdun-sur-le-Doubs - Pont de la RD 111,La Saône,VERDUN-SUR-LE-DOUBS,71,46.902794,5.023021,,,,
U312001001,La Saône à Chalon-sur-Saône [port fluvial],La Saône,CHALON-SUR-SAONE,71,46.788008,4.875048,477.8191,141.335,176.877,5
U312701001,La Talie à la Loyère,La Thalie,LOYERE,71,46.837404,4.828164,0.3643,0.103,0.05,33
U321401001,La Grosne à Jalogny [Cluny],La Grosne,JALOGNY,71,46.404154,4.648603,3.8387,0.638,0.148,57
U322501001,La Guye à Sigy-le-Châtel [Corcelles],La Guye,SIGY-LE-CHATEL,71,46.557779,4.563819,2.0612,0.291,0.096,54
U323401001,La Grosne à Sercy,La Grosne,SERCY,71,46.600681,4.695129,,,,
U331001001,La Saône à Tournus,La Saône,TOURNUS,71,46.555481,4.917976,474.018,157.806,,4
U341503001,La Brenne à Sens-sur-Seille [L'Estalet],La Brenne,SENS-SUR-SEILLE,71,46.749083,5.292467,4.9241,0.87,0.394,27
U342401001,La Seille à Saint-Usuge,La Seille,SAINT-USUGE,71,46.674102,5.258379,13.7831,2.74,1.076,55
U344503001,Le Sevron à Varennes-Saint-Sauveur,Le Sevron,VARENNES-SAINT-SAUVEUR,71,46.50088,5.24361,2.7706,0.327,0.093,30
U344641001,La Gizia à Frontenaud,La Gizia,FRONTENAUD,71,46.554597,5.281785,1.7781,0.373,0.165,30
U345503001,La Vallière à Savigny-en-Revermont,La Vallière,SAVIGNY-EN-REVERMONT,71,46.628069,5.423409,2.5145,0.555,0.296,29
U345505001,La Vallière à Sagy,La Vallière,SAGY,71,46.596981,5.307843,5.5518,1.955,1.639,18
U346401001,La Seille à Louhans,La Seille,LOUHANS,71,46.629663,5.219372,73.747,43.593,,
U430001001,La Saône à Mâcon [amont],La Saône,MACON,71,46.296768,4.830238,408.3344,136.0,65.253,54
M011491010,Le Merdereau à Saint-Paul-le-Gaultier [Chiantin],le Merdereau,SAINT-PAUL-LE-GAULTIER,72,48.330666,-0.149049,1.2045,0.248,0.112,40
M012401010,La Vaudelle à Saint-Georges-le-Gaultier,la Vaudelle,SAINT-GEORGES-LE-GAULTIER,72,48.29228,-0.100217,1.0277,0.267,0.141,33
M013401010,L'Orthe à Douillet [Le Joly],l'Orthe,DOUILLET,72,48.27313,-0.040146,1.2563,0.392,0.249,30
M015301010,La Bienne à Thoiré-sous-Contensor,la Bienne,THOIRE-SOUS-CONTENSOR,72,48.307246,0.20121,0.702,0.207,0.086,34
M020061010,La Sarthe à Beaumont-sur-Sarthe,la Sarthe,BEAUMONT-SUR-SARTHE,72,48.224117,0.130741,,,,
M024301010,L'Orne Saosnoise à Montbizot - Moulin Neuf,l'Orne Saosnoise,MONTBIZOT,72,48.149447,0.197746,2.7001,0.654,0.291,37
M024301020,L'Orne Saosnoise à Montbizot - Courvarin,l'Orne Saosnoise,MONTBIZOT,72,48.15976,0.204983,2.2799,0.66,0.432,5
M025061010,La Sarthe à Neuville-sur-Sarthe [Montreuil],la Sarthe,NEUVILLE-SUR-SARTHE,72,48.089784,0.206952,21.3074,4.95,1.99,46
M025061020,La Sarthe à Souillé [Montreuil],la Sarthe,SOUILLE,72,48.11614,0.186513,17.0693,3.246,1.83,12
M027061020,La Sarthe au Mans [Yssoir],la Sarthe,MANS,72,48.009956,0.194845,,,,
M037151030,L'Huisne à la Ferté-Bernard,l'Huisne,FERTE-BERNARD,72,48.187651,0.649389,,,,
M038401020,La Même à Souvigné-sur-Même - Les Pressoirs,la Même,SOUVIGNE-SUR-MEME,72,48.209912,0.642501,1.3362,0.556,0.377,16
M041151010,L'Huisne à Connerré,l'Huisne,CONNERRE,72,48.063408,0.489513,,,,
M041601010,La Tortue à Saint-Michel-de-Chavaignes [L'Onglée],la Tortue,SAINT-MICHEL-DE-CHAVAIGNES,72,48.029174,0.549357,0.2807,0.175,0.12,36
M042151010,L'Huisne à Montfort-le-Gesnois [La Pécardière],l'Huisne,MONTFORT-LE-GESNOIS,72,48.041679,0.405265,12.8273,6.937,4.632,42
M042481010,Le Narais à Saint-Mars-la-Brière,le Narais,SAINT-MARS-LA-BRIERE,72,48.002623,0.399615,0.8303,0.531,0.275,42
M043401010,La Vive Parence à Yvré-l'Évêque [Parence],la Vive Parence,YVRE-L'EVEQUE,72,48.039863,0.294592,0.9352,0.268,0.098,40
M043401501,La Vive Parence à Saint-Corneille,la Vive Parence,SAINT-CORNEILLE,72,48.079131,0.324713,0.3044,0.11,,1
M044151010,L'Huisne au Mans [Pontlieue],l'Huisne,MANS,72,47.984685,0.210213,,,,
M050061010,La Sarthe à Spay [Ecluse de Prélandon] - Amont,la Sarthe,SPAY,72,47.912708,0.144678,35.46,13.0,7.338,52
M050061020,La Sarthe à Spay [Ecluse de Prélandon] - Aval,la Sarthe,SPAY,72,47.912583,0.14506,37.1363,12.629,7.853,18
M050451010,Le Roule Crotte à Arnage [Gué Gilet],le Roule Crotte,ARNAGE,72,47.936038,0.199045,0.3437,0.092,0.024,31
M051401010,Le Rhonne à Guécélard [La Soufflardière],le Rhonne,GUECELARD,72,47.887537,0.151682,0.1849,0.03,0.0,37
M052061010,La Sarthe à la Suze-sur-Sarthe [écluse],la Sarthe,SUZE-SUR-SARTHE,72,47.8946,0.028294,,,,
M052521010,L'Orne Champenoise à Voivres-lès-le-Mans,l'Orne Champenoise,VOIVRES-LES-LE-MANS,72,47.922894,0.080972,0.335,0.114,0.046,41
M053501010,La Gée à Fercé-sur-Sarthe [Planche Augis],la Gée,FERCE-SUR-SARTHE,72,47.906002,-0.043112,0.6549,0.214,0.107,41
M054401010,La Vézanne à Malicorne-sur-Sarthe,la Vézanne,MALICORNE-SUR-SARTHE,72,47.810493,-0.084831,0.3031,0.054,0.01,33
M055603010,Les Deux Fonts à Avoise [Gué Avezel],les Deux Fonts,AVOISE,72,47.870952,-0.205026,0.441,0.199,0.07,33
M056622010,Le Berdin à Tennie,le Berdin,TENNIE,72,48.111806,-0.079586,0.176,0.028,0.01,43
M058302010,La Vègre à Asnières-sur-Vègre,la Vègre,ASNIERES-SUR-VEGRE,72,47.888429,-0.232694,3.1673,0.903,0.485,45
M063061010,La Sarthe à Sablé-sur-Sarthe,la Sarthe,SABLE-SUR-SARTHE,72,47.837614,-0.331938,239.088,143.724,,
M063301010,L'Erve à Auvers-le-Hamon [Moulin la Roche],l'Erve,AUVERS-LE-HAMON,72,47.897096,-0.361832,2.7723,0.504,0.222,52
M069000301,[La Voutonne] à Précigné,,PRECIGNE,72,47.766512,-0.341492,0.4829,0.027,,3
M121301010,La Braye à Valennes [La Caboche],la Braye,VALENNES,72,48.014725,0.819581,1.6989,0.608,0.354,57
M124401010,L'Anillé à Saint-Gervais-de-Vic [La Cruchetière],l'Anillé,SAINT-GERVAIS-DE-VIC,72,47.884911,0.744294,0.5505,0.258,0.203,28
M125401010,Le Tusson à la Chapelle-Gaugain [Les Riverelles],le Tusson,CHAPELLE-GAUGAIN,72,47.801661,0.667247,0.4914,0.174,0.108,31
M130161010,Le Loir à la Chartre-sur-le-Loir,le Loir,CHARTRE-SUR-LE-LOIR,72,47.732124,0.575571,,,,
M131301010,La Veuve à Saint-Pierre-du-Lorouër [Petit Brives],la Veuve,SAINT-PIERRE-DU-LOROUER,72,47.796817,0.537422,0.9035,0.503,0.325,43
M132401010,L'Etangsort à Courdemanche,l'Etangsort,COURDEMANCHE,72,47.814382,0.564685,0.3002,0.127,0.083,31
M134161010,Le Loir à Flée [Port-Gautier],le Loir,FLEE,72,47.710652,0.479818,24.0023,9.859,5.94,32
M144161010,Le Loir au Lude [Rue des ponts],le Loir,LUDE,72,47.648454,0.161202,,,,
M146301010,L'Aune à Pontvallain [Casse Maillé],l'Aune,PONTVALLAIN,72,47.739304,0.188576,0.7022,0.235,0.067,28
M151161010,Le Loir à la Flèche [Mairie],le Loir,FLECHE,72,47.696079,-0.074648,,,,
M153451010,L'Argance à la Chapelle-d'Aligné [La Cheviraye],l'Argance,CHAPELLE-D'ALIGNE,72,47.717098,-0.217835,0.2368,0.045,0.007,33
V123741401,Le ruisseau de Tami à Plancherine [Source du Bonté] - Source du Bonté,Ruisseau de Tami,PLANCHERINE,73,45.675197,6.300998,0.0111,0.007,,3
V125841501,Le ruisseau de Cherel à Jarsy [Source de la Touvière] - Source de la Touvière,Ruisseau de Cherel,JARSY,73,45.670563,6.198986,0.021,0.017,0.015,5
V126002001,Le Rhône à Ruffieux [Pont de la Loi],Le Rhône,RUFFIEUX,73,45.848615,5.803715,,,,
V126402001,Le Fier à Motz - DREAL,Le Fier,MOTZ,73,45.932869,5.841076,,10.186,,
V126402002,Le Fier à Motz - CNR,Le Fier,MOTZ,73,45.933372,5.841126,43.1924,8.07,,
V126402701,[Canal de Savières] à Chanaz - Station partenaire CNR,,CHANAZ,73,45.811854,5.797689,12.2052,4.442,,1
V130503002,Le ruisseau de Belle Eau à Voglans - CISALB,Ruisseau de Belle Eau,VOGLANS,73,45.632566,5.891593,,,,
V130521001,Le Tillet à Aix-les-Bains,Le Tillet,AIX-LES-BAINS,73,45.667629,5.905883,0.4565,0.143,0.047,29
V130521301,[Le captage de Saint Victor] à Mouxy [1],,MOUXY,73,45.673166,5.962934,,,,
V130521401,[Le captage de Saint Victor] à Mouxy [2],,MOUXY,73,45.675355,5.960198,,,,
V130521501,[Le captage Fresenex] à Drumettaz-Clarafond,,DRUMETTAZ-CLARAFOND,73,45.669822,5.947524,,,,
V130521601,[Le captage de la Croze] à Méry,,MERY,73,45.633824,5.93645,,,,
V131502001,La Leysse à la Motte-Servolex [Pont du Tremblay],La Leysse,MOTTE-SERVOLEX,73,45.627945,5.87321,6.2492,1.683,0.609,38
V131504003,La Leysse à la Ravoire,La Leysse,RAVOIRE,73,45.573425,5.963995,2.5793,0.669,,3
V131644002,L'Hyère à Chambéry [Charrière-Neuve] - Pont d'Hyère,L'Hyère,CHAMBERY,73,45.573679,5.905249,2.066,0.263,,
V131821001,L'Albanne à Chambéry [Pont Chevalier],L'Albanne,CHAMBERY,73,45.566096,5.934428,0.7805,0.159,0.062,17
V131822401,[La source de Lovettaz] à Saint-Jean-d'Arvey,,SAINT-JEAN-D'ARVEY,73,45.603373,5.984453,,,,
V131823301,Le Varon au Bourget-du-Lac - la Plaisse - CISALB,Le Varon,BOURGET-DU-LAC,73,45.641476,5.859047,,,,
V131823501,Le ruisseau Nant Bruyant à la Motte-Servolex - Parc du Noiton,Ruisseau Nant Bruyant,MOTTE-SERVOLEX,73,45.587327,5.869805,,,,
V131823601,Le ruisseau Forezan à Cognin - Au parking du parc - CISALB,Ruisseau Forezan,COGNIN,73,45.55773,5.889732,,,,
V131823701,Le ruisseau des Combes au Bourget-du-Lac - la Plaisse - CISALB,Ruisseau des Combes,BOURGET-DU-LAC,73,45.639259,5.859767,,,,
V131823801,Le Varon au Bourget-du-Lac [Captage de la Roche],Le Varon,BOURGET-DU-LAC,73,45.62438,5.839236,,,,
V131823901,L'Hyère à Chambéry [Pont d'Hyère],L'Hyère,CHAMBERY,73,45.573679,5.905249,1.8185,0.372,,2
V131824001,Le ruisseau du Marais à la Motte-Servolex - Exutoire de l'Erier /Ru du marais en aval de la zone de Bissy et en amont de la confluence avec le Merderet -CISALB,Ruisseau du Marais,MOTTE-SERVOLEX,73,45.593782,5.88905,,,,
V131824101,Le ruisseau de Ternèze à Curienne - CISALB,Ruisseau de Ternèze,CURIENNE,73,45.560029,6.024608,,,,
V131824201,Le ruisseau du Marais à la Motte-Servolex - Pont de la Rue Denis Papin - CISALB,Ruisseau du Marais,MOTTE-SERVOLEX,73,45.602216,5.882268,,,,
V132502002,Le Sierroz à Aix-les-Bains,le sierroz,AIX-LES-BAINS,73,45.705822,5.903426,2.2017,0.539,0.179,5
V132502301,La Meunaz à Montcel - CISALB,La Meunaz,MONTCEL,73,45.732703,5.961918,,,,
V132502401,La Monderesse à Saint-Ours - CISALB,La Monderesse,SAINT-OURS,73,45.741544,5.973138,,,,
V132502501,Le Sierroz à Grésy-sur-Aix - CISALB,le sierroz,GRESY-SUR-AIX,73,45.723967,5.927562,,,,
V132502601,La Deisse à Grésy-sur-Aix - CISALB,La Deysse,GRESY-SUR-AIX,73,45.727873,5.921181,,,,
V132502701,[Captage Bermond] à Trévignin,,TREVIGNIN,73,45.708031,5.974873,,,,
V132502801,[Captage Le Coutens] à Montcel,,MONTCEL,73,45.713174,6.004517,,,,
V132502901,Le Sierroz [Captage La Gouille aux Moines] à Saint-Offenge-Dessus,le sierroz,SAINT-OFFENGE-DESSUS,73,45.708084,6.0139,,,,
V132503001,La Monderesse à Saint-Ours [Captage de la Monderesse],La Monderesse,SAINT-OURS,73,45.748181,5.996818,,,,
V132503101,La Meunaz à Montcel [Captage de la Meunaz],La Meunaz,MONTCEL,73,45.698396,5.984154,,,,
V132503201,[Le captage de la Peysse] à Saint-Offenge-Dessous,,SAINT-OFFENGE,73,45.74346,6.014684,,,,
V132503301,[Le captage des Fontanettes] à Grésy-sur-Aix [1],,GRESY-SUR-AIX,73,45.699283,5.975804,,,,
V132503401,[Le captage des Fontanettes] à Grésy-sur-Aix [2],,GRESY-SUR-AIX,73,45.703747,5.981151,,,,
V132503402,[Le captage des Fontanettes] à Grésy-sur-Aix [2],,GRESY-SUR-AIX,73,45.703747,5.981151,,,,
V132503501,[Le captage de Viplane] à Montcel,,MONTCEL,73,45.748317,5.991677,,,,
V132503601,[Les captages de Pré Bérard] à Pugny-Chatenod,,PUGNY-CHATENOD,73,45.689352,5.962863,,,,
V132503701,[Le captage des Biolettes] à Pugny-Chatenod,,PUGNY-CHATENOD,73,45.694706,5.955254,,,,
V132503801,[Le captage Bollon-Berthet] à Pugny-Chatenod,,PUGNY-CHATENOD,73,45.68535,5.959485,,,,
V132503901,[Le captage des deux Reines] à Pugny-Chatenod,,PUGNY-CHATENOD,73,45.68368,5.953071,,,,
V133001001,[Le lac du Bourget] à Aix-les-Bains,,AIX-LES-BAINS,73,45.70506,5.885754,,,,
V133001101,Grand canal de Chautagne à Chindrieux [Source du Rigolet] - Source du Rigolet,,CHINDRIEUX,73,45.806747,5.856398,0.0755,0.026,,4
V133001201,[Le captage des Grandes Eaux] à Bourdeau,,BOURDEAU,73,45.679515,5.851385,,,,
V133001301,[Le captage de la Carrière] à Bourdeau,,BOURDEAU,73,45.676845,5.850103,,,,
V133001401,[Le captage de Gerle] à Bourdeau,,BOURDEAU,73,45.676006,5.849777,,,,
V144621001,Le Flon à Traize [Cottin],Le Flon,TRAIZE,73,45.671543,5.764592,0.7633,0.231,0.098,26
V144621201,La Méline à Saint-Paul [Source de Fromentière] - Source de Fromentière,La Méline,SAINT-PAUL,73,45.693492,5.806126,0.0132,0.012,,3
V151501201,Le ruisseau de la Glière à Entremont-le-Vieux [Source de la Plagne] - Source de la Plagne,Ruisseau de la Glière,ENTREMONT-LE-VIEUX,73,45.442989,5.903976,0.0258,0.013,,3
V153402002,Le Guiers à Belmont-Tramonet - DREAL,Le Guiers,BELMONT-TRAMONET,73,45.572278,5.652006,21.3804,8.65,3.005,7
V153521001,Le ruisseau de la Leysse à Nances [Novalaise],Ruisseau de Pra Long,NANCES,73,45.577593,5.796255,0.5301,0.121,0.027,31
W000000101,L'Isère à Val-d'Isère [EDF],L'Isère,VAL-D'ISERE,73,45.447443,6.98721,1.7882,0.5,0.33,75
W002000102,L'Isère à Séez [Malgovert] - DREAL,L'Isère,SEEZ,73,45.618374,6.795139,3.5438,2.013,1.523,10
W004000201,L'Isère à Bourg-Saint-Maurice,L'Isère,BOURG-SAINT-MAURICE,73,45.603318,6.766763,,,,
W010000101,L'Isère à Landry,L'Isère,LANDRY,73,45.576703,6.733619,25.6248,16.696,10.622,10
W010000201,Le ruisseau de Macot à Mâcot-la-Plagne [Source des Frasses] - Source des Frasses,Ruisseau de Macot,PLAGNE TARENTAISE,73,45.530397,6.693743,0.0056,0.004,0.003,5
W011001001,L'Isère à Moûtiers [Pont Neuf],L'Isère,MOUTIERS,73,45.484297,6.530827,26.7651,14.851,10.682,54
W011001101,L'Isère à Albertville [Conflans],L'Isère,ALBERTVILLE,73,45.662092,6.407753,31.2303,16.199,10.806,12
W022000101,Le Doron de Bozel à Planay,Le Doron de Bozel,PLANAY,73,45.442268,6.677113,10.852,4.269,3.536,10
W024401001,Le Doron de Bozel à Moûtiers [Ponserand] - DREAL,Le Doron de Bozel,MOUTIERS,73,45.48333,6.525447,20.5847,9.01,5.6,39
W024401101,Le Doron de Belleville à Saint-Martin-de-Belleville [Le Bettaix] - DREAL,Le Doron de Belleville,BELLEVILLE,73,45.339368,6.526233,2.312,0.683,0.326,8
W030000101,Le ruisseau Bridan à la Léchère [Source de Pont Botto] - Sources de Pont Botto,Ruisseau Bridan,LECHERE,73,45.477492,6.409014,0.045,0.029,0.022,5
W030000201,L'Isère à Aigueblanche [EDF],L'Isère,AIGUEBLANCHE,73,45.496316,6.513174,47.1103,30.456,22.306,63
W030000301,L'Isère à la Léchère,L'Isère,LECHERE,73,45.532087,6.474306,11.5548,5.352,,2
W041401002,L'Arly à Ugine - Pont de Fer,L'Arly,UGINE,73,45.768377,6.482093,3.5656,0.765,0.579,9
W041401201,Le torrent Nant du Moulin à Crest-Voland [Source des Moulins] - Source des Moulins,Torrent Nant du Moulin,CREST-VOLAND,73,45.785046,6.503822,0.0308,0.03,,
W042501001,La Chaise à Ugine [Pont de Soney],La Chaise,UGINE,73,45.759248,6.390348,2.2965,0.857,0.532,15
W042501002,La Chaise à Ugine [Pont de Soney],La Chaise,UGINE,73,45.759279,6.389925,2.2695,0.859,,4
W043000101,L'Arly à Pallud [Pont de Venthon],L'Arly,PALLUD,73,45.691104,6.401269,22.0164,10.462,5.673,9
W043000201,Le Doron à Villard-sur-Doron - EDF,Le Doron,VILLARD-SUR-DORON,73,45.718719,6.495821,2.8645,1.421,,
W043000202,Le Doron à Villard-sur-Doron - DREAL,Le Doron,VILLARD-SUR-DORON,73,45.718719,6.495821,2.882,1.367,,
W050000401,L'Isère à Grignon [Pont d'Albertin],L'Isère,GRIGNON,73,45.658182,6.386187,59.0089,38.376,,4
W050000501,[Ruisseau du Cachon] à Monthion [Source de Planchamp] - Source de Planchamp,,MONTHION,73,45.629608,6.361958,0.0243,0.018,,3
W050000602,Le ruisseau de Verrens à Frontenex - Pont du Boulodrome,Ruisseau de Verrens,FRONTENEX,73,45.631687,6.317941,0.2159,0.117,,
W100000102,L'Arc à Bessans - DREAL,L'Arc,BESSANS,73,45.32123,6.992188,,,,
W100000201,Le torrent d'Avérole à Bessans [Avérole EDF - QNR],Torrent d'Avérole,BESSANS,73,45.30288,7.067299,1.9232,0.2,0.093,54
W101401002,L'Arc à Lanslebourg-Mont-Cenis,L'Arc,LANSLEBOURG-MONT-CENIS,73,45.285781,6.888332,4.3303,2.025,1.685,7
W101401101,Le Doron de Termignon à Termignon [Pont des Gouilles],Doron de Termignon,VAL-CENIS,73,45.289511,6.810903,,,,
W101401201,Le Doron de Termignon à Termignon [Source des Fontaignous] - Source des Fontaignous,Doron de Termignon,VAL-CENIS,73,45.29263,6.821206,0.0063,0.005,0.005,7
W102000102,L'Arc à Villarodin-Bourget [Pont de St-Gobain] - DREAL,L'Arc,VILLARODIN-BOURGET,73,45.20725,6.682303,31.4341,19.019,9.906,6
W102000201,L'Arc à Bramans - EDF,L'Arc,BRAMANS,73,45.223955,6.763894,8.2189,4.0,2.936,54
W102000202,L'Arc à Bramans - DREAL,L'Arc,BRAMANS,73,45.223903,6.763826,9.6441,5.027,3.823,7
W103000101,L'Arc à Orelle [aval Pont des Chèvres] - DREAL,L'Arc,ORELLE,73,45.206811,6.559419,,0.034,,
W103000202,L'Arc à Saint-Michel-de-Maurienne [canal restitution Saussaz],L'Arc,SAINT-MICHEL-DE-MAURIENNE,73,45.214084,6.474446,,,,
W103000301,L'Arc à Saint-Michel-de-Maurienne [La Saussaz - EDF],L'Arc,SAINT-MICHEL-DE-MAURIENNE,73,45.210144,6.514799,30.304,14.535,9.55,76
W103000501,L'Arc à Saint-Michel-de-Maurienne [QNR La Saussaz - EDF],L'Arc,SAINT-MICHEL-DE-MAURIENNE,73,45.210144,6.514799,,,,
W105502001,L'Arvan à Saint-Jean-d'Arves - la Villette,L'Arvan,SAINT-JEAN-D'ARVES,73,45.20098,6.272254,1.8955,0.691,0.445,9
W105502002,L'Arvan à Saint-Jean-d'Arves - L'Endroit,L'Arvan,SAINT-JEAN-D'ARVES,73,45.212219,6.254377,1.5676,0.597,0.488,6
W106000102,L'Arc à Hermillon [Pontamafrey] - DREAL,L'Arc,HERMILLON,73,45.297312,6.354262,16.8739,6.031,4.711,8
W106000201,Le torrent des Roches à Saint-Colomban-des-Villards [Source des Roches] - Source des Roches,Torrent des Roches,SAINT-COLOMBAN-DES-VILLARDS,73,45.294257,6.209666,0.1279,0.092,,1
W107403001,L'Arc à Aiguebelle,L'Arc,AIGUEBELLE,73,45.544167,6.308782,68.8429,43.808,16.319,8
W107403002,L'Arc à Aiguebelle - Barrage usine Aquabella,L'Arc,AIGUEBELLE,73,45.544167,6.308782,54.8875,41.186,,
W107403003,L'Arc à Aiguebelle - Débit,L'Arc,AIGUEBELLE,73,45.544167,6.308782,80.0819,50.059,,4
W107403102,L'Arc à Saint-Rémy-de-Maurienne - DREAL,L'Arc,SAINT-REMY-DE-MAURIENNE,73,45.38599,6.275927,,,,
W110001001,L'Isère à Chamousset [Pont Royal] - EDF,L'Isère,CHAMOUSSET,73,45.56258,6.198606,126.0706,79.28,53.95,51
W110001002,L'Isère à Chamousset [Pont Royal] - DREAL,L'Isère,CHAMOUSSET,73,45.56258,6.198606,128.6898,81.976,,3
W110001003,L'Isère à Chamousset [Pont Royal] - SYMBHI,L'Isère,CHAMOUSSET,73,45.56258,6.198606,,,,
W110501002,Le Gélon à la Rochette,Le Gélon,ROCHETTE,73,45.463656,6.117593,1.3638,0.566,0.31,41
W111001001,L'Isère à Montmélian - Limnimètre,L'Isère,MONTMELIAN,73,45.49627,6.055664,121.167,80.169,55.659,27
W111001002,L'Isère à Montmélian - Débitmètre,L'Isère,MONTMELIAN,73,45.49627,6.055664,104.7493,67.152,19.686,5
W111001003,L'Isère à Montmélian - SH Chavort,L'Isère,MONTMELIAN,73,45.49627,6.055664,,,,
W111001301,Le ruisseau de la Crouza à Arbin [Source du Ruisseau] - Source du Ruisseau,Ruisseau de la Crouza,ARBIN,73,45.512275,6.068837,0.0279,0.025,0.023,6
V000201001,L'Arve à Chamonix-Mont-Blanc [Pont des Favrands],L'Arve,CHAMONIX-MONT-BLANC,74,45.915861,6.859323,11.0163,2.661,1.485,53
V000201201,L'Arve à Chamonix-Mont-Blanc [Pont de l'Aiguille] - Station amont,L'Arve,CHAMONIX-MONT-BLANC,74,45.919905,6.868145,,,,
V000201202,L'Arve à Chamonix-Mont-Blanc [Pont de l'Aiguille] - Station aval,L'Arve,CHAMONIX-MONT-BLANC,74,45.919905,6.868145,,,,
V000201203,L'Arve à Chamonix-Mont-Blanc [Pont de l'Aiguille] - Vitesse,L'Arve,CHAMONIX-MONT-BLANC,74,45.919905,6.868145,,,,
V001000101,La Diosaz aux Houches,La Diosaz,HOUCHES,74,45.930846,6.769211,1.2403,0.32,,4
V002000201,Le Bon Nant à Saint-Gervais-les-Bains,Le Bon Nant,SAINT-GERVAIS-LES-BAINS,74,45.906871,6.702737,,,,
V002000202,Le Bon Nant à Saint-Gervais-les-Bains - Débit,Le Bon Nant,SAINT-GERVAIS-LES-BAINS,74,45.90686,6.702728,,,,
V003201001,L'Arve à Sallanches,L'Arve,SALLANCHES,74,45.940462,6.641935,27.9274,11.211,6.547,38
V003201201,L'Arve à Passy - Pont de la Carabote,L'Arve,PASSY,74,45.920243,6.673405,23.7423,10.98,7.512,5
V005651101,L'Arve à Cluses - Pont-Vieux,L'Arve,CLUSES,74,46.056416,6.579665,28.8846,16.143,,1
V012000201,Le Giffre à Samoëns - Pont du Giffre - EDF,Le Giffre,SAMOENS,74,46.07618,6.718719,,,,
V012000202,Le Giffre à Samoëns - DREAL,Le Giffre,SAMOENS,74,46.07618,6.718719,11.1735,4.646,3.005,5
V014000201,Le Giffre à Mieussy - Taninges-Pressy EDF,Le Giffre,MIEUSSY,74,46.114227,6.552018,,2.202,,
V014000202,Le Giffre à Mieussy - DREAL,Le Giffre,MIEUSSY,74,46.114139,6.551947,6.9718,1.859,1.669,6
V014000301,Le Giffre à Mieussy [EDF - Taninges-Pressy-QNR],Le Giffre,MIEUSSY,74,46.114227,6.552018,18.6215,7.41,3.966,70
V015401001,Le Giffre à Marignier [Plan séraphin],Le Giffre,MARIGNIER,74,46.118277,6.497387,9.4547,2.846,2.407,14
V015501002,Le Risse à Saint-Jeoire [Pont du Risse] - 2,Le Risse,SAINT-JEOIRE,74,46.136462,6.475824,1.7723,0.625,,3
V020501002,Le Bronze à Bonneville - Pont,Le Bronze,BONNEVILLE,74,46.068079,6.455069,0.7029,0.171,0.072,5
V020542001,Le Borne à Saint-Jean-de-Sixt,Le Borne,SAINT-JEAN-DE-SIXT,74,45.936304,6.41847,2.7803,0.83,0.359,57
V020542201,L'Arve à Bonneville,L'Arve,BONNEVILLE,74,46.076794,6.405936,62.7457,35.194,27.56,5
V022000201,L'Arve à Reignier-Ésery [Arthaz] - EDF,L'Arve,REIGNIER-ESERY,74,46.150978,6.270914,69.7262,35.669,20.392,64
V022000202,L'Arve à Reignier-Ésery [Arthaz] - DREAL,L'Arve,REIGNIER-ESERY,74,46.150604,6.271048,68.5637,38.876,26.451,5
V022000301,L'Arve à Reignier-Ésery [QNR Arthaz - EDF],L'Arve,REIGNIER-ESERY,74,46.150604,6.271048,,,,
V023502001,La Menoge à Bonne [Pont D 198],La Menoge,BONNE,74,46.165726,6.320774,3.3453,0.936,0.437,17
V024561001,L'Aire à Saint-Julien-en-Genevois [Thairy],L'Aire,SAINT-JULIEN-EN-GENEVOIS,74,46.140069,6.066228,0.6777,0.075,0.023,42
V031401002,La Dranse à Vacheresse,La Dranse,VACHERESSE,74,46.326623,6.666921,5.9763,2.661,1.602,24
V032501001,La Dranse de Morzine à la Baume [Pont de Couvaloup],La Dranse de Morzine,BAUME,74,46.265108,6.620492,7.3944,2.994,1.804,56
V033401001,La Dranse à Reyvroz [Bioge],La Dranse,REYVROZ,74,46.326297,6.585798,19.3854,7.854,4.176,59
V034521001,Le Redon à Margencel,Le Redon,MARGENCEL,74,46.339302,6.415931,0.4414,0.151,0.07,44
V035501001,Le Foron à Sciez,Le Foron,SCIEZ,74,46.330403,6.381286,0.8724,0.216,0.106,50
V110000201,Les Usses à Cruseilles,Les Usses,CRUSEILLES,74,46.026545,6.074498,,,,
V111401001,Les Usses à Musièges [Pont des Douattes],Les Usses,MUSIEGES,74,46.006496,5.964613,3.2747,0.7,0.381,37
V112000101,Les Usses à Usinens - Pont-Rouge - Station partenaire CNR,Les Usses,USINENS,74,46.017239,5.869246,5.3453,0.863,,
V121401001,Le Fier à Dingy-Saint-Clair,Le Fier,DINGY-SAINT-CLAIR,74,45.905042,6.206702,9.3598,2.7,1.224,94
V122501001,La Fillière à Argonay,La Fillière,ARGONAY,74,45.955838,6.166284,4.5176,0.89,0.391,47
V123521001,L'Ire à Doussard,L'Ire,DOUSSARD,74,45.783017,6.224643,1.0429,0.321,0.136,48
V123542001,Le ruisseau de Bornette à Lathuile,Ruisseau de Bornette,LATHUILE,74,45.785784,6.20914,0.3529,0.096,0.037,38
V123561001,L'Eau Morte à Doussard,L'Eau Morte,DOUSSARD,74,45.787695,6.231537,2.6031,1.036,0.516,49
V123741001,Le Laudon à Saint-Jorioz,Le Laudon,SAINT-JORIOZ,74,45.835015,6.164893,0.7402,0.129,0.034,48
V125501001,Le Chéran à Allèves [La Charniaz],Le Chéran,ALLEVES,74,45.72065,6.103395,7.5825,2.346,1.008,75
V125781001,Le ruisseau des Eparis à Alby-sur-Chéran,Ruisseau des Eparis,ALBY-SUR-CHERAN,74,45.823932,6.0305,0.3858,0.104,0.038,49
V125841001,La Néphaz à Rumilly,La Néphaz,RUMILLY,74,45.863692,5.943906,0.4809,0.128,0.066,29
V126402301,Le Fier à Vallières [EDF],Le Fier,VALLIERES,74,45.902098,5.920634,40.4002,11.5,4.565,76
F700000102,La Seine à Paris - Austerlitz - station limni - secours CT,La Seine,PARIS,75,48.84469,2.365511,337.0835,143.0,90.226,15
F700000103,La Seine à Paris - Austerlitz [>2006] - Station débitmétrique,La Seine,PARIS,75,48.84469,2.365511,320.8001,149.228,98.523,19
F700000112,La Seine à Paris - Pont des Invalides [VNF],La Seine,PARIS,75,48.864134,2.310558,,,,
G017042010,La Bresle à Ponts-et-Marais,La Bresle,PONTS-ET-MARAIS,76,50.046069,1.447744,7.2802,5.652,4.575,26
G111041010,L'Yères à Touffreville-sur-Eu,L'Yeres,TOUFFREVILLE-SUR-EU,76,49.999781,1.339146,2.778,1.783,1.249,59
G206021010,La Béthune à Saint-Aubin-le-Cauf,L'Arques,SAINT-AUBIN-LE-CAUF,76,49.86398,1.1854,2.9769,1.333,0.745,47
G210061301,La Varenne à Torcy-le-Grand,La Varenne,TORCY-LE-GRAND,76,49.79301,1.173124,3.276,2.767,,3
G223041102,L'Eaulne à Ancourt - Chemin de l'Abreuvoir,L'Eaulne,ANCOURT,76,49.907255,1.171597,2.3349,1.542,,
G310061201,La Scie à Notre-Dame-du-Parc - Station partenaire SBVSVS,La Scie,NOTRE-DAME-DU-PARC,76,49.74677,1.113927,0.9531,0.696,,1
G400022010,La Saâne à Val-de-Saâne,La Saane,VAL-DE-SAANE,76,49.703431,0.963871,0.4636,0.328,0.246,28
G400022101,La Saâne à Biville-la-Rivière,La Saane,BIVILLE-LA-RIVIERE,76,49.778992,0.933394,2.1016,1.79,,1
G410000301,La Vienne à Hermanville - La Vienne à Hermanville,La Vienne,HERMANVILLE,76,49.819702,0.985339,0.4712,0.336,,2
G410000501,La Vienne à Bacqueville-en-Caux,La Vienne,BACQUEVILLE-EN-CAUX,76,49.787334,0.989983,,,,
G510061201,Le Dun au Bourg-Dun [Centre],Le Dun,BOURG-DUN,76,49.865322,0.887223,0.2635,0.182,,
G510061301,[La vallée sèche] à Bourville,,BOURVILLE,76,49.795616,0.823633,0.0035,0.0,0.0,11
G600061010,La Durdent à Vittefleur,La Durdent,VITTEFLEUR,76,49.818849,0.635323,3.8439,3.145,2.669,43
G700021010,La Valmont à Colleville,Rivière de Valmont,COLLEVILLE,76,49.74745,0.448067,0.8557,0.698,0.578,20
G710061010,La Ganzeville à Ganzeville,Ruisseau de Ganzeville,GANZEVILLE,76,49.73452,0.412165,0.8016,0.603,0.403,58
H310042010,L'Epte à Saumont-la-Poterie [Pont de Viogne],L'Epte,SAUMONT-LA-POTERIE,76,49.581718,1.632594,0.3549,0.07,0.046,20
H311041011,L'Epte à Gournay-en-Bray - Centre-ville,L'Epte,GOURNAY-EN-BRAY,76,49.480008,1.729468,2.0756,0.381,0.192,6
H323041010,L'Andelle à Rouvray-Catillon,L'Andelle,ROUVRAY-CATILLON,76,49.582853,1.493095,0.2762,0.089,0.063,36
H501011001,La Seine à Elbeuf - Station partenaire HAROPA,La Seine,ELBEUF,76,49.29251,1.013129,,,,
H501012001,La Seine à Oissel - Station partenaire HAROPA,La Seine,OISSEL,76,49.338472,1.103415,,,,
H502301301,Le Robec à Darnétal,Le Robec,DARNETAL,76,49.440347,1.146773,0.4034,0.294,0.25,7
H502301401,L'Aubette à Darnétal,L'Aubette,DARNETAL,76,49.436889,1.148745,0.3451,0.281,0.243,7
H503011001,La Seine à Rouen - Station partenaire HAROPA,La Seine,ROUEN,76,49.443323,1.071962,,,,
H504061010,Le Cailly à Cailly,Le Cailly,CAILLY,76,49.579171,1.222489,0.1475,0.079,0.036,27
H504062010,Le Cailly à Fontaine-le-Bourg [Grand-Tendos],Le Cailly,FONTAINE-LE-BOURG,76,49.561183,1.127045,0.7088,0.516,0.381,45
H504063011,Le Cailly à Notre-Dame-de-Bondeville - Echelle aval,Le Cailly,NOTRE-DAME-DE-BONDEVILLE,76,49.488387,1.047116,2.4205,2.241,,
H505011001,La Seine à Petit-Couronne - Station partenaire HAROPA,La Seine,PETIT-COURONNE,76,49.385761,1.011848,,,,
H505012001,La Seine à la Bouille - Station partenaire HAROPA,La Seine,BOUILLE,76,49.353873,0.928108,,,,
H505013001,La Seine à Mauny [Val-des-Leux] - Station partenaire HAROPA,La Seine,MAUNY,76,49.402452,0.921635,,,,
H505104001,La Seine à Duclair - Station partenaire HAROPA,La Seine,DUCLAIR,76,49.480418,0.874163,,,,
H506061010,L'Austreberthe à Saint-Paër,L'Austreberthe,SAINT-PAER,76,49.518787,0.921709,1.7461,1.305,1.121,28
H510011001,La Seine au Mesnil-sous-Jumièges - Station partenaire HAROPA,La Seine,MESNIL-SOUS-JUMIEGES,76,49.413144,0.86692,,,,
H510012001,La Seine à Heurteauville - Station partenaire HAROPA,La Seine,HEURTEAUVILLE,76,49.448052,0.815662,,,,
H512011001,La Seine à Caudebec-en-Caux - Station partenaire HAROPA,La Seine,RIVES-EN-SEINE,76,49.523623,0.714336,,,,
H512012001,La Seine à Vatteville-la-Rue - Station partenaire HAROPA,La Seine,VATTEVILLE-LA-RUE,76,49.480353,0.669242,,,,
H512014001,La Seine à Petiville [St-Léonard] - Station partenaire HAROPA,La Seine,PETIVILLE,76,49.460253,0.549723,,,,
H513061010,Le Commerce à Gruchet-le-Valasse,Rivière du Commerce,GRUCHET-LE-VALASSE,76,49.55178,0.48774,0.1992,0.13,0.1,30
H513062012,Le Commerce à Lillebonne - Manoir,Rivière du Commerce,LILLEBONNE,76,49.509677,0.536386,1.0641,0.851,,1
H514011001,La Seine à Tancarville - Station partenaire HAROPA,La Seine,TANCARVILLE,76,49.476891,0.467193,,,,
H722011001,La Seine au Havre [Embouchure de la Seine] - Station partenaire HAROPA,La Seine,HAVRE,76,49.432266,0.109764,,,,
H722011101,La Seine au Havre [Port] - Station partenaire HAROPA,La Seine,HAVRE,76,49.483781,0.114612,,,,
H733041010,La Lézarde à Montivilliers,La Lezarde,MONTIVILLIERS,76,49.543395,0.186444,1.0793,0.93,0.753,22
H740382101,Le canal de Tancarville au Havre [canal],Canal de Tancarville,HAVRE,76,49.48446,0.09072,,,,
F211000201,Le canal de dérivation de Beaulieu à Villiers-sur-Seine à Melz-sur-Seine - Ecluse de Melz (Amont),Canal de Derivation de Beaulieu a Villiers-sur-Seine,MELZ-SUR-SEINE,77,48.48752,3.420602,,,,
F211000202,Le canal de dérivation de Beaulieu à Villiers-sur-Seine à Melz-sur-Seine - (Ecluse de Melz Aval),Canal de Derivation de Beaulieu a Villiers-sur-Seine,MELZ-SUR-SEINE,77,48.486884,3.418899,,,,
F214000101,Le canal de dérivation de Beaulieu à Villiers-sur-Seine à Villiers-sur-Seine - Ecluse Villiers (Amont),Canal de Derivation de Beaulieu a Villiers-sur-Seine,VILLIERS-SUR-SEINE,77,48.466307,3.365921,,,,
F214000102,Le canal de dérivation de Beaulieu à Villiers-sur-Seine à Villiers-sur-Seine - Ecluse Villiers (aval),Canal de Derivation de Beaulieu a Villiers-sur-Seine,VILLIERS-SUR-SEINE,77,48.465555,3.363851,,,,
F220000101,La Seine à Noyen-sur-Seine - Barrage du Vezoult (amont),La Seine,NOYEN-SUR-SEINE,77,48.451076,3.322806,,,,
F220000102,La Seine à Noyen-sur-Seine - Barrage du Vezoult (aval),La Seine,NOYEN-SUR-SEINE,77,48.448516,3.322496,,,,
F221000101,La Seine à Jaulnes - Barrage (amont),La Seine,JAULNES,77,48.420832,3.269087,,,,
F221000102,La Seine à Jaulnes - Barrage (aval),La Seine,JAULNES,77,48.41951,3.268675,,,,
F221000103,La Seine à Jaulnes - Dernier bassin Passe à Poisson,La Seine,JAULNES,77,48.419546,3.269765,,,,
F221000201,La Seine à Bray-sur-Seine,La Seine,BRAY-SUR-SEINE,77,48.417677,3.233729,,,,
F232000102,La Voulzie à Jutigny - Nouvelle station - Rive droite,La Voulzie,JUTIGNY,77,48.487974,3.234956,1.5862,1.284,,
F240000104,La Seine à Bazoches-lès-Bray - Barrage de la Grande Bosse (amont),La Seine,BAZOCHES-LES-BRAY,77,48.424681,3.196616,,,,
F240000105,La Seine à Bazoches-lès-Bray - Barrage de la Grande Bosse (aval),La Seine,BAZOCHES-LES-BRAY,77,48.424265,3.186909,,,,
F240000106,La Seine à Bazoches-lès-Bray - Station débitmétrique (depuis 2015),La Seine,BAZOCHES-LES-BRAY,77,48.424836,3.189642,76.2889,30.279,19.267,9
F240000201,La Seine à la Tombe - Pont de la Tombe,La Seine,TOMBE,77,48.389243,3.090356,,,,
F240000301,La Seine à Marolles-sur-Seine - Barrage (amont),La Seine,MAROLLES-SUR-SEINE,77,48.388097,3.033093,,,,
F240000302,La Seine à Marolles-sur-Seine - Barrage (aval),La Seine,MAROLLES-SUR-SEINE,77,48.388097,3.032161,,,,
F243000101,La Seine à Marolles-sur-Seine - Pont de St Germain Laval [VNF],La Seine,MAROLLES-SUR-SEINE,77,48.393927,2.996864,,,,
F400000101,La Seine à Montereau-Fault-Yonne - Station limni - Secours CT,La Seine,MONTEREAU-FAULT-YONNE,77,48.389659,2.954789,433.2991,256.576,,
F400000102,La Seine à Montereau-Fault-Yonne - Station débitmétrique,La Seine,MONTEREAU-FAULT-YONNE,77,48.389659,2.954789,181.308,78.457,52.755,9
F400000202,La Seine à Varennes-sur-Seine - Barrage (aval) [VNF],La Seine,VARENNES-SUR-SEINE,77,48.375574,2.9141,,,,
F400000205,La Seine à Varennes-sur-Seine - Barrage (amont) [VNF],La Seine,VARENNES-SUR-SEINE,77,48.377168,2.916758,,,,
F400000301,La Seine à Saint-Mammès,La Seine,SAINT-MAMMES,77,48.389466,2.80769,,,,
F429000102,Le Betz à Bransles,Le Betz,BRANSLES,77,48.141433,2.823451,0.934,0.426,,2
F437000201,Le Loing à Nemours,Le Loing,NEMOURS,77,48.272598,2.694228,,,,
F438000101,Le Lunain à Paley,Le Lunain,PALEY,77,48.245809,2.860076,0.4898,0.244,0.148,46
F438000201,Le Lunain à Épisy,Le Lunain,EPISY,77,48.329012,2.774665,0.7106,0.351,0.183,47
F439000101,Le Loing à Épisy,Le Loing,EPISY,77,48.336701,2.78725,18.4778,7.7,4.549,76
F439000301,L'Orvanne à Diant [Lavoir de Cornoy],L'Orvanne,DIANT,77,48.271005,3.002049,0.4007,0.27,0.18,17
F440000101,La Seine à Champagne-sur-Seine - Barrage (amont) [VNF],La Seine,CHAMPAGNE-SUR-SEINE,77,48.399662,2.79298,,,,
F440000102,La Seine à Champagne-sur-Seine - Barrage (aval) [VNF],La Seine,CHAMPAGNE-SUR-SEINE,77,48.401185,2.794487,,,,
F443000101,La Seine à Bois-le-Roi - Barrage de La Cave (amont),La Seine,BOIS-LE-ROI,77,48.482394,2.708216,,,,
F443000102,La Seine à Bois-le-Roi - Barrage de La Cave (aval),La Seine,BOIS-LE-ROI,77,48.481703,2.705337,,,,
F445000101,Le ru d'Ancoeur à Blandy,Ru d'Ancoeur,BLANDY,77,48.569683,2.785545,0.5308,0.035,0.012,41
F446000201,L'Almont à Melun,L'Almont,MELUN,77,48.549439,2.678281,,,,
F447000101,La Seine à Melun,La Seine,MELUN,77,48.535543,2.658005,,,,
F447000201,La Seine à Boissise-la-Bertrand - Barrage de Vives-Eaux (amont),La Seine,BOISSISE-LA-BERTRAND,77,48.521452,2.586148,,,,
F447000202,La Seine à Boissise-la-Bertrand - Barrage de Vives-Eaux (aval) [VNF],La Seine,BOISSISE-LA-BERTRAND,77,48.524208,2.584393,,,,
F447000203,La Seine à Boissise-la-Bertrand - Vives-eaux amont [VNF],La Seine,BOISSISE-LA-BERTRAND,77,48.520988,2.587303,,,,
F447000204,La Seine à Boissise-la-Bertrand - Dernier bassin Passe à Poisson,La Seine,BOISSISE-LA-BERTRAND,77,48.522765,2.587047,,,,
F447000302,La Seine à Saint-Fargeau-Ponthierry - Sainte-Assise - Station débitmétrique,La Seine,SAINT-FARGEAU-PONTHIERRY,77,48.536875,2.547773,211.3282,95.267,63.629,26
F470000101,L'Yerres à Touquin - SR50 [SYAGE],L'Yerres,TOUQUIN,77,48.737298,3.019447,,,,
F470000201,Le ru de l'Etang de Beuvron à Touquin,Ru de l'Etang de Beuvron,TOUQUIN,77,48.73128,3.036479,,,,
F471000201,Le ruisseau de la Visandre à Voinsles - SR52 [SYAGE],Ruisseau de la Visandre,VOINSLES,77,48.698571,3.010339,,,,
F472000101,Le ru des Fontaines Blanches à Rozay-en-Brie - SR53 [SYAGE],Ru des Fontaines Blanches,ROZAY-EN-BRIE,77,48.674442,2.965642,,,,
F473000201,L'Yvron à Courpalay - SR57 [SYAGE],L'Yvron,COURPALAY,77,48.651359,2.938658,,,,
F474000102,L'Yerres à Courtomer - Paradis,L'Yerres,COURTOMER,77,48.648237,2.901109,1.4973,0.126,0.021,41
F474000301,L'Yerres à Chaumes-en-Brie - SR54 [SYAGE],L'Yerres,CHAUMES-EN-BRIE,77,48.663095,2.842828,,,,
F475000101,Le ru de Breon à Chaumes-en-Brie - SR58 [SYAGE],Ru de Breon,CHAUMES-EN-BRIE,77,48.670126,2.824234,,,,
F477000201,La Marsange à Ozouer-le-Voulgis - SR59 [SYAGE],La Marsange,OZOUER-LE-VOULGIS,77,48.671373,2.784432,,,,
F477000301,La Marsange à Neufmoutiers-en-Brie - SR65 [SYAGE],La Marsange,NEUFMOUTIERS-EN-BRIE,77,48.779694,2.846684,,,,
F477000401,La Marsange à Tournan-en-Brie - SR40 [SYAGE],La Marsange,TOURNAN-EN-BRIE,77,48.737031,2.761869,,,,
F480000201,Le ru d'Avon à Guignes - SR60 [SYAGE],Ru d'Avon,GUIGNES,77,48.641143,2.792236,,,,
F481000201,La Barbanconne à Grisy-Suisnes - SR55 [SYAGE],La Barbanconne,GRISY-SUISNES,77,48.681334,2.646139,,,,
F481000301,L'Yerres à Solers - SR61 [SYAGE],L'Yerres,SOLERS,77,48.655875,2.720621,,,,
F483000301,L'Yerres à Brie-Comte-Robert - SR56 [SYAGE],L'Yerres,BRIE-COMTE-ROBERT,77,48.671244,2.583159,,,,
F484000101,Le Reveillon à Chevry-Cossigny - SR63 [SYAGE],Le Reveillon,CHEVRY-COSSIGNY,77,48.727879,2.661835,,,,
F485000101,Le ru de la Ménagerie à Ozoir-la-Ferrière - SR64 [SYAGE],Ru de la Menagerie,OZOIR-LA-FERRIERE,77,48.770238,2.680918,,,,
F486000101,Le Reveillon à Férolles-Attilly - La Jonchère,Le Reveillon,FEROLLES-ATTILLY,77,48.729012,2.609493,0.253,0.043,0.023,19
F622000402,La Marne à la Ferté-sous-Jouarre - Station débitmétrique,La Marne,FERTE-SOUS-JOUARRE,77,48.947705,3.130206,95.3449,41.595,25.21,29
F625000101,Le Petit Morin à Jouarre - Vanry,Le Petit Morin,JOUARRE,77,48.930549,3.151509,3.3839,1.341,0.887,56
F641000101,La Thérouanne à Congis-sur-Thérouanne - Le Gué à Tresmes,La Therouanne,CONGIS-SUR-THEROUANNE,77,49.021164,2.963318,0.5879,0.373,0.267,28
F643000101,La Marne à Meaux,La Marne,MEAUX,77,48.95072,2.88116,,,,
F643000102,La Marne à Meaux - Barrage ancien de Meaux (amont) [VNF],La Marne,MEAUX,77,48.952574,2.875323,,,,
F643000103,La Marne à Meaux - Barrage ancien de Meaux (aval) [VNF],La Marne,MEAUX,77,48.9523,2.875565,,,,
F652000101,Le Grand Morin à Meilleray,Le Grand Morin,MEILLERAY,77,48.788293,3.422093,1.9519,0.87,0.683,29
F654000301,Le ru du Rognon à Boissy-le-Châtel [Le Theil],Ru du Rognon,BOISSY-LE-CHATEL,77,48.826228,3.112141,,,,
F654000401,Le ru de l'Orgeval à Boissy-le-Châtel [Les Avenelles],Ru de l'Orgeval,BOISSY-LE-CHATEL,77,48.829721,3.11806,,,,
F654000501,Le ru de Fosse-Rognon à Doue [Mélarchez],Ru de Fosse-Rognon,DOUE,77,48.867283,3.190121,0.0577,0.004,0.001,23
F654000601,[Ru de Choqueuse (intermittent)] à Saint-Cyr-sur-Morin [Goins],,SAINT-CYR-SUR-MORIN,77,48.885861,3.139461,0.007,0.0,,
F654000701,[Ru de Choqueuse (intermittent)] à Jouarre [Choqueuse],,JOUARRE,77,48.882725,3.128489,0.0106,0.001,,1
F654000801,[Ru de Choqueuse] à Saint-Germain-sous-Doue [La Loge],,SAINT-GERMAIN-SOUS-DOUE,77,48.859553,3.134211,0.0152,0.003,0.001,13
F654000901,[Ru des Quatre Cents (intermittent)] à Doue,,DOUE,77,48.874834,3.124012,0.0067,0.001,,
F654001001,[Collecteur de drain] à Boissy-le-Châtel - Le drain (parcelle 620m²) à Boissy-le-Châtel,,BOISSY-LE-CHATEL,77,48.823897,3.139567,0.0,0.0,,1
F655000101,Le Grand Morin à Pommeuse,Le Grand Morin,POMMEUSE,77,48.817646,3.014,5.5285,2.65,2.039,54
F655000102,Le Grand Morin à Pommeuse - Rive droite provisoire,Le Grand Morin,POMMEUSE,77,48.817953,3.013874,8.2371,2.396,,1
F657000201,L'Aubetin à Pommeuse - Le Poncet,L'Aubetin,POMMEUSE,77,48.796601,3.015873,1.0856,0.347,0.19,17
F658000202,Le Grand Morin [un seul bras] à Couilly-Pont-aux-Dames - Station débitmétrique,Le Grand Morin,COUILLY-PONT-AUX-DAMES,77,48.883776,2.85475,6.7493,2.836,2.03,19
F658000401,Le Grand Morin à Condé-Sainte-Libiaire,Le Grand Morin,CONDE-SAINTE-LIBIAIRE,77,48.899968,2.829832,,,,
F662000101,La Marne à Chalifert,La Marne,CHALIFERT,77,48.898005,2.769584,,,,
F664000107,La Marne à Noisiel - Barrage de Noisiel (amont) [VNF],La Marne,NOISIEL,77,48.85862,2.623892,,,,
F664000108,La Marne à Noisiel - Barrage de Noisiel (aval) [VNF],La Marne,NOISIEL,77,48.86507,2.575131,,,,
H402203001,L'Essonne à Boulancourt,L'Essonne,BOULANCOURT,77,48.257724,2.427538,1.4093,0.637,0.195,39
F462000701,La Rémarde à Saint-Arnoult-en-Yvelines,La Rémarde,SAINT-ARNOULT-EN-YVELINES,78,48.568616,1.926718,,,,
F465000302,L'Yvette à Chevreuse - Pont de la rue du Moulin,L'Yvette,CHEVREUSE,78,48.704193,2.055512,,,,
F712000102,La Seine à Chatou - Barrage (aval),La Seine,CHATOU,78,48.892702,2.164284,,,,
H300000201,La Seine à Poissy,La Seine,POISSY,78,48.936992,2.038135,520.776,255.0,176.767,15
H303000201,La Guyonne à Mareil-le-Guyon,La Guyonne,MAREIL-LE-GUYON,78,48.791375,1.849979,0.1529,0.069,0.047,36
H303000401,Le ruisseau du Lieutel à Neauphle-le-Vieux,Ruisseau du Lieutel,NEAUPHLE-LE-VIEUX,78,48.813127,1.86068,0.1983,0.088,0.057,19
H305000101,La Mauldre à Beynes - Mairie,La Mauldre,BEYNES,78,48.856242,1.876434,1.0359,0.608,0.455,41
H305000301,Le ru de Gally à Thiverval-Grignon - Les Quatre Pignons,Ru de Gally,THIVERVAL-GRIGNON,78,48.859235,1.913269,0.6444,0.446,0.35,36
H305000401,La Mauldre à Aulnay-sur-Mauldre - Centre ville,La Mauldre,AULNAY-SUR-MAULDRE,78,48.928531,1.842047,1.8539,1.251,1.003,20
H308000101,La Seine à Limay [Mantes],La Seine,LIMAY,78,48.993153,1.725414,,,,
H308000203,La Seine à Méricourt - Barrage (amont) [VNF],La Seine,MERICOURT,78,49.02362,1.611853,,,,
H308000204,La Seine à Méricourt - Barrage (aval) [VNF],La Seine,MERICOURT,78,49.031645,1.619842,,,,
L810211001,Le Thouet au Tallud [La Pèchellerie],le Thouet,TALLUD,79,46.626456,-0.299663,1.193,0.203,0.066,21
L812211004,Le Thouet à Parthenay - passerelle Godineau,le Thouet,PARTHENAY,79,46.653299,-0.247096,3.457,,0.108,5
L812212001,Le Thouet à Saint-Loup-Lamairé [Pont de Saint-Loup],le Thouet,SAINT-LOUP-LAMAIRE,79,46.786083,-0.166851,4.9345,0.518,0.131,21
L812212004,Le Thouet à Saint-Loup-Lamairé [Pont de Saint-Loup] - Boussin,le Thouet,SAINT-LOUP-LAMAIRE,79,46.763978,-0.172031,4.8855,0.368,0.116,13
L813402001,Le Cébron à Saint-Loup-Lamairé [Puy Terrier],le Cébron,SAINT-LOUP-LAMAIRE,79,46.774295,-0.191116,1.1016,0.055,0.019,29
L814211001,Le Thouet à Saint-Généroux [Pont de Saint-Généroux],le Thouet,SAINT-GENEROUX,79,46.8836,-0.139912,5.6922,0.66,0.205,38
L821301001,Le Thouaret à Luzay [La Planche],le Thouaret,LUZAY,79,46.922967,-0.186866,1.8915,0.066,0.002,48
L822211001,Le Thouet à Missé [Missé],le Thouet,MISSE,79,46.952492,-0.191249,7.9974,0.884,0.451,31
L834301001,L'Argenton à Massais [Moulin Bernard],l'Argenton,MASSAIS,79,46.99766,-0.356462,4.6153,0.241,0.028,54
M700561010,L'Ouine au Breuil-Bernard [Les Alleuds],l'Ouine,BREUIL-BERNARD,79,46.701244,-0.555235,0.7246,0.052,0.005,30
M704401010,L'Ouin à Mauléon [La Voie Moulins],l'Ouin,MAULEON,79,46.964207,-0.799789,0.6349,0.07,0.014,43
N400061601,Le Pamproux à Sainte-Eanne - La Villedieu de Comblé,le Pamproux,SAINTE-EANNE,79,46.377036,-0.123182,3.0486,1.026,,2
N401061001,La Sèvre niortaise à Azay-le-Brûlé - Pont de Ricou,,AZAY-LE-BRULE,79,46.386522,-0.243386,4.2645,1.26,0.633,54
N401061002,La Sèvre niortaise à Saint-Maixent-l'École,,SAINT-MAIXENT-L'ECOLE,79,46.409507,-0.200805,,31.651,,
N410403001,Le Chambon à Azay-le-Brûlé - Pont de Bedane,le Chambon,AZAY-LE-BRULE,79,46.404326,-0.301323,1.5345,0.365,0.151,34
N412001001,L'Egray à Sainte-Ouenne,l'Egray,SAINTE-OUENNE,79,46.414166,-0.45601,1.0308,0.02,0.0,17
N420001001,Le Lambon à Mougon,le Lambon,MOUGON-THORIGNE,79,46.30614,-0.25953,0.3536,0.039,0.007,10
N430062002,La Sèvre niortaise à Niort [La Tiffardière - Pont],,NIORT,79,46.328473,-0.519995,12.5381,2.415,1.235,10
N430062101,La Sèvre niortaise à Niort [La Tiffardière - Bief capteur],,NIORT,79,46.331619,-0.51766,6.7163,1.806,0.666,25
N430062201,La Sèvre niortaise à Niort [La Tiffardière - Bras principal],,NIORT,79,46.330647,-0.516439,4.7186,0.531,0.117,25
N430062401,La Sèvre niortaise à Niort [Centre ville],,NIORT,79,46.327176,-0.464393,,,,
N430521201,La Sèvre niortaise à Saint-Maxire,,SAINT-MAXIRE,79,46.396592,-0.474915,,,,
N600302002,Le Mignon à Mauzé-sur-le-Mignon,,MAUZE-SUR-LE-MIGNON,79,46.210145,-0.684548,2.284,0.311,0.012,7
N601401401,La Courance à Granzay-Gript,,GRANZAY-GRIPT,79,46.223772,-0.488143,0.6573,0.019,0.006,9
R608001002,La Boutonne au Vert [Pont du Vert],La Boutonne,VERT,79,46.093498,-0.392644,,,,
E550572001,L'Authie à Dompierre-sur-Authie,Authie,DOMPIERRE-SUR-AUTHIE,80,50.304503,1.91844,7.8824,5.863,4.282,61
E550572601,L'Authie à Occoches,Authie,OCCOCHES,80,50.171784,2.266535,3.7338,2.811,2.307,6
E550572701,L'Authie à Villers-sur-Authie,Authie,VILLERS-SUR-AUTHIE,80,50.338443,1.690237,,,,
E633095001,La Somme canalisée à Éclusier-Vaux,La Somme Canalisée,ECLUSIER-VAUX,80,49.937426,2.78697,0.4627,0.173,-0.045,12
E635140201,La Somme à Bray-sur-Somme,La Somme Rivière,BRAY-SUR-SOMME,80,49.936718,2.718267,8.052,5.032,3.472,20
E635142002,La Somme à Ham - Estouilly,La Somme Rivière,HAM,80,49.750275,3.084837,1.9576,1.25,0.827,24
E635142601,La Somme à Biaches - Aval,La Somme Rivière,BIACHES,80,49.937673,2.900056,,,,
E635142602,La Somme à Biaches - Amont siphon de Halles,La Somme Rivière,BIACHES,80,49.937406,2.900864,7.1517,4.594,3.293,6
E638607001,L'Ancre à Bonnay,Ancre,BONNAY,80,49.936084,2.513474,2.4442,1.595,1.21,23
E638607201,L'Ancre à Albert,Ancre,ALBERT,80,50.010248,2.65555,,,,
E639701001,L'Hallue à Bavelincourt,Rivière d'Hallue,BAVELINCOURT,80,49.989529,2.457839,0.5611,0.224,0.083,42
E639703002,L'Hallue à Querrieu,Rivière d'Hallue,QUERRIEU,80,49.937731,2.434891,1.2285,0.644,0.335,6
E640091001,La Somme canalisée à Lamotte-Brebière,La Somme Canalisée,LAMOTTE-BREBIERE,80,49.884785,2.401626,14.5986,10.471,7.37,21
E640600201,L'Avre à Longueau - fermé,Avre,LONGUEAU,80,49.876391,2.344252,,,,
E640600202,L'Avre à Longueau - débit,Avre,LONGUEAU,80,49.8764,2.344317,6.0852,4.951,,1
E640601001,L'Avre à Moreuil,Avre,MOREUIL,80,49.769372,2.486283,2.1679,1.503,0.883,56
E640603501,L'Avre à Saint-Mard,Avre,SAINT-MARD,80,49.693971,2.76825,0.2648,0.127,0.062,16
E640754001,La Noye à Dommartin,Noye,DOMMARTIN,80,49.796122,2.388128,1.1313,0.89,0.677,14
E642601001,La Selle à Plachy-Buyon,Selle ou Somme,PLACHY-BUYON,80,49.81653,2.215512,3.9131,3.251,2.731,44
E645651601,La Nièvre à Flixecourt - Pont SNCF,Nièvre,FLIXECOURT,80,50.011503,2.06676,2.1227,1.769,1.433,7
E645651701,L'Airaines à Longpré-les-Corps-Saints,Rivière d'Airaines,LONGPRE-LES-CORPS-SAINTS,80,50.014721,1.994758,1.6098,1.394,1.202,9
E647091002,La Somme canalisée à Abbeville - Station ultrason - Fermée,La Somme Canalisée,ABBEVILLE,80,50.094496,1.829748,35.7957,28.647,22.527,15
E647091003,La Somme canalisée à Abbeville - Pont ferroviaire,La Somme Canalisée,ABBEVILLE,80,50.092007,1.827566,37.2434,29.593,,4
E648093001,La Somme canalisée à Boismont,La Somme Canalisée,BOISMONT,80,50.160605,1.688184,39.4728,31.542,23.733,19
E648093401,Le Scardon à Abbeville,Scardon,ABBEVILLE,80,50.114203,1.827061,1.9524,1.722,,1
E649563001,Le Canal d'Abbeville [Contre fossé rive gauche] à Boismont,Contre Fossé Rg Canal Maritime d'Abbeville à Saint Valéry sur Somme,BOISMONT,80,50.160072,1.68789,5.8392,0.892,,2
E649831501,La Maye à Arry,Maye,ARRY,80,50.276009,1.725031,0.9895,0.555,0.345,28
O384000201,Le Tarn à Ambialet - (Pécotte - DREAL),Le Tarn,AMBIALET,81,43.932488,2.325431,81.395,25.7,13.61,72
O384000202,Le Tarn à Ambialet - Le Tarn à Marsal [Pécotte - EDF],Le Tarn,AMBIALET,81,43.932591,2.324339,81.0432,25.8,13.593,71
O400101001,Le Tarn à Albi,Le Tarn,ALBI,81,43.931686,2.14408,97.0891,50.631,41.049,31
O405000101,L'Agout à Anglès [La Raviège],L'Agout,ANGLES,81,43.595197,2.595897,5.6625,1.49,0.479,27
O408101001,Le Tarn à Rabastens [Saint-Sulpice],Le Tarn,RABASTENS,81,43.786226,1.684402,158.5824,94.0,81.835,40
O415251001,L'Agout à Brassac,L'Agout,BRASSAC,81,43.629836,2.497167,,,,
O419433002,Le Gijou à Vabre - HE,Le Gijou,VABRE,81,43.694003,2.426336,4.264,1.015,0.492,31
O419433004,Le Gijou à Vabre - HG,Le Gijou,VABRE,81,43.692003,2.419238,4.4088,1.209,0.741,15
O422251002,L'Agout à Castres - Tutelle,L'Agout,CASTRES,81,43.614869,2.261719,15.8164,4.844,2.794,43
O422251003,L'Agout à Castres - HE,L'Agout,CASTRES,81,43.605018,2.242479,14.6059,4.367,2.329,32
O431401001,Le Thoré à Sauveterre [La Bourgade],Le Thoré,SAUVETERRE,81,43.473539,2.547157,1.7014,0.257,0.09,23
O434000101,L'Arn à Anglès [EDF -Les Taillades],L'Arn,ANGLES,81,43.534585,2.577138,2.7399,0.474,0.128,38
O435000101,L'Arn au Vintrou [EDF - Saints-Peyres],L'Arn,VINTROU,81,43.538334,2.491296,4.4559,0.904,0.223,75
O438401001,Le Thoré à Aussillon [Pont de Rigautou],Le Thoré,AUSSILLON,81,43.516209,2.371994,12.2348,3.727,1.819,24
O454402001,Le Sor à Cambounet-sur-le-Sor,Le Sor,CAMBOUNET-SUR-LE-SOR,81,43.576733,2.114606,2.6154,0.385,0.204,43
O455000201,Le ruisseau du Bernazobre à Soual,Ruisseau du Bernazobre,SOUAL,81,43.570455,2.135048,0.6088,0.06,0.005,15
O460251001,L'Agout à Vielmur-sur-Agout,L'Agout,VIELMUR-SUR-AGOUT,81,43.618597,2.092532,,,,
O462000101,Le ruisseau de Bagas à Cuq [La Mouline],Ruisseau de Bagas,CUQ,81,43.647425,2.102659,0.4705,0.03,0.002,5
O464000201,Le ruisseau d'en Guibaud à Guitalens-L'Albarède [Camp-Redon] - Camp-Redon,Ruisseau d'en Guibaud,GUITALENS-L'ALBAREDE,81,43.643127,2.023671,0.099,0.016,,1
O469251003,L'Agout à Lavaur - Pont de Lavaur,L'Agout,LAVAUR,81,43.701405,1.82291,39.4167,12.463,6.365,29
O470403001,Le Dadou à Rayssac [Saint-Jean-de-Jeanne],Le Dadou,RAYSSAC,81,43.822188,2.440723,1.484,0.183,0.046,49
O476000201,L'Assou à Laboutarie [Escribe] - Escribe,L'Assou,LABOUTARIE,81,43.788074,2.125471,0.6973,0.088,,4
O477401001,Le Dadou à Montdragon,Le Dadou,MONTDRAGON,81,43.778367,2.091662,7.7256,1.63,0.89,56
O477402001,Le Dadou à Graulhet,Le Dadou,GRAULHET,81,43.762787,1.990276,7.3452,1.527,1.125,32
O478000201,Le ruisseau d'Agros à Graulhet - La Mozelle,Ruisseau d'Agros,GRAULHET,81,43.772146,2.000977,0.369,0.084,,2
O480252002,L'Agout à Saint-Lieux-lès-Lavaur [Le Port],L'Agout,SAINT-LIEUX-LES-LAVAUR,81,43.760394,1.769756,44.2367,12.761,7.336,21
O556000101,Le ruisseau de Candour à Saint-Christophe [Aval],Ruisseau de Candour,SAINT-CHRISTOPHE,81,44.146254,2.004395,,,,
O557291001,Le Viaur à Saint-Martin-Laguépie [2],Le Viaur,SAINT-MARTIN-LAGUEPIE,81,44.142784,1.969076,14.5102,2.749,1.078,87
O566401001,Le Cérou à Milhars,Le Cérou,MILHARS,81,44.127639,1.882567,3.7851,0.823,0.343,56
O262002001,La Garonne à Verdun-sur-Garonne - HE,La Garonne,VERDUN-SUR-GARONNE,82,43.850859,1.24171,,,,
O262002002,La Garonne à Verdun-sur-Garonne - HG,La Garonne,VERDUN-SUR-GARONNE,82,43.854487,1.242406,188.3971,73.08,46.165,53
O284000101,Le bras de la Gimone à Maubec [Moulin de Maubec],Bras de la Gimone,MAUBEC,82,43.815235,0.912272,,,,
O286331001,La Gimone à Beaumont-de-Lomagne,La Gimone,BEAUMONT-DE-LOMAGNE,82,43.879468,0.992065,4.6222,0.515,,
O288000101,La Gimone à Cordes-Tolosannes [Castelferrus],La Gimone,CORDES-TOLOSANNES,82,43.997668,1.110592,3.0946,0.698,0.46,57
O290002001,La Garonne à Saint-Aignan [Tres Casses],La Garonne,SAINT-AIGNAN,82,44.022641,1.07856,353.5088,150.875,,
O494101001,Le Tarn à Montauban,Le Tarn,MONTAUBAN,82,44.016922,1.348812,188.0618,107.534,55.926,20
O498432001,Le Tescou à Saint-Nauphary,Le Tescou,SAINT-NAUPHARY,82,43.96604,1.431957,1.0807,0.19,0.031,50
O499103001,Le Tarn à Villemade,Le Tarn,VILLEMADE,82,44.084826,1.270732,56.1473,23.486,,1
O529251001,L'Aveyron à Laguépie [1],L'Aveyron,LAGUEPIE,82,44.151828,1.973582,18.1792,3.26,1.305,65
O560252001,L'Aveyron à Varen,L'Aveyron,VAREN,82,44.158042,1.895958,46.7276,25.718,21.828,11
O567000101,La Seye à Varen - Seye,La Seye,VAREN,82,44.147447,1.859917,0.093,0.038,,1
O568501002,La Bonnette à Saint-Antonin-Noble-Val,La Bonnette,SAINT-ANTONIN-NOBLE-VAL,82,44.161243,1.754514,1.1639,0.1,0.036,12
O568501101,Le ruisseau de la Gourgue à Saint-Antonin-Noble-Val - Gourgue,Ruisseau de la Gourgue,SAINT-ANTONIN-NOBLE-VAL,82,44.187904,1.740117,0.1908,0.039,,4
O575402001,La Vère à Bruniquel [La Gauterie],La Vère,BRUNIQUEL,82,44.024127,1.672932,2.057,0.206,0.045,54
O576251001,L'Aveyron à Bruniquel [Montricoux],L'Aveyron,BRUNIQUEL,82,44.072981,1.616704,42.1278,7.477,3.379,25
O582000101,Le Cande à Puylaroque - Cande,Bras du Cande,PUYLAROQUE,82,44.254695,1.59568,0.2832,0.093,0.039,11
O585401001,La Lère à Réalville,Rivière la Lère,REALVILLE,82,44.127004,1.480728,2.4479,0.202,0.049,54
O588251001,L'Aveyron à Montauban [Loubéjac],L'Aveyron,MONTAUBAN,82,44.091554,1.340483,52.4582,7.922,2.624,109
O590101002,Le Tarn à Lizac - Sainte-Livrade,Le Tarn,LIZAC,82,44.117138,1.165946,,,,
O596402001,Le Lemboulas à Lafrançaise [Lunel],Le Lemboulas,LAFRANCAISE,82,44.136924,1.203286,2.1318,0.182,0.028,55
O598101001,Le Tarn à Moissac [aval],Le Tarn,MOISSAC,82,44.097961,1.082775,,,,
O613401001,La Barguelonne à Castelsagrat [Fourquet],La Barguelonne,CASTELSAGRAT,82,44.16976,0.997543,2.9386,0.262,0.015,57
O614001001,La Garonne à Lamagistère,La Garonne,LAMAGISTERE,82,44.121025,0.831075,387.5012,138.39,76.644,58
X230501001,Le Jabron à Comps-sur-Artuby [Pont de l'Evescat],Le Jabron,COMPS-SUR-ARTUBY,83,43.755407,6.513243,0.6178,0.082,0.016,42
X241403001,L'Artuby à la Bastide [Taulane],L'Artuby,BASTIDE,83,43.76389,6.621931,1.0543,0.299,0.185,46
X281121001,Le Verdon [Aval de la confluence d'un canal ouvrage EDF et du cours d'eau naturel] à Vinon-sur-Verdon [Le Hameau] - Pont,Le Verdon,VINON-SUR-VERDON,83,43.727785,5.812987,23.6449,8.313,,4
X281121002,Le Verdon [Aval de la confluence d'un canal ouvrage EDF et du cours d'eau naturel] à Vinon-sur-Verdon [Le Hameau],Le Verdon,VINON-SUR-VERDON,83,43.727793,5.813477,18.7472,2.879,2.679,5
X281121101,Le Verdon à Vinon-sur-Verdon [Vinon-Gréoux - EDF],Le Verdon,VINON-SUR-VERDON,83,43.750244,5.927717,25.5741,7.217,4.119,55
Y441401501,L'Huveaune à Saint-Zacharie [Le Moulin blanc],L'Huveaune,SAINT-ZACHARIE,83,43.38039,5.699751,0.3076,0.042,0.022,19
Y451542001,La Reppe à Ollioules [Le Grand Plan],La Reppe,OLLIOULES,83,43.125491,5.837099,0.177,0.0,0.0,22
Y452000102,Le Las [Le Las] au Revest-les-Eaux - Mesure du débit réservé - Barrage de Dardennes,Le Las,REVEST-LES-EAUX,83,43.173832,5.930455,0.0545,0.047,,4
Y460402001,Le Gapeau à Solliès-Pont,Le Gapeau,SOLLIES-PONT,83,43.192567,6.038024,1.2475,0.133,0.06,55
Y460402201,Le Gapeau à Signes - Cancérilles,Le Gapeau,SIGNES,83,43.275331,5.923113,0.1392,0.06,0.033,9
Y460402301,Le Gapeau à la Crau - RD 554B,Le Gapeau,CRAU,83,43.155113,6.078853,0.7376,0.122,,
Y461112001,Le Vallon de Rouves Gavot à Collobrières,Vallon de Rouves Gavot,COLLOBRIERES,83,43.278124,6.342658,0.0013,0.0,0.0,9
Y461502001,Le Réal Martin à la Crau [Decapris],Le Réal Martin,CRAU,83,43.186562,6.111719,2.1587,0.278,0.089,57
Y461502701,Le Réal Collobrier à Pierrefeu-du-Var [Pont de Fer],Le Réal Collobrier,PIERREFEU-DU-VAR,83,43.236242,6.218964,0.3186,0.001,0.0,9
Y461502702,Le Réal Collobrier à Pierrefeu-du-Var [Pont de Fer] - Station amont pont,Le Réal Collobrier,PIERREFEU-DU-VAR,83,43.236274,6.218997,0.5898,0.014,0.0,48
Y461502801,Le Réal Collobrier à Collobrières,Le Réal Collobrier,COLLOBRIERES,83,43.237359,6.312503,,,,
Y461502901,Le Réal Martin à Pierrefeu-du-Var - Portanière,Le Réal Martin,PIERREFEU-DU-VAR,83,43.246469,6.169644,0.5765,0.182,,3
Y462401001,Le Gapeau à Hyères [Sainte-Eulalie],Le Gapeau,HYERES,83,43.147115,6.14973,3.9609,0.446,0.192,61
Y500202001,L'Argens [source] à Seillons-Source-d'Argens,L'Argens,SEILLONS-SOURCE-D'ARGENS,83,43.50308,5.908039,0.4009,0.118,0.064,47
Y500521201,Le Cauron à Bras - Amont du Pont des Allées,Le Cauron,BRAS,83,43.472419,5.950175,0.3721,0.124,0.083,9
Y501000301,Le Vallon de Font Taillade à Brue-Auriac [Aval Brue - SMA],Vallon de Font Taillade,BRUE-AURIAC,83,43.52559,5.95393,0.029,0.012,,
Y502000201,L'Eau Salée à Barjols [Bas Pirioux - D554- SMA],L'Eau Salée,BARJOLS,83,43.533862,6.01039,0.7553,0.334,,
Y503201001,L'Argens à Châteauvert,L'Argens,CHATEAUVERT,83,43.499944,6.026203,3.2501,1.017,0.63,52
Y503202101,La Cassole à Cotignac [Chemin de Peyrane - SMA],La Cassole,COTIGNAC,83,43.504529,6.16309,0.0585,0.035,,
Y510501001,Le Caramy à Vins-sur-Caramy [Les Marcounious],Le Caramy,VINS-SUR-CARAMY,83,43.441011,6.173477,2.1476,0.622,0.335,53
Y510504001,Le Caramy [source] à Mazaugues,Le Caramy,MAZAUGUES,83,43.345502,5.924059,0.0556,0.006,0.002,25
Y510661001,L'Issole à Cabasse [Pont des Fées],L'Issole,CABASSE,83,43.443355,6.222379,1.4094,0.047,0.0,50
Y510661601,Le Caramy [Caramy aval Barrage] à Carcès - Station Chapelle,Le Caramy,CARCES,83,43.466699,6.206818,0.7235,0.476,,
Y510661701,Le Caramy à Brignoles [Les Censiés],Le Caramy,BRIGNOLES,83,43.402289,6.005846,0.952,0.298,,
Y510661702,Le Caramy à Brignoles [Les Censiés] - Pont de la D5 - DREAL PACA,Le Caramy,BRIGNOLES,83,43.402289,6.005846,,,,
Y510661801,L'Issole à Forcalqueiret,L'Issole,FORCALQUEIRET,83,43.342056,6.088789,1.115,0.925,,
Y510661802,L'Issole à Forcalqueiret - Pont de la D43 - DREAL PACA,L'Issole,FORCALQUEIRET,83,43.342056,6.088789,,,,
Y511201001,L'Argens à Carcès [aval],L'Argens,CARCES,83,43.477786,6.196414,7.4521,1.556,0.841,49
Y511502002,La Bresque à Salernes [Les Vingalières],La Bresque,SALERNES,83,43.562732,6.231291,0.5544,0.199,0.094,23
Y511502101,La Bresque à Entrecasteaux [Pimaquet - D562 - SMA],La Bresque,ENTRECASTEAUX,83,43.487815,6.238288,1.315,0.629,,
Y520201001,L'Argens aux Arcs - RN 7,L'Argens,ARCS,83,43.446607,6.471459,10.9505,3.219,1.725,56
Y520201201,Le ruisseau Florièye à Lorgues [St Barthélémy - D562 - SMA],Ruisseau Florièye,LORGUES,83,43.496239,6.39979,0.264,0.188,,
Y521502002,L'Aille à Vidauban [Le Baou] - Aval (Pont Rouge),L'Aille,VIDAUBAN,83,43.397175,6.45585,2.1276,0.066,0.002,7
Y523501001,La Nartuby à Trans-en-Provence [CD 555] - Décathlon,La Nartuby,TRANS-EN-PROVENCE,83,43.505032,6.482789,1.4045,0.381,0.08,49
Y523501002,La Nartuby à Trans-en-Provence [CD 555] - Pont des Écoles,La Nartuby,TRANS-EN-PROVENCE,83,43.504515,6.48399,0.9362,0.11,0.0,6
Y523581101,La Nartuby à Draguignan - La Clape,La Nartuby,DRAGUIGNAN,83,43.559172,6.425676,0.6631,0.038,,3
Y530501501,L'Endre au Muy,L'Endre,MUY,83,43.50331,6.589606,0.8331,0.014,0.0,14
Y531201001,L'Argens à Roquebrune-sur-Argens,L'Argens,ROQUEBRUNE-SUR-ARGENS,83,43.449731,6.633085,18.0715,5.119,2.296,48
Y532501002,Le Reyran à Fréjus [Sainte-Brigitte] - Aval,Le Reyran,FREJUS,83,43.47267,6.741851,0.5665,0.053,0.007,7
Y541000101,Le Bourrian [lit mineur Bourrian] à Gassin [CTM Gassin],Le Bourrian,GASSIN,83,43.245285,6.57189,,,,
Y542401001,La Giscle à Cogolin,La Giscle,COGOLIN,83,43.256702,6.532038,0.5716,0.0,0.0,38
Y542401201,Le ruisseau de Grenouille à Cogolin,Ruisseau de Grenouille,COGOLIN,83,43.258613,6.517637,1.3794,1.045,,2
Y543501001,La Môle au Lavandou [Destel],La Môle,LAVANDOU,83,43.206098,6.440887,0.3684,0.0,0.0,53
Y543621201,La Môle à la Môle - RD27 - Pont de l'Aéroport,La Môle,MOLE,83,43.203035,6.474098,,,,
Y544401001,La Giscle à Cogolin [Les Ajusts],La Giscle,COGOLIN,83,43.25445,6.552562,1.4381,0.008,0.0,46
Y544501101,La Giscle [Pont de bois RD 14] à Grimaud [Pont de bois],La Giscle,GRIMAUD,83,43.272179,6.50297,1.1589,0.164,,
Y544501201,La Garde à Grimaud - Pont de Calade,La Garde,GRIMAUD,83,43.27372,6.538198,3.5506,1.144,,
Y545000201,Le Préconil au Plan-de-la-Tour [RD 44],Le Préconil,PLAN-DE-LA-TOUR,83,43.329619,6.544418,0.9513,0.415,,
Y545000301,Le Préconil à Sainte-Maxime [ZA Camp ferrat] - STACO,Le Préconil,SAINTE-MAXIME,83,43.326364,6.602291,2.0461,1.223,,
Y545000401,Le Préconil à Sainte-Maxime [Virgiles] - Pont Virgiles,Le Préconil,SAINTE-MAXIME,83,43.32174,6.624499,1.1642,0.447,,4
Y545000501,Vallon de Bouillonnet à Sainte-Maxime [Bouillonnet] - Pont chemin du Bouillonnet,Vallon de Bouillonnet,SAINTE-MAXIME,83,43.319824,6.636316,,0.003,,
Y545000601,La Garonnette à Roquebrune-sur-Argens,La Garonnette,ROQUEBRUNE-SUR-ARGENS,83,43.343408,6.676929,,,,
Y545000701,Vallon du Couloubrier à Sainte-Maxime,Vallon du Couloubrier,SAINTE-MAXIME,83,43.330066,6.607459,0.4953,0.165,,
Y550541001,L'Agay [Le Grenouiller] à Saint-Raphaël,L'Agay,SAINT-RAPHAEL,83,43.443214,6.849333,0.5182,0.021,0.0,47
Y551404001,La Siagne à Callian [Ajustadoux],La Siagne,CALLIAN,83,43.664603,6.762055,6.0196,0.85,0.137,65
Y551541001,La Siagnole à Mons [Le Moulin],La Siagnole,MONS,83,43.677234,6.717098,1.5042,0.16,0.02,45
Y551601001,La Siagne [source] à Montauroux - Source des Tuves,La Siagne,MONTAUROUX,83,43.64205,6.79058,0.0524,0.028,0.019,21
Y552000201,Le riou Blanc à Tourrettes [La Camandre à Tourrettes],Riou Blanc,TOURRETTES,83,43.604901,6.714288,,,,
Y552000301,[Camiole] à Callian,,CALLIAN,83,43.620572,6.738009,,,,
V521402501,La Coronne à Valréas,La Coronne,VALREAS,84,44.38762,4.98078,,,,
V521402701,L'Aulière à Richerenches,L'Aulière,RICHERENCHES,84,44.363217,4.892831,,,,
V523401001,Le Lez à Bollène,Le lez,BOLLENE,84,44.282355,4.750682,3.3683,0.684,0.121,15
V523401002,Le Lez à Bollène - Bollene SMBVL,Le lez,BOLLENE,84,44.282097,4.750679,,,,
V535401002,L'Aigue à Orange - Pont de Camaret,L'Aigue,ORANGE,84,44.174808,4.856426,7.6634,1.126,0.0,6
V603501001,Le Toulourenc à Malaucène [Veaux],Le Toulourenc,MALAUCENE,84,44.214974,5.213816,1.2981,0.21,0.099,55
V604201001,L'Ouvèze à Entrechaux [Pont Saint Michel],L'Ouvèze,ENTRECHAUX,84,44.229141,5.136773,4.7794,1.87,0.567,19
V605101001,L'Ouvèze à Roaix,L'Ouvèze,ROAIX,84,44.24297,5.015414,4.6336,0.974,0.222,13
V605201001,L'Ouvèze à Vaison-la-Romaine,L'Ouvèze,VAISON-LA-ROMAINE,84,44.239856,5.069039,9.1894,3.82,2.056,20
V605201201,L'Ouvèze à Violès - SMOP,L'Ouvèze,VIOLES,84,44.168122,4.966492,,,,
V611000401,Le vallon des Paillasses à Saint-Pierre-de-Vassols - SOMV,la grande levadé,SAINT-PIERRE-DE-VASSOLS,84,44.097774,5.138403,0.0936,0.024,0.003,24
V611000501,Le ruisseau de Salette à Beaumes-de-Venise - SOMV,Ruisseau de Salette,BEAUMES-DE-VENISE,84,44.118624,5.027702,,,,
V611000601,Le Brégoux à Caromb - SOMV,Le Brégoux,CAROMB,84,44.103639,5.077835,,,,
V612501001,L'Auzon à Mormoiron,L'Auzon,MORMOIRON,84,44.058671,5.186379,0.1061,0.053,0.042,51
V612501301,L'Auzon à Carpentras - SOMV,L'Auzon,CARPENTRAS,84,44.055658,5.032888,,,,
V613000501,La Nesque à Monieux,La Nesque,MONIEUX,84,44.056487,5.354708,,,,
V614000301,La Nesque à Venasque,La Nesque,VENASQUE,84,44.001204,5.145131,,,,
V615502001,La Sorgue de Velleron [Résurgence] à Fontaine-de-Vaucluse - Moulin,La Sorgue de Velleron,FONTAINE-DE-VAUCLUSE,84,43.921337,5.130509,15.5578,7.422,4.36,22
V615502002,La Sorgue de Velleron [Résurgence] à Fontaine-de-Vaucluse - Sorgomètre,La Sorgue de Velleron,FONTAINE-DE-VAUCLUSE,84,43.917916,5.132688,17.3635,8.438,5.0,58
V615562101,La Sorgue de Velleron à Bédarrides,La Sorgue de Velleron,BEDARRIDES,84,44.038071,4.899617,12.3509,4.711,2.816,6
V620201001,L'Ouvèze à Bédarrides [Village],L'Ouvèze,BEDARRIDES,84,44.039545,4.895777,23.9191,7.796,2.935,30
V620201101,La Seille à Courthézon - SMOP,La Seille,COURTHEZON,84,44.085053,4.884806,,,,
V621501001,Le Rhône à Avignon [Pont Daladier],Le Rhône,AVIGNON,84,43.951549,4.799149,,,,
X311000201,L'Eze à la Tour-d'Aigues - SMAVD,L'Eze,TOUR-D'AIGUES,84,43.724726,5.549979,,,,
X312000101,L'Eze à Pertuis - SMAVD,L'Eze,PERTUIS,84,43.700964,5.511358,,,,
X320000201,Le Marderic à Villelaure - Pont RD37,Le Marderic,VILLELAURE,84,43.723375,5.437727,,,,
X331001001,La Durance à Cavaillon,La Durance,CAVAILLON,84,43.827487,5.032432,,,,
X343401201,Le Coulon à Saint-Martin-de-Castillon [La Bègude] - Pont de la Bégude au Boisset,Le Coulon,SAINT-MARTIN-DE-CASTILLON,84,43.849972,5.518115,0.8534,0.096,,3
X345401001,Le Coulon à Apt,Le Coulon,APT,84,43.877366,5.396466,2.1197,0.612,,4
X348402001,Le Coulon à Oppède [La Garrigue],Le Coulon,OPPEDE,84,43.858037,5.161416,0.5936,0.056,0.0,29
X350001001,La Durance à Caumont-sur-Durance [Bonpas] - Barrage,La Durance,CAUMONT-SUR-DURANCE,84,43.888799,4.923197,108.1254,24.357,12.306,9
X350001002,La Durance à Caumont-sur-Durance [Bonpas] - Pont de Bonpas,La Durance,CAUMONT-SUR-DURANCE,84,43.888785,4.916564,,,,
X350001004,La Durance à Caumont-sur-Durance [Bonpas] - SMAVD,La Durance,CAUMONT-SUR-DURANCE,84,43.888711,4.916704,,,,
M702241010,La Sèvre Nantaise à Saint-Mesmin [La Branle],la Sèvre Nantaise,SAINT-MESMIN,85,46.810942,-0.700056,4.4309,0.539,0.138,31
M703243010,La Sèvre Nantaise à Saint-Laurent-sur-Sèvre,la Sèvre Nantaise,SAINT-LAURENT-SUR-SEVRE,85,46.958936,-0.888085,,,,
M711241010,La Sèvre Nantaise à Tiffauges - Ancienne Station,la Sèvre Nantaise,TIFFAUGES,85,47.018818,-1.114538,9.2918,1.301,0.283,54
M711241020,La Sèvre Nantaise à Tiffauges,la Sèvre Nantaise,TIFFAUGES,85,47.017457,-1.113383,8.9174,0.931,0.229,14
M741301010,La Maine à Saint-Fulgent [Plessis des Landes],la Maine,SAINT-FULGENT,85,46.903572,-1.157151,1.3515,0.084,0.016,35
M743311010,La Petite Maine à Saint-Georges-de-Montaigu [Fromage],la Petite Maine,SAINT-GEORGES-DE-MONTAIGU,85,46.922745,-1.273251,1.7176,0.078,0.005,29
M811261020,La Boulogne à Saint-Philbert-de-Bouaine - Le Petit Roquet,la Boulogne,SAINT-PHILBERT-DE-BOUAINE,85,46.994533,-1.548078,1.9717,0.028,0.004,17
M812401010,L'Issoire à Saint-Philbert-de-Bouaine [La Tribouille],l'Issoire,SAINT-PHILBERT-DE-BOUAINE,85,46.99097,-1.540917,0.6631,0.013,0.002,18
N011301010,Le Falleron à Falleron,,FALLERON,85,46.88758,-1.703513,0.3374,0.013,0.002,50
N020421010,Le Pont Abert à la Coudrie à Challans,le Pont Abert à la Coudrie,CHALLANS,85,46.865323,-1.882539,0.3579,0.011,0.001,29
N100151010,La Vie à la Chapelle-Palluau,la Vie,CHAPELLE-PALLUAU,85,46.776984,-1.618008,1.2133,0.075,0.005,30
N101401010,La Petite Boulogne à la Chapelle-Palluau [La Birochère],la Petite Boulogne,CHAPELLE-PALLUAU,85,46.789276,-1.653431,0.8805,0.044,0.011,24
N120302010,Le Jaunay à la Chapelle-Hermier [Reveillère],le Jaunay,CHAPELLE-HERMIER,85,46.671688,-1.717127,1.3385,0.074,0.014,37
N202401010,La Ciboule à la Chapelle-Achard [La Renelière],la Ciboule,CHAPELLE-ACHARD,85,46.575175,-1.666987,0.9273,0.052,0.0,27
N300161010,Le Lay [Grand] à Saint-Prouant [Monsireigne],le Lay,SAINT-PROUANT,85,46.750196,-0.951655,1.4797,0.222,0.046,52
N302401010,Le Loing à Chantonnay [St-Philbert du Pont Charrault],le Loing,CHANTONNAY,85,46.669473,-0.9717,1.1859,0.121,0.018,53
N311301010,Le Petit Lay à Saint-Hilaire-le-Vouhis,le Petit Lay,SAINT-HILAIRE-LE-VOUHIS,85,46.687029,-1.113289,2.3703,0.192,0.01,40
N322201010,La Smagne à Sainte-Pexine [Les Mottes],la Smagne,SAINTE-PEXINE,85,46.528018,-1.120899,1.6798,0.166,0.039,45
N330161010,Le Lay à Mareuil-sur-Lay-Dissais,le Lay,MAREUIL-SUR-LAY-DISSAIS,85,46.535678,-1.219646,9.6849,0.566,0.013,49
N330412010,Le Marillet à Saint-Florent-des-Bois [La Clopinière],le Marillet,RIVES DE L'YON,85,46.603493,-1.286244,0.471,0.01,0.0,37
N330413010,Le Marillet à Mareuil-sur-Lay-Dissais [Moulin Fleury],le Marillet,MAREUIL-SUR-LAY-DISSAIS,85,46.544461,-1.219874,1.5562,0.111,0.066,20
N340301010,L'Yon à Dompierre-sur-Yon,l'Yon,DOMPIERRE-SUR-YON,85,46.735954,-1.384236,0.4175,0.028,0.001,43
N342301021,L'Yon à Chaillé-sous-les-Ormeaux - Rassouillet,l'Yon,CHAILLE-SOUS-LES-ORMEAUX,85,46.576601,-1.354796,4.8819,0.453,,2
N352000101,Le Lay [Estuaire] à l'Aiguillon-sur-Mer - Le Lay à l'Aiguillon-sur-Mer,le Lay,AIGUILLON-SUR-MER,85,46.334945,-1.316253,,,,
N510171001,L'Autise à Saint-Hilaire-des-Loges,,SAINT-HILAIRE-DES-LOGES,85,46.463457,-0.656921,2.8146,0.166,0.017,54
N602000101,La Sèvre niortaise à Maillé [Bazoin],,MAILLE,85,46.318927,-0.775855,,,,
N710181010,La Vendée à Foussais-Payré [Pont d'Izard],,FOUSSAIS-PAYRE,85,46.500696,-0.669263,1.8547,0.083,0.007,27
N711401010,La Mère à Antigny [Moulin-Texier],la Mère,ANTIGNY,85,46.60039,-0.775513,0.7611,0.073,0.018,28
N712181010,La Vendée à Pissotte [Pont de Crochet],,PISSOTTE,85,46.49576,-0.798496,4.2432,0.148,0.142,32
N712181201,La Longèves à Fontenay-le-Comte - pont du Gué Migné,la Longèves,FONTENAY-LE-COMTE,85,46.462901,-0.840002,0.6279,0.012,0.0,6
L131000101,[La Grande Blourde] à Persac - Pont de Kiel,,PERSAC,86,46.31311,0.706056,2.4902,0.063,0.0,12
L132000401,La Petite Blourde à Persac - Petite Blourde à Persac,la Petite Blourde,PERSAC,86,46.345986,0.718916,1.1892,0.064,,1
L132000402,La Petite Blourde à Persac,la Petite Blourde,PERSAC,86,46.345986,0.718916,0.3171,0.058,,
L140061001,La Vienne à Lussac-les-Châteaux - Pont de Mazerolles,la Vienne,LUSSAC-LES-CHATEAUX,86,46.404624,0.701432,80.4609,25.586,15.187,40
L143000401,La Dive à Valdivienne - Dive à Valdivienne,la Dive,VALDIVIENNE,86,46.486494,0.638456,,,,
L143000402,La Dive à Valdivienne - Dive de Morthemer,la Dive,VALDIVIENNE,86,46.486471,0.638454,0.3184,0.284,,
L144061001,La Vienne à Chauvigny,la Vienne,CHAUVIGNY,86,46.569492,0.641976,82.2092,24.655,16.586,18
L210301001,La Dive [du Sud] à Voulon [Neuil],la Dive,VOULON,86,46.356073,0.232871,2.5687,0.438,0.197,23
L220161002,Le Clain à Voulon [Petit Allier],le Clain,VOULON,86,46.378323,0.251314,7.4444,1.664,0.788,12
L225301001,La Vonne à Cloué [Pont de Cloué],la Vonne,CLOUE,86,46.434905,0.155735,3.176,0.43,0.191,55
L231301001,La Clouère à Château-Larcher [Le Rozeau],la Clouère,CHATEAU-LARCHER,86,46.434316,0.286126,2.3022,0.697,0.335,30
L231301401,La Clouère à Marnay,la Clouère,MARNAY,86,46.389758,0.364329,2.0639,0.499,0.253,10
L232161001,Le Clain à Vivonne [Danlot],le Clain,VIVONNE,86,46.440096,0.285917,14.2178,3.5,1.567,54
L233401001,Le Miosson à Smarves [La Bertandinière],la Miosson,SMARVES,86,46.523407,0.372224,0.3299,0.085,0.037,34
L234161002,Le Clain à Poitiers - Pont-Neuf,le Clain,POITIERS,86,46.577964,0.351309,16.7974,3.888,1.711,14
L240403001,La Boivre à Vouneuil-sous-Biard [La Ribalière],la Boivre,VOUNEUIL-SOUS-BIARD,86,46.579994,0.273531,1.0819,0.254,0.127,33
L240404001,La Boivre à Poitiers [Gare SNCF poste 4],la Boivre,POITIERS,86,46.579706,0.330209,1.2291,0.329,0.196,24
L242401002,La Vendelogne à Ayron [Pont d'Ayron],la Vendelogne,AYRON,86,46.657725,0.076656,0.283,0.012,0.0,9
L244301001,L'Auxance à Quinçay [Rochecourbe],l'Auxance,QUINCAY,86,46.623537,0.256898,1.5837,0.535,0.181,54
L250161001,Le Clain à Dissay,le Clain,DISSAY,86,46.702577,0.422729,21.0643,6.454,2.865,55
L252301001,La Palu à Vendeuvre-du-Poitou [Chincé],la Palu,SAINT MARTIN LA PALLU,86,46.712832,0.34946,0.5651,0.123,0.016,15
L303301001,L'Ozon à Châtellerault [Moulin des Halles],,CHATELLERAULT,86,46.774308,0.581399,0.7414,0.184,0.103,15
L312301001,L'Envigne à Thuré [Pont de Besse],l'Envigne,THURE,86,46.81228,0.49483,0.7246,0.145,0.018,33
L320061001,La Vienne à Châtellerault,la Vienne,CHATELLERAULT,86,46.816427,0.540205,113.1416,39.6,22.652,25
L320062001,La Vienne à Ingrandes,la Vienne,INGRANDES,86,46.877071,0.563578,124.1749,40.992,21.858,57
L540181001,La Gartempe à Lathus-Saint-Rémy [Pont de Massugeon],la Gartempe,LATHUS-SAINT-REMY,86,46.283917,0.933009,17.7812,5.567,2.095,26
L541181001,La Gartempe à Montmorillon,la Gartempe,MONTMORILLON,86,46.423275,0.869247,21.6395,5.65,2.345,62
L541182301,La Gartempe à Saint-Savin,la Gartempe,SAINT-SAVIN,86,46.565142,0.867483,22.3327,5.352,2.072,10
L565000201,L'Asse à Brigueil-le-Chantre,l'Asse,BRIGUEIL-LE-CHANTRE,86,46.393195,1.085831,,,,
L573301001,Le Salleron à Journet [Tervannes],le Salleron,JOURNET,86,46.489889,0.988622,0.9989,0.143,0.069,35
L574192002,L'Anglin à Angles-sur-l'Anglin - Pont d'Angles,l'Anglin,ANGLES-SUR-L'ANGLIN,86,46.693665,0.881692,12.031,2.098,0.879,12
L580181001,La Gartempe à Vicq-sur-Gartempe - Vicq Bourg,la Gartempe,VICQ-SUR-GARTEMPE,86,46.720856,0.863658,32.6548,8.363,3.998,18
L600071001,La Creuse à la Roche-Posay,,ROCHE-POSAY,86,46.787929,0.815052,65.5913,15.642,7.607,19
L602071001,La Creuse à Leugny,la Creuse,LEUGNY,86,46.909535,0.703836,73.683,19.986,9.573,61
L852301001,Le canal de la Dive à Pouançay [La Motte Bourbon],,POUANCAY,86,47.097307,-0.089538,2.5591,0.867,0.298,32
R011001001,La Charente à Saint-Saviol - Pont Bridé,La Charente,SAINT-SAVIOL,86,46.136017,0.241908,6.1978,2.188,1.167,46
R011002001,La Charente à Charroux [Pont de Rochemeaux],La Charente,CHARROUX,86,46.146732,0.378519,4.1634,1.054,0.473,41
L005063001,La Vienne à Eymoutiers,la Vienne,EYMOUTIERS,87,45.740291,1.743025,6.6249,2.465,1.274,30
L009302001,La Combade à Roziers-Saint-Georges,la Combade,ROZIERS-SAINT-GEORGES,87,45.748284,1.566695,3.0323,1.171,0.66,23
L012303001,La Maulde à Peyrat-le-Château,la Maulde,PEYRAT-LE-CHATEAU,87,45.822355,1.768425,2.468,1.04,0.543,35
L014061001,La Vienne à Saint-Priest-Taurion,la Vienne,SAINT-PRIEST-TAURION,87,45.885144,1.404587,23.7183,10.044,4.316,76
L032151001,Le Taurion à Saint-Priest-Taurion [Le Chauvan],le Taurion,SAINT-PRIEST-TAURION,87,45.9046,1.409804,18.2263,5.199,2.92,45
L040061001,La Vienne au Palais-sur-Vienne,la Vienne,PALAIS-SUR-VIENNE,87,45.860225,1.326285,43.7413,17.0,8.137,90
L040061002,La Vienne à Limoges - Pont-Neuf,la Vienne,LIMOGES,87,45.825701,1.269512,44.0967,18.172,11.438,26
L040061101,La Cane au Palais-sur-Vienne - Ruisseau du Palais,la Cane,PALAIS-SUR-VIENNE,87,45.867913,1.323622,,,,
L040061102,La Cane au Palais-sur-Vienne - Ruisseau du Palais,la Cane,PALAIS-SUR-VIENNE,87,45.867913,1.323622,0.8082,0.393,,
L056301001,La Briance à Condat-sur-Vienne [Chambon Veyrinas],la Briance,CONDAT-SUR-VIENNE,87,45.756927,1.240447,7.9073,2.37,1.105,59
L061402001,L'Aurence à Isle,l'Aurence,ISLE,87,45.811134,1.189814,1.259,0.414,0.214,30
L062061001,La Vienne à Aixe-sur-Vienne,la Vienne,AIXE-SUR-VIENNE,87,45.797658,1.14341,52.5161,19.469,13.776,17
L081301001,La Glane à Saint-Junien [Le Dérot],la Glane,SAINT-JUNIEN,87,45.912973,0.915507,3.937,0.853,0.245,58
L091402001,La Gorre à Chaillac-sur-Vienne,la Gorre,CHAILLAC-SUR-VIENNE,87,45.843105,0.887866,1.9492,0.336,0.114,35
L503401001,L'Ardour à Folles [Forgefer] - Forgefer,l'Ardour,FOLLES,87,46.096621,1.495526,1.7695,0.647,0.307,58
L510181001,La Gartempe à Folles [Pont Gibus] - Pont Gibus,la Gartempe,FOLLES,87,46.113845,1.433215,7.9862,2.891,1.207,65
L511401101,La Couze à Saint-Pardoux,la Couze,SAINT-PARDOUX,87,46.063211,1.255567,1.2799,0.33,0.246,9
L513401001,La Semme à Droux,la Semme,DROUX,87,46.150781,1.142102,1.9563,0.44,0.156,57
L522302001,Le Vincou à Bellac [2],le Vincou,BELLAC,87,46.134334,1.021059,3.6082,0.798,0.198,34
L530181001,La Gartempe à Saint-Bonnet-de-Bellac,la Gartempe,SAINT-BONNET-DE-BELLAC,87,46.184006,0.948681,16.8112,5.338,1.859,31
L532301001,La Brame à Oradour-Saint-Genest,la Brame,ORADOUR-SAINT-GENEST,87,46.251704,0.998967,2.3251,0.313,0.062,52
L562301001,La Benaize à Jouac,la Benaize,JOUAC,87,46.355028,1.258652,1.9368,0.285,0.072,46
P600151001,L'Isle à Saint-Yrieix-la-Perche,L'Isle,SAINT-YRIEIX-LA-PERCHE,87,45.570613,1.171057,1.0412,0.332,0.185,17
R000000101,La Charente [FRFR19C] à Videix - Videix,La Charente,VIDEIX,87,45.796218,0.740702,,,,
R103001001,La Tardoire à Maisonnais-sur-Tardoire,La Tardoire,MAISONNAIS-SUR-TARDOIRE,87,45.727137,0.69137,2.0287,0.609,0.258,55
A402061001,La Moselle à Fresse-sur-Moselle,La Moselle,FRESSE-SUR-MOSELLE,88,47.866921,6.796285,3.2196,0.751,0.183,45
A405062001,La Moselle à Rupt-sur-Moselle,La Moselle,RUPT-SUR-MOSELLE,88,47.909445,6.685918,6.7806,1.711,0.454,54
A410000201,La Moselotte à la Bresse - Station de la Moselotte à La Bresse [Pont de Bramont],La Moselotte,BRESSE,88,48.003584,6.929248,,,,
A410000301,Le ruisseau de la Goutte de Machey à la Bresse - Station de la Moselotte à La Bresse [Pont de Bramont],Ruisseau de la Goutte de Machey,BRESSE,88,48.01003,6.956287,,,,
A414020201,La Moselotte à Vagney [Zainvillers],La Moselotte,VAGNEY,88,47.993393,6.715933,7.7967,1.928,0.507,20
A417301001,La Cleurie à Cleurie,Ruisseau de la Cleurie,CLEURIE,88,48.053183,6.690263,2.2251,0.803,0.393,52
A420063001,La Moselle à Saint-Nabord - Noirgueux,La Moselle,SAINT-NABORD,88,48.067078,6.611131,23.9739,7.048,1.935,58
A420063002,La Moselle à Remiremont,La Moselle,REMIREMONT,88,48.019772,6.597121,39.111,16.336,,
A430000601,Le ruisseau du Pheny à Gérardmer - Le Pheny à Gérardmer [aval],Ruisseau du Pheny,GERARDMER,88,48.064059,6.851949,,,,
A433301001,Le Neune à Laveline-devant-Bruyères,Ruisseau le Neune,LAVELINE-DEVANT-BRUYERES,88,48.185384,6.751787,1.9906,0.818,0.274,38
A436203001,La Vologne à Cheniménil,La Vologne,CHENIMENIL,88,48.132892,6.603385,9.2899,3.205,1.487,36
A443064001,La Moselle à Épinal,La Moselle,EPINAL,88,48.165666,6.452981,37.737,13.006,5.229,65
A455000201,La Moselle à Châtel-sur-Moselle,La Moselle,CHATEL-SUR-MOSELLE,88,48.312435,6.391243,38.6581,10.768,4.496,11
A463201001,L'Avière à Frizon,L'Aviere,FRIZON,88,48.29252,6.3671,1.2122,0.404,0.259,53
A523011001,Le Madon à Begnécourt [Moulin d'Heucheloup],Le Madon,BEGNECOURT,88,48.213999,6.149772,2.1121,0.398,0.176,15
A524201001,La Gitte à Velotte-et-Tatignécourt,Ruisseau la Gitte,VELOTTE-ET-TATIGNECOURT,88,48.259608,6.174695,1.3984,0.33,0.19,43
A526102001,Le Madon à Mirecourt - Crues,Le Madon,MIRECOURT,88,48.303258,6.136365,4.2734,1.069,0.523,26
A600101001,La Meurthe à Fraize,La Meurthe,FRAIZE,88,48.18473,7.002529,2.0245,0.915,0.467,53
A600101101,La Meurthe à Plainfaing - La Meurthe à Plainfaing,La Meurthe,PLAINFAING,88,48.115312,7.039077,,,,
A605102001,La Meurthe à Saint-Dié-des-Vosges,La Meurthe,SAINT-DIE-DES-VOSGES,88,48.284422,6.956897,7.2303,2.564,1.193,33
A615103001,La Meurthe à Raon-l'Étape,La Meurthe,RAON-L'ETAPE,88,48.402032,6.845062,14.0845,5.537,3.047,50
A623201001,La Plaine à Raon-l'Étape [La Trouche],La Plaine,RAON-L'ETAPE,88,48.41632,6.877879,2.0919,0.959,0.686,54
A662121201,La Mortagne à Autrey - Gare,La Mortagne,AUTREY,88,48.295897,6.686053,1.2308,0.544,0.333,15
A664031001,L'Arentèle à Sainte-Hélène - Pont Rouge,Ruisseau l'Arentele,SAINTE-HELENE,88,48.308642,6.641837,0.51,0.141,0.056,13
A664031003,L'Arentèle à Saint-Gorgon - Aval,Ruisseau l'Arentele,SAINT-GORGON,88,48.325251,6.64718,0.5491,0.211,,1
A670121001,La Mortagne à Roville-aux-Chênes,La Mortagne,ROVILLE-AUX-CHENES,88,48.368763,6.613858,3.4924,1.322,0.77,32
B109201001,Le Mouzon à Circourt-sur-Mouzon [Villars],Le Mouzon,CIRCOURT-SUR-MOUZON,88,48.317446,5.710075,4.4793,0.293,0.091,57
B110000001,La Meuse à Neufchâteau,La Meuse,NEUFCHATEAU,88,48.35862,5.68333,10.3573,0.731,0.185,30
B115001001,La Meuse à Domrémy-la-Pucelle,La Meuse,DOMREMY-LA-PUCELLE,88,48.439999,5.676029,12.9395,1.731,0.532,47
B122201001,Le Vair à Belmont-sur-Vair,Le Vair,BELMONT-SUR-VAIR,88,48.253939,5.902063,1.6979,0.447,0.258,23
B128201001,Le Vair à Soulosse-sous-Saint-Élophe,Le Vair,SOULOSSE-SOUS-SAINT-ELOPHE,88,48.402743,5.733156,4.9321,0.749,0.372,51
B130001001,La Meuse à Maxey-sur-Meuse,La Meuse,MAXEY-SUR-MEUSE,88,48.45242,5.693563,20.3695,3.01,1.751,26
U002001001,La Saône à Monthureux-sur-Saône,La Saône,MONTHUREUX-SUR-SAONE,88,48.038005,5.978725,2.9925,0.678,0.383,38
U010401001,Le Coney à Xertigny [Forges d'Uzemain],Le Coney,XERTIGNY,88,48.081511,6.301363,1.2909,0.705,0.503,48
U012401001,Le Coney à Fontenoy-le-Château,Le Coney,FONTENOY-LE-CHATEAU,88,47.972609,6.195833,5.3396,1.947,1.204,38
U045501001,La Combeauté au Val-d'Ajol,La Combeauté,VAL-D'AJOL,88,47.922951,6.479161,2.1603,0.7,0.242,33
F351000104,L'Yonne à Joigny - Station débitmétrique,L'Yonne,JOIGNY,89,47.978554,3.399453,86.299,27.429,16.356,15
F351000105,L'Yonne à Joigny - Pont,L'Yonne,JOIGNY,89,47.982021,3.393528,,,,
F352000101,Le Tholon à Senan,Le Tholon,SENAN,89,47.924801,3.363111,0.5501,0.228,0.142,14
F357000101,La Vanne à Pont-sur-Vanne,La Vanne,PONT-SUR-VANNE,89,48.184378,3.441135,5.3137,3.629,2.543,51
F358000101,L'Yonne à Sens,L'Yonne,SENS,89,48.197576,3.275769,,,,
F358000402,L'Yonne à Pont-sur-Yonne - Station débitmétrique,L'Yonne,PONT-SUR-YONNE,89,48.286965,3.206874,93.1334,34.217,20.819,18
F359000103,[Yonne] à Courlon-sur-Yonne,,COURLON-SUR-YONNE,89,48.330976,3.156597,,,,
F410000101,Le Loing à Saint-Martin-des-Champs - Le Moulin de la Prairie,Le Loing,SAINT-MARTIN-DES-CHAMPS,89,47.674155,3.021301,0.7459,0.313,0.173,19
F413000101,L'Ouanne à Toucy,L'Ouanne,TOUCY,89,47.732811,3.292401,0.9949,0.153,0.055,56
F415000101,L'Ouanne à Charny,L'Ouanne,CHARNY OREE DE PUISAYE,89,47.885567,3.091289,3.6481,1.06,0.541,54
H208102001,L'Yonne à Prégilbert,L'Yonne,PREGILBERT,89,47.642778,3.663627,,,,
H214203002,La Cure à Foissy-lès-Vézelay,La Cure,FOISSY-LES-VEZELAY,89,47.444184,3.779441,9.5245,3.292,2.195,28
H216301001,La Romanée à Bussières,La Romanee,BUSSIERES,89,47.432013,4.068583,1.0708,0.106,0.003,28
H217232001,Le Cousin à Avallon,Le Cousin,AVALLON,89,47.482527,3.894376,4.0362,0.684,0.215,31
H218201001,La Cure à Arcy-sur-Cure,La Cure,ARCY-SUR-CURE,89,47.602642,3.756719,16.4124,5.5,2.924,60
H220101001,L'Yonne à Auxerre,L'Yonne,AUXERRE,89,47.795392,3.577946,,,,
H222101001,L'Yonne à Gurgy,L'Yonne,GURGY,89,47.879508,3.544091,41.1602,17.684,11.112,71
H233202001,Le Serein à Dissangis,Le Serein,DISSANGIS,89,47.605676,3.984727,4.6869,0.443,0.019,30
H234202002,Le Serein à Chablis - Pont de la déviation,Le Serein,CHABLIS,89,47.823069,3.786571,8.4422,1.028,0.117,24
H234203001,Le Serein à Beaumont,Le Serein,BEAUMONT,89,47.923421,3.556993,10.7827,1.962,0.616,28
H234204001,Le Serein à Chablis [Crue],Le Serein,CHABLIS,89,47.815393,3.802319,,,,
H245202001,L'Armançon à Aisy-sur-Armançon - aval,L'Armancon,AISY-SUR-ARMANCON,89,47.667949,4.232507,12.534,2.142,0.663,35
H246202001,L'Armançon à Tronchoy,L'Armancon,TRONCHOY,89,47.913537,3.938922,20.0457,4.108,1.588,33
H246371001,[La fosse Dionne] à Tonnerre,,TONNERRE,89,47.857116,3.971355,0.3304,0.071,0.023,31
H248201001,L'Armançon à Brienon-sur-Armançon,L'Armançon,BRIENON-SUR-ARMANCON,89,47.985736,3.613182,28.8505,6.392,2.93,53
H248201002,L'Armançon à Brienon-sur-Armançon - Brienon-sur-Armançon [aval],L'Armançon,BRIENON-SUR-ARMANCON,89,47.986064,3.6102,26.7781,6.789,,4
U230521002,La Bourbeuse [Le Saint-Nicolas] à Rougemont-le-Château,La Bourbeuse,ROUGEMONT-LE-CHATEAU,90,47.738608,6.949967,0.291,0.022,0.006,8
U230524001,La Bourbeuse [Le Saint-Nicolas] à Foussemagne,La Bourbeuse,FOUSSEMAGNE,90,47.636088,6.999002,1.2654,0.103,0.011,17
U232421001,La Bourbeuse à Froidefontaine,La Bourbeuse,FROIDEFONTAINE,90,47.566304,6.943461,5.2571,0.782,0.219,27
U233402001,L'Allan à Joncherey,L'Allan,JONCHEREY,90,47.526286,6.997992,4.1955,1.244,0.656,28
U234502001,La Savoureuse à Giromagny,La Savoureuse,GIROMAGNY,90,47.741292,6.827374,1.5053,0.295,0.061,51
U234503001,La Savoureuse à Belfort,La Savoureuse,BELFORT,90,47.640689,6.859141,4.2815,0.785,0.189,60
U234542001,Le Rhôme à Lachapelle-sous-Chaux,Le Rhôme,LACHAPELLE-SOUS-CHAUX,90,47.705122,6.816337,0.6533,0.096,0.008,19
U234583001,La Rosemontoise à Rougegoutte,La Rosemontoise,ROUGEGOUTTE,90,47.72873,6.845503,0.768,0.13,0.019,18
F448000601,L'Ecole à Dannemois,L'Ecole,DANNEMOIS,91,48.455683,2.484444,0.7841,0.623,,2
F449000501,La Seine au Coudray-Montceaux - Barrage (amont) [VNF],La Seine,COUDRAY-MONTCEAUX,91,48.572372,2.483581,,,,
F449000502,La Seine au Coudray-Montceaux - Barrage (aval) [VNF],La Seine,COUDRAY-MONTCEAUX,91,48.574551,2.482014,,,,
F449000503,La Seine au Coudray-Montceaux - Dernier bassin Passe à Poisson,La Seine,COUDRAY-MONTCEAUX,91,48.573209,2.481133,,,,
F449000601,La Seine à Corbeil-Essonnes,La Seine,CORBEIL-ESSONNES,91,48.613738,2.484842,,,,
F453000101,L'Essonne à Guigneville-sur-Essonne - La Mothe,L'Essonne,GUIGNEVILLE-SUR-ESSONNE,91,48.464362,2.347597,3.8227,2.75,1.958,51
F456042001,La Juine à Saclas,La Juine,SACLAS,91,48.361872,2.125812,1.1474,1.005,0.864,11
F456042002,La Juine à Saclas - Projet,La Juine,SACLAS,91,48.361769,2.125247,,,,
F459000101,L'Essonne à Ballancourt-sur-Essonne - Secours CT,L'Essonne,BALLANCOURT-SUR-ESSONNE,91,48.537948,2.373666,8.3423,6.526,4.88,61
F459000102,L'Essonne à Ballancourt-sur-Essonne - Station débitmétrique,L'Essonne,BALLANCOURT-SUR-ESSONNE,91,48.537948,2.373666,8.2778,6.995,5.35,11
F460000301,La Seine à Évry - Barrage (amont) [VNF],La Seine,EVRY,91,48.640621,2.445826,,,,
F460000302,La Seine à Évry - Barrage (aval) [VNF],La Seine,EVRY,91,48.642669,2.443334,,,,
F461000102,L'Orge à Saint-Chéron - Saint-Évroult,L'Orge,SAINT-CHERON,91,48.544972,2.1144,0.3014,0.202,0.156,42
F461000401,L'Orge à Roinville - SYORP,L'Orge,ROINVILLE,91,48.529861,2.046199,0.7297,0.141,0.176,5
F461000501,La Renarde à Breux-Jouy - SYORP,La Renarde,BREUX-JOUY,91,48.564113,2.180584,0.1853,0.148,0.104,7
F461000601,L'Orge à Dourdan - Amont Pont Guenée,L'Orge,DOURDAN,91,48.528232,2.027024,,,,
F461000602,L'Orge à Dourdan - Aval Pont de Guenée,L'Orge,DOURDAN,91,48.528232,2.027024,,,,
F462000101,La Rémarde à Saint-Cyr-sous-Dourdan,La Rémarde,SAINT-CYR-SOUS-DOURDAN,91,48.569185,2.032986,0.6388,0.35,0.219,57
F462000401,Le ruisseau de Predecelle à Saint-Maurice-Montcouronne - Le Marais - SYORP,Ruisseau de Predecelle,SAINT-MAURICE-MONTCOURONNE,91,48.575946,2.106081,0.1912,0.078,0.061,5
F463000101,La Rémarde à Breuillet - La Boissière - SYORP,La Rémarde,BREUILLET,91,48.577401,2.153818,0.8767,0.492,,4
F464000102,L'Orge à Saint-Germain-lès-Arpajon - SYORP,L'Orge,SAINT-GERMAIN-LES-ARPAJON,91,48.595174,2.260359,1.5304,0.746,0.27,9
F464000203,L'Orge à Épinay-sur-Orge - SYORP,L'Orge,EPINAY-SUR-ORGE,91,48.665814,2.318862,3.3302,1.642,,1
F466000101,L'Yvette à Villebon-sur-Yvette,L'Yvette,VILLEBON-SUR-YVETTE,91,48.701171,2.23396,1.3423,0.718,0.553,51
F467000101,L'Orge à Morsang-sur-Orge,L'Orge,MORSANG-SUR-ORGE,91,48.66789,2.34241,3.96,2.074,1.465,40
F467000103,L'Orge à Morsang-sur-Orge - Pont,L'Orge,MORSANG-SUR-ORGE,91,48.667531,2.339037,5.2874,2.243,,2
F483000202,L'Yerres à Boussy-Saint-Antoine - Station débitmétrique,L'Yerres,BOUSSY-SAINT-ANTOINE,91,48.686881,2.527185,3.1598,0.616,0.309,19
F483000401,L'Yerres à Brunoy - SR6 - Brunoy - Barrage amont [SYAGE],L'Yerres,BRUNOY,91,48.696397,2.502519,,,,
F483000402,L'Yerres à Brunoy - SR6 - Brunoy - Barrage aval [SYAGE],L'Yerres,BRUNOY,91,48.696397,2.502519,,,,
F483000501,L'Yerres à Brunoy - SR7 - Vannes rouges - Barrage amont [SYAGE],L'Yerres,BRUNOY,91,48.696641,2.511635,,,,
F483000502,L'Yerres à Brunoy - SR3 - Vannes rouges - Barrage aval [SYAGE],L'Yerres,BRUNOY,91,48.696641,2.511635,,,,
F483000601,L'Yerres à Boussy-Saint-Antoine - SR8 - Rochopt - Barrage amont [SYAGE],L'Yerres,BOUSSY-SAINT-ANTOINE,91,48.696466,2.53168,,,,
F483000602,L'Yerres à Boussy-Saint-Antoine - SR8 - Rochopt - Barrage aval [SYAGE],L'Yerres,BOUSSY-SAINT-ANTOINE,91,48.696466,2.53168,,,,
F486000501,Le Reveillon à Brunoy - SR25 [SYAGE],Le Reveillon,BRUNOY,91,48.709326,2.501342,,,,
F486000701,Le Reveillon à Yerres - SR16 Abbaye [SYAGE],Le Reveillon,YERRES,91,48.707766,2.49814,,,,
F487000102,L'Yerres à Yerres - Pont de Soweto- SR62 [SYAGE],L'Yerres,YERRES,91,48.715255,2.47873,,,,
F487000501,L'Yerres à Crosne - Yerres aval - DRIEAT,L'Yerres,CROSNE,91,48.719955,2.448003,,,,
F487000502,L'Yerres à Crosne - SR1 -VSG - Barrage amont [SYAGE],L'Yerres,CROSNE,91,48.719804,2.44804,,,,
F487000503,L'Yerres à Crosne - SR1 -VSG - Barrage aval [SYAGE],L'Yerres,CROSNE,91,48.719941,2.448003,,,,
F487000601,L'Yerres à Crosne - SR2 - Suzanne- Barrage amont [SYAGE],L'Yerres,CROSNE,91,48.711394,2.460104,,,,
F487000602,L'Yerres à Crosne - SR2 - Suzanne- Barrage aval [SYAGE],L'Yerres,CROSNE,91,48.711314,2.46019,,,,
F487000701,L'Yerres à Montgeron - SR3 - Chalandray - Barrage amont [SYAGE],L'Yerres,MONTGERON,91,48.711943,2.46899,,,,
F487000702,L'Yerres à Montgeron - SR3 - Chalandray - Barrage aval [SYAGE],L'Yerres,MONTGERON,91,48.711874,2.468668,,,,
F487000801,L'Yerres à Yerres - SR4 - Céravennes - Barrage amont [SYAGE],L'Yerres,YERRES,91,48.711687,2.494816,,,,
F487000802,L'Yerres à Yerres - SR4 - Céravennes - Barrage aval [SYAGE],L'Yerres,YERRES,91,48.712033,2.494633,,,,
F487001001,L'Yerres à Yerres - SR5 - Abbaye - Barrage amont [SYAGE],L'Yerres,YERRES,91,48.707885,2.497053,,,,
F487001002,L'Yerres à Yerres - SR5 - Abbaye - Barrage aval [SYAGE],L'Yerres,YERRES,91,48.707885,2.497053,,,,
F704000101,La Seine à Suresnes - Barrage (amont),La Seine,SURESNES,92,48.870179,2.232197,,,,
F704000102,La Seine à Suresnes - Barrage (aval) [VNF],La Seine,SURESNES,92,48.871648,2.234057,,,,
F704000103,La Seine à Suresnes - Suresnes Amont [VNF],La Seine,SURESNES,92,48.870431,2.232207,,,,
F664000104,La Marne à Gournay-sur-Marne - Pont,La Marne,GOURNAY-SUR-MARNE,93,48.86507,2.575131,110.6591,49.09,30.578,29
F468000101,La Seine à Ablon-sur-Seine - Barrage (amont) [VNF],La Seine,ABLON-SUR-SEINE,94,48.717502,2.416139,,,,
F468000102,La Seine à Ablon-sur-Seine - Barrage (aval) [VNF],La Seine,ABLON-SUR-SEINE,94,48.719235,2.419301,,,,
F486000401,Le Reveillon à Villecresnes - SR13 [SYAGE],Le Reveillon,VILLECRESNES,94,48.7195,2.542126,,,,
F486000601,Le fossé 02 de la Commune de Santeny à Santeny - SR24 [SYAGE],Fossé 02 de la Commune de Santeny,SANTENY,94,48.732551,2.582322,,,,
F487000901,L'Yerres à Villeneuve-Saint-Georges - SR10_PY [SYAGE],L'Yerres,VILLENEUVE-SAINT-GEORGES,94,48.725112,2.445549,,,,
F490000104,La Seine à Alfortville - Station débitmétrique [>1997],La Seine,ALFORTVILLE,94,48.780238,2.418295,226.8427,103.464,70.344,27
F490000105,La Seine à Alfortville - Barrage de Port à l'Anglais (amont) [VNF],La Seine,ALFORTVILLE,94,48.798187,2.419361,,,,
F490000106,La Seine à Alfortville - Barrage de Port à l'Anglais (aval) [VNF],La Seine,ALFORTVILLE,94,48.79976,2.417356,,,,
F664000301,La Marne à Joinville-le-Pont - Barrage (amont) [VNF],La Marne,JOINVILLE-LE-PONT,94,48.815215,2.476478,,,,
F664000401,La Marne à Créteil - Barrage (amont) [VNF],La Marne,CRETEIL,94,48.796877,2.470549,,,,
F664000402,La Marne à Créteil - Barrage (aval) [VNF],La Marne,CRETEIL,94,48.799057,2.469978,,,,
F664000404,La Marne à Créteil - Passerelle - Station débitmétrique,La Marne,CRETEIL,94,48.805235,2.466897,104.4631,40.68,25.409,14
F664000501,La Marne à Saint-Maur-des-Fossés - Écluse (amont) [VNF],La Marne,SAINT-MAUR-DES-FOSSES,94,48.81278,2.458688,,,,
F664000601,La Marne à Saint-Maurice - Barrage (amont) [VNF],La Marne,SAINT-MAURICE,94,48.816659,2.426524,,,,
F664000602,La Marne à Saint-Maurice - Barrage (aval) [VNF],La Marne,SAINT-MAURICE,94,48.816896,2.422648,,,,
F664000603,La Marne à Saint-Maurice - Dernier bassin Passe à Poisson,La Marne,SAINT-MAURICE,94,48.815868,2.424235,,,,
H224000501,L'Ysieux à Luzarches - Bertinval,L'Ysieux,LUZARCHES,95,49.132872,2.415803,0.1978,0.111,0.075,20
H225000301,L'Oise à Persan,L'Oise,PERSAN,95,49.145811,2.285146,,,,
H226000101,L'Oise à l'Isle-Adam - Barrage (amont),L'Oise,ISLE-ADAM,95,49.120748,2.213238,,,,
H226000102,L'Oise à l'Isle-Adam - Barrage (aval) [VNF],L'Oise,ISLE-ADAM,95,49.11725,2.213168,,,,
H226000103,L'Oise à l'Isle-Adam - Isle-Adam Amont [VNF],L'Oise,ISLE-ADAM,95,49.120999,2.21366,,,,
H226000201,Le Sausseron à Nesles-la-Vallée,Le Sausseron,NESLES-LA-VALLEE,95,49.126085,2.171138,0.5259,0.406,0.286,56
H227000102,L'Oise à Pontoise - Barrage (aval),L'Oise,PONTOISE,95,49.034117,2.095935,,,,
H227000301,Le ru de Liesse à Saint-Ouen-l'Aumône - Débit de liesse,,SAINT-OUEN-L'AUMONE,95,49.034677,2.133284,,,,
H228000301,La Viosne à Pontoise - Bassin des Patis,,PONTOISE,95,49.053337,2.081542,,,,
H228000402,La Viosne à Ableiges,La Viosne,ABLEIGES,95,49.088251,1.985537,,,,
H317061010,L'Aubette à Ambleville,L'Aubette,AMBLEVILLE,95,49.150902,1.689565,0.4556,0.368,0.301,51
Y791000201,Le Porto à Ota,Rivière de Porto,OTA,2A,42.255711,8.76293,2.824,0.285,0.109,29
Y812000101,Le Liamone à Arbori [Pont de Truggia] - Pont de Truggia,Fleuve u Liamone,ARBORI,2A,42.116414,8.818556,9.0418,1.264,0.42,40
Y830000101,La Gravona à Peri,La Gravona,PERI,2A,42.000532,8.879484,4.8678,0.668,0.187,27
Y830000102,La Gravona à Peri - Seuil Napoléon,La Gravona,PERI,2A,41.997426,8.878146,,,,
Y832000301,La Gravona à Ajaccio - RT40,La Gravona,AJACCIO,2A,41.923968,8.811922,,,,
Y841000101,Le Prunelli à Tolla - EDF,Le Prunelli,TOLLA,2A,41.964028,8.964114,0.7236,0.253,0.253,6
Y842000201,Le Prunelli à Cauro - Pont de l'Auberge,Le Prunelli,CAURO,2A,41.912544,8.835785,,,,
Y862000101,Le Taravo à Zigliara [Pont d'Abra],Le Taravo,ZIGLIARA,2A,41.810341,8.959418,7.3282,1.895,0.905,49
Y870000201,Le Baraci à Fozzano - Pont D257,Rivière Baraci,FOZZANO,2A,41.696253,8.953052,0.1638,0.063,,
Y881000101,Le Rizzanese à Zoza - Pont de Zoza,Rivière u Rizzanese,ZOZA,2A,41.725826,9.076033,1.3429,0.415,0.04,13
Y882000201,U Fiumicicoli à Sainte-Lucie-de-Tallano,Rivière u Fiumicicoli,SAINTE-LUCIE-DE-TALLANO,2A,41.661051,9.045735,1.0568,0.189,0.062,6
Y883000101,Le Rizzanese à Propriano - Pont de Rena Bianca,Rivière u Rizzanese,PROPRIANO,2A,41.657421,8.917569,,,,
Y890000201,L'Ortolo à Levie [Vignallela] - Vignalella,L'Ortolo,LEVIE,2A,41.625953,9.082985,0.3768,0.043,0.011,29
Y960000102,La Solenzara à Sari-Solenzara [Canniciu] - Canniciu,La Solenzara,SARI-SOLENZARA,2A,41.863776,9.370376,2.5004,0.271,0.12,35
Y960000301,La Solenzara à Sari-Solenzara - Station de pompage OEHC,La Solenzara,SARI-SOLENZARA,2A,41.84925,9.351834,0.4151,0.187,,
Y970000103,U Cavu à Conca - Pont de Purcilella,Rivière u Cavu,CONCA,2A,41.706231,9.333949,1.2673,0.142,,1
Y970000201,U Cavu à Zonza - Parc aventures,Rivière u Cavu,ZONZA,2A,41.720263,9.301805,,,,
Y980000202,Le ruisseau d'Orgone à Sotta - Pont RD 59,Ruisseau d'Orgone,SOTTA,2A,41.556513,9.172844,,,,
Y980000302,Le Bala à Porto-Vecchio - Pont de Bala,Rivière de Bala,PORTO-VECCHIO,2A,41.596406,9.237163,0.7045,0.038,0.011,5
Y700000201,Le Golo à Albertacce,Le Golo,ALBERTACCE,2B,42.319596,8.976149,3.1685,0.446,0.135,46
Y702000101,La Casaluna à Gavignano,La Casaluna,GAVIGNANO,2B,42.434396,9.223052,0.9232,0.191,0.104,11
Y702000201,Le Golo à Omessa - Francardo2,Le Golo,OMESSA,2B,42.400551,9.19413,8.2667,1.567,0.529,12
Y702000401,Le Golo à Morosaglia - Ponte Leccia - RT 20,Le Golo,MOROSAGLIA,2B,42.462821,9.20722,9.1846,2.013,,4
Y711000201,L'Asco à Morosaglia - Ponte-Leccia,L'Asco,MOROSAGLIA,2B,42.475414,9.204504,4.7936,0.464,0.043,25
Y711000401,La Tartagine à Castifao [Hameau de Piana] - Pont D 547,Rivière de Tartagine,CASTIFAO,2B,42.516903,9.122344,1.3508,0.056,0.002,6
Y721000101,Le Golo à Volpajola - Barchetta,Le Golo,VOLPAJOLA,2B,42.50665,9.372318,15.0064,3.077,1.683,54
Y731000301,Le Bevinco à Olmeta-di-Tuda - Lancone,Le Bevinco,OLMETA-DI-TUDA,2B,42.603211,9.379984,0.6605,0.106,0.045,55
Y731000401,Le Bevinco à Biguglia,Le Bevinco,BIGUGLIA,2B,42.612057,9.437505,1.0378,0.107,,1
Y740000201,[Source] à Brando - Source des Glacières,,BRANDO,2B,42.767932,9.468862,,,,
Y741000102,Le Luri à Luri [Piazza] - Piazza,Ruisseau de Luri,LURI,2B,42.897924,9.416227,0.1705,0.02,0.006,28
Y750000202,L'Aliso à San-Gavino-di-Tenda [Prise de Padula],L'Aliso,SAN-GAVINO-DI-TENDA,2B,42.609702,9.294553,0.2279,0.028,0.005,17
Y761000401,Le fiume di Regino à Feliceto [Ancien moulin] - Ancien moulin,Fiume di Regino,FELICETO,2B,42.558866,8.932438,0.1561,0.02,0.004,7
Y761000501,Le Piano à Sant'Antonino - Pont OAD13,Ruisseau de Piano,SANT'ANTONINO,2B,42.576806,8.920115,0.0471,0.031,,1
Y771000301,La Figarella à Calenzana [Prise Eau Brute OEHC],La Figarella,CALENZANA,2B,42.447455,8.837114,0.7083,0.062,,1
Y771000401,La Figarella à Calenzana - Pont RD51,La Figarella,CALENZANA,2B,42.487244,8.805168,,,,
Y781000101,Le Fango à Galéria,Le Fango,GALERIA,2B,42.393649,8.716901,2.242,0.25,0.042,47
Y900000101,La Restonica à Corte,La Restonica,CORTE,2B,42.263304,9.087693,1.8936,0.386,0.125,15
Y900000201,Le Tavignano à Corte [Ponte Vecchiu],Le Tavignano,CORTE,2B,42.302983,9.150099,1.1609,0.148,0.067,7
Y901000401,Le Tavignano à Corte [Piscine],Le Tavignano,CORTE,2B,42.304137,9.15509,4.4685,0.984,,2
Y901000501,Le Tavignano à Corte - Pont de la Gare,Le Tavignano,CORTE,2B,42.305455,9.15775,,,,
Y901000601,Le ruisseau d'Orta à Corte - Source du Minesteghju,Ruisseau d'Orta,CORTE,2B,42.318569,9.150584,,,,
Y902000101,Le Vecchio à Venaco - Pont de Noceta,Le Vecchio,VENACO,2B,42.224123,9.20537,4.9046,0.868,0.258,57
Y910000102,Le Tavignano à Altiani - Pont RT50,Le Tavignano,ALTIANI,2B,42.22162,9.266494,,,,
Y910000201,Le Tavignano à Piedicorte-di-Gaggio - Pont Laricio,Le Tavignano,PIEDICORTE-DI-GAGGIO,2B,42.211215,9.324781,,,,
Y911000101,Le Tagnone à Aghione,Le Tagnone,AGHIONE,2B,42.110409,9.415842,0.5239,0.047,0.015,7
Y911000201,Le Tavignano à Antisanti - Pont du Faïo,Le Tavignano,ANTISANTI,2B,42.182144,9.386942,9.6431,1.745,0.49,29
Y920000101,L'Alesani à Pietra-di-Verde,Rivière d'Alesani,PIETRA-DI-VERDE,2B,42.304982,9.460842,0.8646,0.14,0.061,14
Y921000203,La Bravona à Tallone [Site barrage] - site barrage,Rivière de Bravona,TALLONE,2B,42.229485,9.437795,0.8239,0.166,0.086,23
Y931000101,Le Fium Alto à Taglio-Isolaccio - Pont d'Acitaja,Le Fium Alto,TAGLIO-ISOLACCIO,2B,42.445102,9.471182,1.3722,0.299,0.142,53
Y941000102,L'U Fium'Orbu à Ghisoni [Sampolo] - Sampolo,u Fium'Orbu,GHISONI,2B,42.103244,9.260356,3.7169,0.655,0.295,29
Y951000101,Le Travo à Solaro - Pont RD545,Le Travo,SOLARO,2B,41.914687,9.383212,5.5793,0.681,,1
